Lb,d,bf,tw,tf,bf/2tf,h/tw,Zx*10^3,Iy*10^6,ry,J*10^3,Cw*10^9,E*10^3,Fy,G*10^3,Mp,Mcr,Lb/ry,h/tw,B/2t,h/B,tf/tw,E/Fy,Mp/Mcr
3500,1140,409,31.0,55.1,3.71,35.0,32800,633,90.4,55800,186000,200,960,76.92,31488,77444.19,38.72,35.0,3.71,2.65,1.78,208.33,0.4065895452
8000,1140,409,31.0,55.1,3.71,35.0,32800,633,90.4,55800,186000,200,960,76.92,31488,18330.69,88.50,35.0,3.71,2.65,1.78,208.33,1.717775088
12000,1140,409,31.0,55.1,3.71,35.0,32800,633,90.4,55800,186000,200,960,76.92,31488,10093.65,132.74,35.0,3.71,2.65,1.78,208.33,3.119584725
16000,1140,409,31.0,55.1,3.71,35.0,32800,633,90.4,55800,186000,200,960,76.92,31488,6925.69,176.99,35.0,3.71,2.65,1.78,208.33,4.546547371
18000,1140,409,31.0,55.1,3.71,35.0,32800,633,90.4,55800,186000,200,960,76.92,31488,5992.20,199.12,35.0,3.71,2.65,1.78,208.33,5.254834828
20000,1140,409,31.0,55.1,3.71,35.0,32800,633,90.4,55800,186000,200,960,76.92,31488,5284.89,221.24,35.0,3.71,2.65,1.78,208.33,5.958122875
3500,1130,406,27.9,50.0,4.06,38.7,29500,562,89.9,41600,163000,200,960,76.92,28320,67669.53,38.93,38.7,4.06,2.66,1.79,208.33,0.4185044779
8000,1130,406,27.9,50.0,4.06,38.7,29500,562,89.9,41600,163000,200,960,76.92,28320,15643.91,88.99,38.7,4.06,2.66,1.79,208.33,1.810288631
12000,1130,406,27.9,50.0,4.06,38.7,29500,562,89.9,41600,163000,200,960,76.92,28320,8476.16,133.48,38.7,4.06,2.66,1.79,208.33,3.341136239
16000,1130,406,27.9,50.0,4.06,38.7,29500,562,89.9,41600,163000,200,960,76.92,28320,5757.03,177.98,38.7,4.06,2.66,1.79,208.33,4.91919969
18000,1130,406,27.9,50.0,4.06,38.7,29500,562,89.9,41600,163000,200,960,76.92,28320,4963.62,200.22,38.7,4.06,2.66,1.79,208.33,5.70551707
20000,1130,406,27.9,50.0,4.06,38.7,29500,562,89.9,41600,163000,200,960,76.92,28320,4365.59,222.47,38.7,4.06,2.66,1.79,208.33,6.487097898
3600,1120,404,26.2,44.9,4.50,41.0,26500,499,88.6,31100,144000,200,960,76.92,25440,56326.16,40.63,41.0,4.50,2.66,1.71,208.33,0.4516551206
8000,1120,404,26.2,44.9,4.50,41.0,26500,499,88.6,31100,144000,200,960,76.92,25440,13434.57,90.29,41.0,4.50,2.66,1.71,208.33,1.893621864
12000,1120,404,26.2,44.9,4.50,41.0,26500,499,88.6,31100,144000,200,960,76.92,25440,7159.12,135.44,41.0,4.50,2.66,1.71,208.33,3.553507249
16000,1120,404,26.2,44.9,4.50,41.0,26500,499,88.6,31100,144000,200,960,76.92,25440,4809.12,180.59,41.0,4.50,2.66,1.71,208.33,5.289951302
18000,1120,404,26.2,44.9,4.50,41.0,26500,499,88.6,31100,144000,200,960,76.92,25440,4130.12,203.16,41.0,4.50,2.66,1.71,208.33,6.159623729
20000,1120,404,26.2,44.9,4.50,41.0,26500,499,88.6,31100,144000,200,960,76.92,25440,3621.12,225.73,41.0,4.50,2.66,1.71,208.33,7.025450554
3500,1110,401,22.0,39.9,5.02,48.6,23100,433,88.6,21200,124000,200,960,76.92,22176,50869.60,39.50,48.6,5.02,2.67,1.82,208.33,0.435938171
8000,1110,401,22.0,39.9,5.02,48.6,23100,433,88.6,21200,124000,200,960,76.92,22176,11181.47,90.29,48.6,5.02,2.67,1.82,208.33,1.983281632
12000,1110,401,22.0,39.9,5.02,48.6,23100,433,88.6,21200,124000,200,960,76.92,22176,5824.48,135.44,48.6,5.02,2.67,1.82,208.33,3.80737669
16000,1110,401,22.0,39.9,5.02,48.6,23100,433,88.6,21200,124000,200,960,76.92,22176,3849.91,180.59,48.6,5.02,2.67,1.82,208.33,5.760138791
18000,1110,401,22.0,39.9,5.02,48.6,23100,433,88.6,21200,124000,200,960,76.92,22176,3286.73,203.16,48.6,5.02,2.67,1.82,208.33,6.74712858
20000,1110,401,22.0,39.9,5.02,48.6,23100,433,88.6,21200,124000,200,960,76.92,22176,2867.71,225.73,48.6,5.02,2.67,1.82,208.33,7.732994319
3700,1100,401,19.9,36.0,5.57,53.5,20800,384,88.1,15500,109000,200,960,76.92,19968,40082.71,42.00,53.5,5.57,2.65,1.81,208.33,0.4981698931
8000,1100,401,19.9,36.0,5.57,53.5,20800,384,88.1,15500,109000,200,960,76.92,19968,9620.92,90.81,53.5,5.57,2.65,1.81,208.33,2.075476126
12000,1100,401,19.9,36.0,5.57,53.5,20800,384,88.1,15500,109000,200,960,76.92,19968,4926.20,136.21,53.5,5.57,2.65,1.81,208.33,4.053429075
16000,1100,401,19.9,36.0,5.57,53.5,20800,384,88.1,15500,109000,200,960,76.92,19968,3213.86,181.61,53.5,5.57,2.65,1.81,208.33,6.21308968
18000,1100,401,19.9,36.0,5.57,53.5,20800,384,88.1,15500,109000,200,960,76.92,19968,2730.00,204.31,53.5,5.57,2.65,1.81,208.33,7.314273845
20000,1100,401,19.9,36.0,5.57,53.5,20800,384,88.1,15500,109000,200,960,76.92,19968,2372.04,227.01,53.5,5.57,2.65,1.81,208.33,8.41808212
3500,1090,401,18.0,31.1,6.45,58.8,18000,331,87.1,10400,92900,200,960,76.92,17280,37992.17,40.18,58.8,6.45,2.64,1.73,208.33,0.4548306203
8000,1090,401,18.0,31.1,6.45,58.8,18000,331,87.1,10400,92900,200,960,76.92,17280,8013.37,91.85,58.8,6.45,2.64,1.73,208.33,2.156397375
12000,1090,401,18.0,31.1,6.45,58.8,18000,331,87.1,10400,92900,200,960,76.92,17280,4018.07,137.77,58.8,6.45,2.64,1.73,208.33,4.300570497
16000,1090,401,18.0,31.1,6.45,58.8,18000,331,87.1,10400,92900,200,960,76.92,17280,2577.07,183.70,58.8,6.45,2.64,1.73,208.33,6.705281355
18000,1090,401,18.0,31.1,6.45,58.8,18000,331,87.1,10400,92900,200,960,76.92,17280,2174.21,206.66,58.8,6.45,2.64,1.73,208.33,7.947720872
20000,1090,401,18.0,31.1,6.45,58.8,18000,331,87.1,10400,92900,200,960,76.92,17280,1878.18,229.62,58.8,6.45,2.64,1.73,208.33,9.200372031
4000,1110,429,50.0,89.7,2.39,20.4,50500,1190,98.0,245000,309000,200,960,76.92,48480,119802.24,40.82,20.4,2.39,2.38,1.79,208.33,0.4046668947
8000,1110,429,50.0,89.7,2.39,20.4,50500,1190,98.0,245000,309000,200,960,76.92,48480,42276.63,81.63,20.4,2.39,2.38,1.79,208.33,1.146732847
12000,1110,429,50.0,89.7,2.39,20.4,50500,1190,98.0,245000,309000,200,960,76.92,48480,25419.38,122.45,20.4,2.39,2.38,1.79,208.33,1.907206051
16000,1110,429,50.0,89.7,2.39,20.4,50500,1190,98.0,245000,309000,200,960,76.92,48480,18283.23,163.27,20.4,2.39,2.38,1.79,208.33,2.65161049
18000,1110,429,50.0,89.7,2.39,20.4,50500,1190,98.0,245000,309000,200,960,76.92,48480,16059.21,183.67,20.4,2.39,2.38,1.79,208.33,3.01882848
20000,1110,429,50.0,89.7,2.39,20.4,50500,1190,98.0,245000,309000,200,960,76.92,48480,14328.05,204.08,20.4,2.39,2.38,1.79,208.33,3.383573474
4000,1090,424,45.5,82.2,2.58,22.2,45200,1050,96.5,185000,268000,200,960,76.92,43392,102535.75,41.45,22.2,2.58,2.38,1.81,208.33,0.4231889816
8000,1090,424,45.5,82.2,2.58,22.2,45200,1050,96.5,185000,268000,200,960,76.92,43392,35359.03,82.90,22.2,2.58,2.38,1.81,208.33,1.227183098
12000,1090,424,45.5,82.2,2.58,22.2,45200,1050,96.5,185000,268000,200,960,76.92,43392,21029.62,124.35,22.2,2.58,2.38,1.81,208.33,2.063375728
16000,1090,424,45.5,82.2,2.58,22.2,45200,1050,96.5,185000,268000,200,960,76.92,43392,15047.65,165.80,22.2,2.58,2.38,1.81,208.33,2.883639445
18000,1090,424,45.5,82.2,2.58,22.2,45200,1050,96.5,185000,268000,200,960,76.92,43392,13196.51,186.53,22.2,2.58,2.38,1.81,208.33,3.28814133
20000,1090,424,45.5,82.2,2.58,22.2,45200,1050,96.5,185000,268000,200,960,76.92,43392,11760.16,207.25,22.2,2.58,2.38,1.81,208.33,3.689746455
4000,1070,417,39.1,70.0,2.98,25.6,38000,849,94.5,115000,212000,200,960,76.92,36480,79317.60,42.33,25.6,2.98,2.40,1.79,208.33,0.4599231354
8000,1070,417,39.1,70.0,2.98,25.6,38000,849,94.5,115000,212000,200,960,76.92,36480,26293.41,84.66,25.6,2.98,2.40,1.79,208.33,1.387419838
12000,1070,417,39.1,70.0,2.98,25.6,38000,849,94.5,115000,212000,200,960,76.92,36480,15320.39,126.98,25.6,2.98,2.40,1.79,208.33,2.381141128
16000,1070,417,39.1,70.0,2.98,25.6,38000,849,94.5,115000,212000,200,960,76.92,36480,10850.97,169.31,25.6,2.98,2.40,1.79,208.33,3.361911399
18000,1070,417,39.1,70.0,2.98,25.6,38000,849,94.5,115000,212000,200,960,76.92,36480,9486.13,190.48,25.6,2.98,2.40,1.79,208.33,3.845614811
20000,1070,417,39.1,70.0,2.98,25.6,38000,849,94.5,115000,212000,200,960,76.92,36480,8433.55,211.64,25.6,2.98,2.40,1.79,208.33,4.325580027
4000,1050,411,34.0,59.7,3.44,29.1,32100,703,92.7,73700,171000,200,960,76.92,30816,63116.57,43.15,29.1,3.44,2.41,1.76,208.33,0.4882394291
8000,1050,411,34.0,59.7,3.44,29.1,32100,703,92.7,73700,171000,200,960,76.92,30816,20178.99,86.30,29.1,3.44,2.41,1.76,208.33,1.52713262
12000,1050,411,34.0,59.7,3.44,29.1,32100,703,92.7,73700,171000,200,960,76.92,30816,11511.68,129.45,29.1,3.44,2.41,1.76,208.33,2.676934247
16000,1050,411,34.0,59.7,3.44,29.1,32100,703,92.7,73700,171000,200,960,76.92,30816,8062.39,172.60,29.1,3.44,2.41,1.76,208.33,3.822192779
18000,1050,411,34.0,59.7,3.44,29.1,32100,703,92.7,73700,171000,200,960,76.92,30816,7023.23,194.17,29.1,3.44,2.41,1.76,208.33,4.387725261
20000,1050,411,34.0,59.7,3.44,29.1,32100,703,92.7,73700,171000,200,960,76.92,30816,6226.99,215.75,29.1,3.44,2.41,1.76,208.33,4.94877848
4000,1040,409,31.0,55.9,3.66,31.7,29500,641,92.5,59100,155000,200,960,76.92,28320,56675.13,43.24,31.7,3.66,2.41,1.80,208.33,0.4996900966
8000,1040,409,31.0,55.9,3.66,31.7,29500,641,92.5,59100,155000,200,960,76.92,28320,17788.60,86.49,31.7,3.66,2.41,1.80,208.33,1.592030937
12000,1040,409,31.0,55.9,3.66,31.7,29500,641,92.5,59100,155000,200,960,76.92,28320,10029.43,129.73,31.7,3.66,2.41,1.80,208.33,2.823690226
16000,1040,409,31.0,55.9,3.66,31.7,29500,641,92.5,59100,155000,200,960,76.92,28320,6978.33,172.97,31.7,3.66,2.41,1.80,208.33,4.058276713
18000,1040,409,31.0,55.9,3.66,31.7,29500,641,92.5,59100,155000,200,960,76.92,28320,6065.95,194.59,31.7,3.66,2.41,1.80,208.33,4.66868644
20000,1040,409,31.0,55.9,3.66,31.7,29500,641,92.5,59100,155000,200,960,76.92,28320,5369.41,216.22,31.7,3.66,2.41,1.80,208.33,5.274323711
3600,1030,409,29.5,52.0,3.93,33.2,27500,591,91.4,48300,142000,200,960,76.92,26400,62569.14,39.39,33.2,3.93,2.39,1.76,208.33,0.4219332295
8000,1030,409,29.5,52.0,3.93,33.2,27500,591,91.4,48300,142000,200,960,76.92,26400,15912.94,87.53,33.2,3.93,2.39,1.76,208.33,1.659026935
12000,1030,409,29.5,52.0,3.93,33.2,27500,591,91.4,48300,142000,200,960,76.92,26400,8872.19,131.29,33.2,3.93,2.39,1.76,208.33,2.975590685
16000,1030,409,29.5,52.0,3.93,33.2,27500,591,91.4,48300,142000,200,960,76.92,26400,6133.34,175.05,33.2,3.93,2.39,1.76,208.33,4.3043438
18000,1030,409,29.5,52.0,3.93,33.2,27500,591,91.4,48300,142000,200,960,76.92,26400,5320.04,196.94,33.2,3.93,2.39,1.76,208.33,4.962367969
20000,1030,409,29.5,52.0,3.93,33.2,27500,591,91.4,48300,142000,200,960,76.92,26400,4701.34,218.82,33.2,3.93,2.39,1.76,208.33,5.615417941
3700,1030,406,28.4,50.9,3.99,34.5,26900,574,91.4,45400,138000,200,960,76.92,25824,57637.95,40.48,34.5,3.99,2.41,1.79,208.33,0.4480381541
8000,1030,406,28.4,50.9,3.99,34.5,26900,574,91.4,45400,138000,200,960,76.92,25824,15343.15,87.53,34.5,3.99,2.41,1.79,208.33,1.683096067
12000,1030,406,28.4,50.9,3.99,34.5,26900,574,91.4,45400,138000,200,960,76.92,25824,8526.37,131.29,34.5,3.99,2.41,1.79,208.33,3.028722473
16000,1030,406,28.4,50.9,3.99,34.5,26900,574,91.4,45400,138000,200,960,76.92,25824,5882.79,175.05,34.5,3.99,2.41,1.79,208.33,4.389756476
18000,1030,406,28.4,50.9,3.99,34.5,26900,574,91.4,45400,138000,200,960,76.92,25824,5099.38,196.94,34.5,3.99,2.41,1.79,208.33,5.064140592
20000,1030,406,28.4,50.9,3.99,34.5,26900,574,91.4,45400,138000,200,960,76.92,25824,4504.05,218.82,34.5,3.99,2.41,1.79,208.33,5.733500721
3700,1020,404,25.4,45.9,4.40,38.4,23900,508,90.9,33000,120000,200,960,76.92,22944,49940.05,40.70,38.4,4.40,2.41,1.81,208.33,0.4594308479
8000,1020,404,25.4,45.9,4.40,38.4,23900,508,90.9,33000,120000,200,960,76.92,22944,12952.59,88.01,38.4,4.40,2.41,1.81,208.33,1.771382652
12000,1020,404,25.4,45.9,4.40,38.4,23900,508,90.9,33000,120000,200,960,76.92,22944,7070.54,132.01,38.4,4.40,2.41,1.81,208.33,3.245013253
16000,1020,404,25.4,45.9,4.40,38.4,23900,508,90.9,33000,120000,200,960,76.92,22944,4825.27,176.02,38.4,4.40,2.41,1.81,208.33,4.754965346
18000,1020,404,25.4,45.9,4.40,38.4,23900,508,90.9,33000,120000,200,960,76.92,22944,4167.16,198.02,38.4,4.40,2.41,1.81,208.33,5.505906403
20000,1020,404,25.4,45.9,4.40,38.4,23900,508,90.9,33000,120000,200,960,76.92,22944,3669.91,220.02,38.4,4.40,2.41,1.81,208.33,6.25192108
3700,1010,401,23.6,41.8,4.80,41.0,21800,454,89.9,25500,107000,200,960,76.92,20928,44198.60,41.16,41.0,4.80,2.41,1.77,208.33,0.473499166
8000,1010,401,23.6,41.8,4.80,41.0,21800,454,89.9,25500,107000,200,960,76.92,20928,11244.45,88.99,41.0,4.80,2.41,1.77,208.33,1.86118458
12000,1010,401,23.6,41.8,4.80,41.0,21800,454,89.9,25500,107000,200,960,76.92,20928,6050.93,133.48,41.0,4.80,2.41,1.77,208.33,3.458643793
16000,1010,401,23.6,41.8,4.80,41.0,21800,454,89.9,25500,107000,200,960,76.92,20928,4091.48,177.98,41.0,4.80,2.41,1.77,208.33,5.115014596
18000,1010,401,23.6,41.8,4.80,41.0,21800,454,89.9,25500,107000,200,960,76.92,20928,3522.07,200.22,41.0,4.80,2.41,1.77,208.33,5.9419677
20000,1010,401,23.6,41.8,4.80,41.0,21800,454,89.9,25500,107000,200,960,76.92,20928,3093.83,222.47,41.0,4.80,2.41,1.77,208.33,6.764425213
3500,1010,401,21.1,39.9,5.03,46.0,20500,433,90.9,21400,102000,200,960,76.92,19680,46530.53,38.50,46.0,5.03,2.42,1.89,208.33,0.4229480769
8000,1010,401,21.1,39.9,5.03,46.0,20500,433,90.9,21400,102000,200,960,76.92,19680,10479.83,88.01,46.0,5.03,2.42,1.89,208.33,1.877892771
12000,1010,401,21.1,39.9,5.03,46.0,20500,433,90.9,21400,102000,200,960,76.92,19680,5568.62,132.01,46.0,5.03,2.42,1.89,208.33,3.534090041
16000,1010,401,21.1,39.9,5.03,46.0,20500,433,90.9,21400,102000,200,960,76.92,19680,3733.36,176.02,46.0,5.03,2.42,1.89,208.33,5.271386742
18000,1010,401,21.1,39.9,5.03,46.0,20500,433,90.9,21400,102000,200,960,76.92,19680,3203.98,198.02,46.0,5.03,2.42,1.89,208.33,6.142363524
20000,1010,401,21.1,39.9,5.03,46.0,20500,433,90.9,21400,102000,200,960,76.92,19680,2807.50,220.02,46.0,5.03,2.42,1.89,208.33,7.00978385
3500,1000,401,19.1,36.1,5.55,50.5,18400,385,90.2,15900,89700,200,960,76.92,17664,40853.76,38.80,50.5,5.55,2.40,1.89,208.33,0.432371415
8000,1000,401,19.1,36.1,5.55,50.5,18400,385,90.2,15900,89700,200,960,76.92,17664,9016.66,88.69,50.5,5.55,2.40,1.89,208.33,1.959040305
12000,1000,401,19.1,36.1,5.55,50.5,18400,385,90.2,15900,89700,200,960,76.92,17664,4713.09,133.04,50.5,5.55,2.40,1.89,208.33,3.74785791
16000,1000,401,19.1,36.1,5.55,50.5,18400,385,90.2,15900,89700,200,960,76.92,17664,3123.21,177.38,50.5,5.55,2.40,1.89,208.33,5.655727223
18000,1000,401,19.1,36.1,5.55,50.5,18400,385,90.2,15900,89700,200,960,76.92,17664,2668.87,199.56,50.5,5.55,2.40,1.89,208.33,6.618521503
20000,1000,401,19.1,36.1,5.55,50.5,18400,385,90.2,15900,89700,200,960,76.92,17664,2330.45,221.73,50.5,5.55,2.40,1.89,208.33,7.579649155
3500,991,401,16.5,31.1,6.45,58.2,15800,334,89.9,10300,76300,200,960,76.92,15168,34766.71,38.93,58.2,6.45,2.39,1.88,208.33,0.4362793896
8000,991,401,16.5,31.1,6.45,58.2,15800,334,89.9,10300,76300,200,960,76.92,15168,7457.14,88.99,58.2,6.45,2.39,1.88,208.33,2.034023524
12000,991,401,16.5,31.1,6.45,58.2,15800,334,89.9,10300,76300,200,960,76.92,15168,3800.38,133.48,58.2,6.45,2.39,1.88,208.33,3.991175468
16000,991,401,16.5,31.1,6.45,58.2,15800,334,89.9,10300,76300,200,960,76.92,15168,2470.18,177.98,58.2,6.45,2.39,1.88,208.33,6.140433258
18000,991,401,16.5,31.1,6.45,58.2,15800,334,89.9,10300,76300,200,960,76.92,15168,2095.23,200.22,58.2,6.45,2.39,1.88,208.33,7.239287346
20000,991,401,16.5,31.1,6.45,58.2,15800,334,89.9,10300,76300,200,960,76.92,15168,1818.26,222.47,58.2,6.45,2.39,1.88,208.33,8.342021838
3500,983,401,16.5,27.1,7.39,57.9,14200,289,87.6,7620,66100,200,960,76.92,13632,29967.42,39.95,57.9,7.39,2.38,1.64,208.33,0.4548939411
8000,983,401,16.5,27.1,7.39,57.9,14200,289,87.6,7620,66100,200,960,76.92,13632,6336.49,91.32,57.9,7.39,2.38,1.64,208.33,2.151349269
12000,983,401,16.5,27.1,7.39,57.9,14200,289,87.6,7620,66100,200,960,76.92,13632,3185.11,136.99,57.9,7.39,2.38,1.64,208.33,4.279913617
16000,983,401,16.5,27.1,7.39,57.9,14200,289,87.6,7620,66100,200,960,76.92,13632,2047.09,182.65,57.9,7.39,2.38,1.64,208.33,6.659200757
18000,983,401,16.5,27.1,7.39,57.9,14200,289,87.6,7620,66100,200,960,76.92,13632,1728.55,205.48,57.9,7.39,2.38,1.64,208.33,7.886396056
20000,983,401,16.5,27.1,7.39,57.9,14200,289,87.6,7620,66100,200,960,76.92,13632,1494.29,228.31,57.9,7.39,2.38,1.64,208.33,9.122707116
2800,1060,315,36.1,64.3,2.45,27.6,28000,334,67.1,71600,82200,200,960,76.92,26880,61494.19,41.73,27.6,2.45,3.16,1.78,208.33,0.4371144828
8000,1060,315,36.1,45.7,3.45,28.1,28000,334,67.1,71600,82200,200,960,76.92,26880,11924.18,119.23,28.1,3.45,3.22,1.26,208.33,2.254243958
12000,1060,315,36.1,35.4,4.45,28.4,28000,334,67.1,71600,82200,200,960,76.92,26880,7219.92,178.84,28.4,4.45,3.25,0.98,208.33,3.723031711
16000,1060,315,36.1,28.9,5.45,28.6,28000,334,67.1,71600,82200,200,960,76.92,26880,5209.88,238.45,28.6,5.45,3.27,0.80,208.33,5.159424814
18000,1060,315,36.1,24.4,6.45,28.7,28000,334,67.1,71600,82200,200,960,76.92,26880,4580.58,268.26,28.7,6.45,3.29,0.68,208.33,5.868253126
20000,1060,315,36.1,21.1,7.45,28.8,28000,334,67.1,71600,82200,200,960,76.92,26880,4089.75,298.06,28.8,7.45,3.30,0.59,208.33,6.572530427
2700,1040,310,31.0,54.2,2.86,28.0,23400,268,65.3,43700,64700,200,960,76.92,22464,50993.09,41.35,28.0,2.86,3.18,1.75,208.33,0.4405302742
8000,1040,310,31.0,54.2,2.86,28.0,23400,268,65.3,43700,64700,200,960,76.92,22464,8717.22,122.51,28.0,2.86,3.18,1.75,208.33,2.576969669
12000,1040,310,31.0,54.2,2.86,28.0,23400,268,65.3,43700,64700,200,960,76.92,22464,5175.33,183.77,28.0,2.86,3.18,1.75,208.33,4.340594402
16000,1040,310,31.0,54.2,2.86,28.0,23400,268,65.3,43700,64700,200,960,76.92,22464,3700.00,245.02,28.0,2.86,3.18,1.75,208.33,6.071350462
18000,1040,310,31.0,54.2,2.86,28.0,23400,268,65.3,43700,64700,200,960,76.92,22464,3243.98,275.65,28.0,2.86,3.18,1.75,208.33,6.924823175
20000,1040,310,31.0,54.2,2.86,28.0,23400,268,65.3,43700,64700,200,960,76.92,22464,2890.33,306.28,28.0,2.86,3.18,1.75,208.33,7.772131134
2800,1040,307,30.0,53.9,2.85,29.0,23100,266,65.5,42900,64200,200,960,76.92,22176,47297.35,42.75,29.0,2.85,3.21,1.80,208.33,0.4688634826
5000,1040,307,30.0,53.9,2.85,29.0,23100,266,65.5,42900,64200,200,960,76.92,22176,17367.85,76.34,29.0,2.85,3.21,1.80,208.33,1.276841737
8000,1040,307,30.0,53.9,2.85,29.0,23100,266,65.5,42900,64200,200,960,76.92,22176,8622.02,122.14,29.0,2.85,3.21,1.80,208.33,2.572019055
10000,1040,307,30.0,53.9,2.85,29.0,23100,266,65.5,42900,64200,200,960,76.92,22176,6415.14,152.67,29.0,2.85,3.21,1.80,208.33,3.456823425
12000,1040,307,30.0,53.9,2.85,29.0,23100,266,65.5,42900,64200,200,960,76.92,22176,5114.31,183.21,29.0,2.85,3.21,1.80,208.33,4.336067562
15000,1040,307,30.0,53.9,2.85,29.0,23100,266,65.5,42900,64200,200,960,76.92,22176,3933.34,229.01,29.0,2.85,3.21,1.80,208.33,5.63795102
2700,1030,305,26.9,49.0,3.11,32.2,20800,234,64.8,31900,55900,200,960,76.92,19968,43733.53,41.67,32.2,3.11,3.22,1.82,208.33,0.4565833591
5000,1030,305,26.9,49.0,3.11,32.2,20800,234,64.8,31900,55900,200,960,76.92,19968,14756.25,77.16,32.2,3.11,3.22,1.82,208.33,1.353188892
8000,1030,305,26.9,49.0,3.11,32.2,20800,234,64.8,31900,55900,200,960,76.92,19968,7193.44,123.46,32.2,3.11,3.22,1.82,208.33,2.77586146
10000,1030,305,26.9,49.0,3.11,32.2,20800,234,64.8,31900,55900,200,960,76.92,19968,5310.11,154.32,32.2,3.11,3.22,1.82,208.33,3.760372381
12000,1030,305,26.9,49.0,3.11,32.2,20800,234,64.8,31900,55900,200,960,76.92,19968,4210.17,185.19,32.2,3.11,3.22,1.82,208.33,4.742802305
15000,1030,305,26.9,49.0,3.11,32.2,20800,234,64.8,31900,55900,200,960,76.92,19968,3220.64,231.48,32.2,3.11,3.22,1.82,208.33,6.200015505
2500,1020,305,26.2,46.1,3.31,33.3,19500,217,64.0,27100,51600,200,960,76.92,18720,46496.06,39.06,33.3,3.31,3.19,1.76,208.33,0.4026147853
5000,1020,305,26.2,46.1,3.31,33.3,19500,217,64.0,27100,51600,200,960,76.92,18720,13456.91,78.13,33.3,3.31,3.19,1.76,208.33,1.391106878
8000,1020,305,26.2,46.1,3.31,33.3,19500,217,64.0,27100,51600,200,960,76.92,18720,6497.86,125.00,33.3,3.31,3.19,1.76,208.33,2.880947398
10000,1020,305,26.2,46.1,3.31,33.3,19500,217,64.0,27100,51600,200,960,76.92,18720,4776.06,156.25,33.3,3.31,3.19,1.76,208.33,3.919552437
12000,1020,305,26.2,46.1,3.31,33.3,19500,217,64.0,27100,51600,200,960,76.92,18720,3775.19,187.50,33.3,3.31,3.19,1.76,208.33,4.958690185
15000,1020,305,26.2,46.1,3.31,33.3,19500,217,64.0,27100,51600,200,960,76.92,18720,2879.13,234.38,33.3,3.31,3.19,1.76,208.33,6.501953478
2500,1020,302,24.4,43.8,3.45,35.6,18500,205,64.0,23400,48600,200,960,76.92,17760,43651.29,39.06,35.6,3.45,3.23,1.79,208.33,0.406860853
5000,1020,302,24.4,43.8,3.45,35.6,18500,205,64.0,23400,48600,200,960,76.92,17760,12513.55,78.13,35.6,3.45,3.23,1.79,208.33,1.419261769
8000,1020,302,24.4,43.8,3.45,35.6,18500,205,64.0,23400,48600,200,960,76.92,17760,5982.91,125.00,35.6,3.45,3.23,1.79,208.33,2.968456986
10000,1020,302,24.4,43.8,3.45,35.6,18500,205,64.0,23400,48600,200,960,76.92,17760,4377.40,156.25,35.6,3.45,3.23,1.79,208.33,4.057205683
12000,1020,302,24.4,43.8,3.45,35.6,18500,205,64.0,23400,48600,200,960,76.92,17760,3448.63,187.50,35.6,3.45,3.23,1.79,208.33,5.149864759
15000,1020,302,24.4,43.8,3.45,35.6,18500,205,64.0,23400,48600,200,960,76.92,17760,2621.33,234.38,35.6,3.45,3.23,1.79,208.33,6.775191023
3000,1010,302,21.1,40.1,3.77,41.2,16600,185,64.5,17200,43200,200,960,76.92,15936,27420.30,46.51,41.2,3.77,3.21,1.90,208.33,0.5811751622
5000,1010,302,21.1,40.1,3.77,41.2,16600,185,64.5,17200,43200,200,960,76.92,15936,10893.53,77.52,41.2,3.77,3.21,1.90,208.33,1.462887271
8000,1010,302,21.1,40.1,3.77,41.2,16600,185,64.5,17200,43200,200,960,76.92,15936,5099.23,124.03,41.2,3.77,3.21,1.90,208.33,3.125178049
10000,1010,302,21.1,40.1,3.77,41.2,16600,185,64.5,17200,43200,200,960,76.92,15936,3692.61,155.04,41.2,3.77,3.21,1.90,208.33,4.315641083
12000,1010,302,21.1,40.1,3.77,41.2,16600,185,64.5,17200,43200,200,960,76.92,15936,2887.06,186.05,41.2,3.77,3.21,1.90,208.33,5.519809763
15000,1010,302,21.1,40.1,3.77,41.2,16600,185,64.5,17200,43200,200,960,76.92,15936,2177.31,232.56,41.2,3.77,3.21,1.90,208.33,7.319116057
2500,1000,300,19.1,36.0,4.17,45.6,14800,162,63.8,12700,37900,200,960,76.92,14208,33716.03,39.18,45.6,4.17,3.21,1.88,208.33,0.4214018684
5000,1000,300,19.1,36.0,4.17,45.6,14800,162,63.8,12700,37900,200,960,76.92,14208,9334.42,78.37,45.6,4.17,3.21,1.88,208.33,1.522109055
8000,1000,300,19.1,36.0,4.17,45.6,14800,162,63.8,12700,37900,200,960,76.92,14208,4289.49,125.39,45.6,4.17,3.21,1.88,208.33,3.312284047
10000,1000,300,19.1,36.0,4.17,45.6,14800,162,63.8,12700,37900,200,960,76.92,14208,3076.77,156.74,45.6,4.17,3.21,1.88,208.33,4.617834335
12000,1000,300,19.1,36.0,4.17,45.6,14800,162,63.8,12700,37900,200,960,76.92,14208,2388.06,188.09,45.6,4.17,3.21,1.88,208.33,5.949607628
15000,1000,300,19.1,36.0,4.17,45.6,14800,162,63.8,12700,37900,200,960,76.92,14208,1787.08,235.11,45.6,4.17,3.21,1.88,208.33,7.950417359
2500,991,300,16.5,30.5,4.92,52.6,12700,138,63.2,8030,31700,200,960,76.92,12192,28196.32,39.56,52.6,4.92,3.20,1.85,208.33,0.4323968461
5000,991,300,16.5,30.5,4.92,52.6,12700,138,63.2,8030,31700,200,960,76.92,12192,7638.85,79.11,52.6,4.92,3.20,1.85,208.33,1.596050755
7000,991,300,16.5,30.5,4.92,52.6,12700,138,63.2,8030,31700,200,960,76.92,12192,4251.57,110.76,52.6,4.92,3.20,1.85,208.33,2.867646116
8000,991,300,16.5,30.5,4.92,52.6,12700,138,63.2,8030,31700,200,960,76.92,12192,3413.67,126.58,52.6,4.92,3.20,1.85,208.33,3.57151765
10000,991,300,16.5,30.5,4.92,52.6,12700,138,63.2,8030,31700,200,960,76.92,12192,2410.94,158.23,52.6,4.92,3.20,1.85,208.33,5.056940933
12000,991,300,16.5,30.5,4.92,52.6,12700,138,63.2,8030,31700,200,960,76.92,12192,1848.21,189.87,52.6,4.92,3.20,1.85,208.33,6.596657112
2500,980,300,16.5,26.0,5.76,52.6,11400,118,61.0,5830,26800,200,960,76.92,10944,23874.93,40.98,52.6,5.76,3.18,1.58,208.33,0.4583886971
5000,980,300,16.5,26.0,5.76,52.6,11400,118,61.0,5830,26800,200,960,76.92,10944,6403.40,81.97,52.6,5.76,3.18,1.58,208.33,1.709091498
7000,980,300,16.5,26.0,5.76,52.6,11400,118,61.0,5830,26800,200,960,76.92,10944,3530.64,114.75,52.6,5.76,3.18,1.58,208.33,3.09972259
8000,980,300,16.5,26.0,5.76,52.6,11400,118,61.0,5830,26800,200,960,76.92,10944,2821.96,131.15,52.6,5.76,3.18,1.58,208.33,3.87815505
10000,980,300,16.5,26.0,5.76,52.6,11400,118,61.0,5830,26800,200,960,76.92,10944,1976.66,163.93,52.6,5.76,3.18,1.58,208.33,5.536625036
12000,980,300,16.5,26.0,5.76,52.6,11400,118,61.0,5830,26800,200,960,76.92,10944,1504.86,196.72,52.6,5.76,3.18,1.58,208.33,7.272417664
2400,970,300,16.0,21.1,7.11,54.3,9800,95,58.2,3900,21500,200,960,76.92,9408,20730.63,41.24,54.3,7.11,3.16,1.32,208.33,0.4538211834
5000,970,300,16.0,21.1,7.11,54.3,9800,95,58.2,3900,21500,200,960,76.92,9408,5078.85,85.91,54.3,7.11,3.16,1.32,208.33,1.852386476
7000,970,300,16.0,21.1,7.11,54.3,9800,95,58.2,3900,21500,200,960,76.92,9408,2771.76,120.27,54.3,7.11,3.16,1.32,208.33,3.394232196
8000,970,300,16.0,21.1,7.11,54.3,9800,95,58.2,3900,21500,200,960,76.92,9408,2204.11,137.46,54.3,7.11,3.16,1.32,208.33,4.268390122
10000,970,300,16.0,21.1,7.11,54.3,9800,95,58.2,3900,21500,200,960,76.92,9408,1529.22,171.82,54.3,7.11,3.16,1.32,208.33,6.152136495
11000,970,300,16.0,21.1,7.11,54.3,9800,95,58.2,3900,21500,200,960,76.92,9408,1317.63,189.00,54.3,7.11,3.16,1.32,208.33,7.140074246
5000,1090,472,76.7,115.1,2.05,10.8,67700,2060,108.0,595000,494000,200,960,76.92,64992,153826.92,46.30,10.8,2.05,2.07,1.50,208.33,0.4225008105
8000,1090,472,76.7,115.1,2.05,10.8,67700,2060,108.0,595000,494000,200,960,76.92,64992,81557.76,74.07,10.8,2.05,2.07,1.50,208.33,0.796883047
10000,1090,472,76.7,115.1,2.05,10.8,67700,2060,108.0,595000,494000,200,960,76.92,64992,62243.97,92.59,10.8,2.05,2.07,1.50,208.33,1.044149389
12000,1090,472,76.7,115.1,2.05,10.8,67700,2060,108.0,595000,494000,200,960,76.92,64992,50458.96,111.11,10.8,2.05,2.07,1.50,208.33,1.288016926
15000,1090,472,76.7,115.1,2.05,10.8,67700,2060,108.0,595000,494000,200,960,76.92,64992,39419.57,138.89,10.8,2.05,2.07,1.50,208.33,1.648724353
20000,1090,472,76.7,115.1,2.05,10.8,67700,2060,108.0,595000,494000,200,960,76.92,64992,28999.87,185.19,10.8,2.05,2.07,1.50,208.33,2.241113736
5000,1090,462,64.0,114.9,2.01,12.9,64200,1910,109.0,516000,459000,200,960,76.92,61632,140184.84,45.87,12.9,2.01,2.11,1.80,208.33,0.43964812
8000,1090,462,64.0,114.9,2.01,12.9,64200,1910,109.0,516000,459000,200,960,76.92,61632,73782.45,73.39,12.9,2.01,2.11,1.80,208.33,0.8353206306
10000,1090,462,64.0,114.9,2.01,12.9,64200,1910,109.0,516000,459000,200,960,76.92,61632,56163.34,91.74,12.9,2.01,2.11,1.80,208.33,1.097370537
12000,1090,462,64.0,114.9,2.01,12.9,64200,1910,109.0,516000,459000,200,960,76.92,61632,45454.51,110.09,12.9,2.01,2.11,1.80,208.33,1.355905047
15000,1090,462,64.0,114.9,2.01,12.9,64200,1910,109.0,516000,459000,200,960,76.92,61632,35456.70,137.61,12.9,2.01,2.11,1.80,208.33,1.738232731
20000,1090,462,64.0,114.9,2.01,12.9,64200,1910,109.0,516000,459000,200,960,76.92,61632,26051.22,183.49,12.9,2.01,2.11,1.80,208.33,2.365800647
5000,1080,457,60.5,108.8,2.10,13.7,60000,1750,107.0,437000,414000,200,960,76.92,57600,125387.71,46.73,13.7,2.10,2.13,1.80,208.33,0.4593751589
8000,1080,457,60.5,108.8,2.10,13.7,60000,1750,107.0,437000,414000,200,960,76.92,57600,65546.80,74.77,13.7,2.10,2.13,1.80,208.33,0.8787614934
10000,1080,457,60.5,108.8,2.10,13.7,60000,1750,107.0,437000,414000,200,960,76.92,57600,49771.32,93.46,13.7,2.10,2.13,1.80,208.33,1.15729297
12000,1080,457,60.5,108.8,2.10,13.7,60000,1750,107.0,437000,414000,200,960,76.92,57600,40217.81,112.15,13.7,2.10,2.13,1.80,208.33,1.43220146
15000,1080,457,60.5,108.8,2.10,13.7,60000,1750,107.0,437000,414000,200,960,76.92,57600,31326.58,140.19,13.7,2.10,2.13,1.80,208.33,1.838694011
20000,1080,457,60.5,108.8,2.10,13.7,60000,1750,107.0,437000,414000,200,960,76.92,57600,22988.32,186.92,13.7,2.10,2.13,1.80,208.33,2.505620727
5000,1060,452,55.1,99.1,2.28,15.0,53600,1540,106.0,327000,357000,200,960,76.92,51456,105501.94,47.17,15.0,2.28,2.13,1.80,208.33,0.4877256491
8000,1060,452,55.1,99.1,2.28,15.0,53600,1540,106.0,327000,357000,200,960,76.92,51456,54293.75,75.47,15.0,2.28,2.13,1.80,208.33,0.9477333948
10000,1060,452,55.1,99.1,2.28,15.0,53600,1540,106.0,327000,357000,200,960,76.92,51456,40985.55,94.34,15.0,2.28,2.13,1.80,208.33,1.255467016
12000,1060,452,55.1,99.1,2.28,15.0,53600,1540,106.0,327000,357000,200,960,76.92,51456,32992.92,113.21,15.0,2.28,2.13,1.80,208.33,1.559607118
15000,1060,452,55.1,99.1,2.28,15.0,53600,1540,106.0,327000,357000,200,960,76.92,51456,25608.88,141.51,15.0,2.28,2.13,1.80,208.33,2.009302799
20000,1060,452,55.1,99.1,2.28,15.0,53600,1540,106.0,327000,357000,200,960,76.92,51456,18735.68,188.68,15.0,2.28,2.13,1.80,208.33,2.74641786
4500,1040,447,50.0,90.1,2.48,16.3,47700,1340,104.0,247000,303000,200,960,76.92,45792,104305.78,43.27,16.3,2.48,2.13,1.80,208.33,0.4390169171
8000,1040,447,50.0,90.1,2.48,16.3,47700,1340,104.0,247000,303000,200,960,76.92,45792,44837.39,76.92,16.3,2.48,2.13,1.80,208.33,1.021290506
10000,1040,447,50.0,90.1,2.48,16.3,47700,1340,104.0,247000,303000,200,960,76.92,45792,33673.99,96.15,16.3,2.48,2.13,1.80,208.33,1.359862663
12000,1040,447,50.0,90.1,2.48,16.3,47700,1340,104.0,247000,303000,200,960,76.92,45792,27015.71,115.38,16.3,2.48,2.13,1.80,208.33,1.695013489
15000,1040,447,50.0,90.1,2.48,16.3,47700,1340,104.0,247000,303000,200,960,76.92,45792,20903.05,144.23,16.3,2.48,2.13,1.80,208.33,2.190684577
20000,1040,447,50.0,90.1,2.48,16.3,47700,1340,104.0,247000,303000,200,960,76.92,45792,15250.57,192.31,16.3,2.48,2.13,1.80,208.33,3.002640893
4500,1010,437,40.9,73.8,2.96,19.9,38200,1040,102.0,136000,227000,200,960,76.92,36672,75296.92,44.12,19.9,2.96,2.14,1.80,208.33,0.4870318903
8000,1010,437,40.9,73.8,2.96,19.9,38200,1040,102.0,136000,227000,200,960,76.92,36672,31004.24,78.43,19.9,2.96,2.14,1.80,208.33,1.182806003
10000,1010,437,40.9,73.8,2.96,19.9,38200,1040,102.0,136000,227000,200,960,76.92,36672,22943.70,98.04,19.9,2.96,2.14,1.80,208.33,1.598347292
12000,1010,437,40.9,73.8,2.96,19.9,38200,1040,102.0,136000,227000,200,960,76.92,36672,18222.76,117.65,19.9,2.96,2.14,1.80,208.33,2.012428907
15000,1010,437,40.9,73.8,2.96,19.9,38200,1040,102.0,136000,227000,200,960,76.92,36672,13963.68,147.06,19.9,2.96,2.14,1.80,208.33,2.626242074
20000,1010,437,40.9,73.8,2.96,19.9,38200,1040,102.0,136000,227000,200,960,76.92,36672,10099.75,196.08,19.9,2.96,2.14,1.80,208.33,3.630979219
4000,998,434,38.1,68.0,3.19,21.4,34900,937,101.0,107000,202000,200,960,76.92,33504,81096.01,39.60,21.4,3.19,2.14,1.79,208.33,0.4131399434
8000,998,434,38.1,68.0,3.19,21.4,34900,937,101.0,107000,202000,200,960,76.92,33504,26780.33,79.21,21.4,3.19,2.14,1.79,208.33,1.251067421
10000,998,434,38.1,68.0,3.19,21.4,34900,937,101.0,107000,202000,200,960,76.92,33504,19692.87,99.01,21.4,3.19,2.14,1.79,208.33,1.701326638
12000,998,434,38.1,68.0,3.19,21.4,34900,937,101.0,107000,202000,200,960,76.92,33504,15571.03,118.81,21.4,3.19,2.14,1.79,208.33,2.151688666
15000,998,434,38.1,68.0,3.19,21.4,34900,937,101.0,107000,202000,200,960,76.92,33504,11878.98,148.51,21.4,3.19,2.14,1.79,208.33,2.820444434
20000,998,434,38.1,68.0,3.19,21.4,34900,937,101.0,107000,202000,200,960,76.92,33504,8557.00,198.02,21.4,3.19,2.14,1.79,208.33,3.915391608
4000,988,432,34.5,62.1,3.48,23.6,31300,828,99.6,80700,178000,200,960,76.92,30048,70269.65,40.16,23.6,3.48,2.14,1.80,208.33,0.4276099378
8000,988,432,34.5,62.1,3.48,23.6,31300,828,99.6,80700,178000,200,960,76.92,30048,22641.87,80.32,23.6,3.48,2.14,1.80,208.33,1.327098744
10000,988,432,34.5,62.1,3.48,23.6,31300,828,99.6,80700,178000,200,960,76.92,30048,16512.55,100.40,23.6,3.48,2.14,1.80,208.33,1.81970638
12000,988,432,34.5,62.1,3.48,23.6,31300,828,99.6,80700,178000,200,960,76.92,30048,12978.40,120.48,23.6,3.48,2.14,1.80,208.33,2.315231533
15000,988,432,34.5,62.1,3.48,23.6,31300,828,99.6,80700,178000,200,960,76.92,30048,9841.28,150.60,23.6,3.48,2.14,1.80,208.33,3.053260107
20000,988,432,34.5,62.1,3.48,23.6,31300,828,99.6,80700,178000,200,960,76.92,30048,7048.97,200.80,23.6,3.48,2.14,1.80,208.33,4.262749843
4000,975,427,31.0,55.7,3.83,26.3,28000,728,98.6,59100,154000,200,960,76.92,26880,60241.30,40.57,26.3,3.83,2.15,1.80,208.33,0.4462054853
8000,975,427,31.0,55.7,3.83,26.3,28000,728,98.6,59100,154000,200,960,76.92,26880,18926.01,81.14,26.3,3.83,2.15,1.80,208.33,1.420267395
10000,975,427,31.0,55.7,3.83,26.3,28000,728,98.6,59100,154000,200,960,76.92,26880,13677.59,101.42,26.3,3.83,2.15,1.80,208.33,1.965259009
12000,975,427,31.0,55.7,3.83,26.3,28000,728,98.6,59100,154000,200,960,76.92,26880,10677.42,121.70,26.3,3.83,2.15,1.80,208.33,2.517462801
15000,975,427,31.0,55.7,3.83,26.3,28000,728,98.6,59100,154000,200,960,76.92,26880,8039.60,152.13,26.3,3.83,2.15,1.80,208.33,3.343449344
20000,975,427,31.0,55.7,3.83,26.3,28000,728,98.6,59100,154000,200,960,76.92,26880,5719.54,202.84,26.3,3.83,2.15,1.80,208.33,4.699676669
4000,965,424,28.4,51.0,4.16,28.6,25400,653,97.8,45400,137000,200,960,76.92,24384,53098.94,40.90,28.6,4.16,2.16,1.79,208.33,0.4592181702
8000,965,424,28.4,51.0,4.16,28.6,25400,653,97.8,45400,137000,200,960,76.92,24384,16332.37,81.80,28.6,4.16,2.16,1.79,208.33,1.492986083
10000,965,424,28.4,51.0,4.16,28.6,25400,653,97.8,45400,137000,200,960,76.92,24384,11707.66,102.25,28.6,4.16,2.16,1.79,208.33,2.082738419
12000,965,424,28.4,51.0,4.16,28.6,25400,653,97.8,45400,137000,200,960,76.92,24384,9082.62,122.70,28.6,4.16,2.16,1.79,208.33,2.684688129
15000,965,424,28.4,51.0,4.16,28.6,25400,653,97.8,45400,137000,200,960,76.92,24384,6793.35,153.37,28.6,4.16,2.16,1.79,208.33,3.589393696
20000,965,424,28.4,51.0,4.16,28.6,25400,653,97.8,45400,137000,200,960,76.92,24384,4801.17,204.50,28.6,4.16,2.16,1.79,208.33,5.078758779
4000,958,422,25.9,47.0,4.49,31.4,23100,591,97.3,35100,122000,200,960,76.92,22176,47128.65,41.11,31.4,4.49,2.16,1.81,208.33,0.4705418052
8000,958,422,25.9,47.0,4.49,31.4,23100,591,97.3,35100,122000,200,960,76.92,22176,14218.42,82.22,31.4,4.49,2.16,1.81,208.33,1.559666614
10000,958,422,25.9,47.0,4.49,31.4,23100,591,97.3,35100,122000,200,960,76.92,22176,10112.64,102.77,31.4,4.49,2.16,1.81,208.33,2.19289869
12000,958,422,25.9,47.0,4.49,31.4,23100,591,97.3,35100,122000,200,960,76.92,22176,7796.64,123.33,31.4,4.49,2.16,1.81,208.33,2.844302001
15000,958,422,25.9,47.0,4.49,31.4,23100,591,97.3,35100,122000,200,960,76.92,22176,5791.99,154.16,31.4,4.49,2.16,1.81,208.33,3.82873308
20000,958,422,25.9,47.0,4.49,31.4,23100,591,97.3,35100,122000,200,960,76.92,22176,4065.30,205.55,31.4,4.49,2.16,1.81,208.33,5.454947189
4000,947,424,24.0,42.7,4.96,33.9,21000,541,97.0,26800,111000,200,960,76.92,20160,42480.97,41.24,33.9,4.96,2.13,1.78,208.33,0.4745654841
8000,947,424,24.0,42.7,4.96,33.9,21000,541,97.0,26800,111000,200,960,76.92,20160,12532.48,82.47,33.9,4.96,2.13,1.78,208.33,1.60862004
10000,947,424,24.0,42.7,4.96,33.9,21000,541,97.0,26800,111000,200,960,76.92,20160,8828.02,103.09,33.9,4.96,2.13,1.78,208.33,2.283638735
12000,947,424,24.0,42.7,4.96,33.9,21000,541,97.0,26800,111000,200,960,76.92,20160,6752.81,123.71,33.9,4.96,2.13,1.78,208.33,2.985423272
15000,947,424,24.0,42.7,4.96,33.9,21000,541,97.0,26800,111000,200,960,76.92,20160,4972.20,154.64,33.9,4.96,2.13,1.78,208.33,4.054543974
20000,947,424,24.0,42.7,4.96,33.9,21000,541,97.0,26800,111000,200,960,76.92,20160,3457.55,206.19,33.9,4.96,2.13,1.78,208.33,5.830722377
4000,942,422,22.5,39.9,5.29,36.2,19500,499,96.5,21900,102000,200,960,76.92,18720,38825.35,41.45,36.2,5.29,2.14,1.77,208.33,0.4821591815
8000,942,422,22.5,39.9,5.29,36.2,19500,499,96.5,21900,102000,200,960,76.92,18720,11295.27,82.90,36.2,5.29,2.14,1.77,208.33,1.657331345
10000,942,422,22.5,39.9,5.29,36.2,19500,499,96.5,21900,102000,200,960,76.92,18720,7906.28,103.63,36.2,5.29,2.14,1.77,208.33,2.36773733
12000,942,422,22.5,39.9,5.29,36.2,19500,499,96.5,21900,102000,200,960,76.92,18720,6015.61,124.35,36.2,5.29,2.14,1.77,208.33,3.111901501
15000,942,422,22.5,39.9,5.29,36.2,19500,499,96.5,21900,102000,200,960,76.92,18720,4402.11,155.44,36.2,5.29,2.14,1.77,208.33,4.252506033
20000,942,422,22.5,39.9,5.29,36.2,19500,499,96.5,21900,102000,200,960,76.92,18720,3040.73,207.25,36.2,5.29,2.14,1.77,208.33,6.156415825
4000,937,422,21.3,36.7,5.75,38.2,18000,454,95.5,17300,91800,200,960,76.92,17280,34878.41,41.88,38.2,5.75,2.13,1.72,208.33,0.4954354432
8000,937,422,21.3,36.7,5.75,38.2,18000,454,95.5,17300,91800,200,960,76.92,17280,10000.75,83.77,38.2,5.75,2.13,1.72,208.33,1.727869924
10000,937,422,21.3,36.7,5.75,38.2,18000,454,95.5,17300,91800,200,960,76.92,17280,6952.26,104.71,38.2,5.75,2.13,1.72,208.33,2.485522484
12000,937,422,21.3,36.7,5.75,38.2,18000,454,95.5,17300,91800,200,960,76.92,17280,5258.51,125.65,38.2,5.75,2.13,1.72,208.33,3.286103949
15000,937,422,21.3,36.7,5.75,38.2,18000,454,95.5,17300,91800,200,960,76.92,17280,3821.10,157.07,38.2,5.75,2.13,1.72,208.33,4.522262556
20000,937,422,21.3,36.7,5.75,38.2,18000,454,95.5,17300,91800,200,960,76.92,17280,2618.83,209.42,38.2,5.75,2.13,1.72,208.33,6.59837854
3600,932,419,20.3,34.3,6.11,40.1,16900,420,95.0,14400,84900,200,960,76.92,16224,39257.60,37.89,40.1,6.11,2.14,1.69,208.33,0.413270306
8000,932,419,20.3,34.3,6.11,40.1,16900,420,95.0,14400,84900,200,960,76.92,16224,9101.37,84.21,40.1,6.11,2.14,1.69,208.33,1.782588241
10000,932,419,20.3,34.3,6.11,40.1,16900,420,95.0,14400,84900,200,960,76.92,16224,6293.06,105.26,40.1,6.11,2.14,1.69,208.33,2.578077077
12000,932,419,20.3,34.3,6.11,40.1,16900,420,95.0,14400,84900,200,960,76.92,16224,4737.35,126.32,40.1,6.11,2.14,1.69,208.33,3.424696388
15000,932,419,20.3,34.3,6.11,40.1,16900,420,95.0,14400,84900,200,960,76.92,16224,3422.57,157.89,40.1,6.11,2.14,1.69,208.33,4.740298497
20000,932,419,20.3,34.3,6.11,40.1,16900,420,95.0,14400,84900,200,960,76.92,16224,2330.25,210.53,40.1,6.11,2.14,1.69,208.33,6.962337772
3600,927,419,19.3,32.0,6.54,42.2,15800,391,94.2,11900,78400,200,960,76.92,15168,36247.95,38.22,42.2,6.54,2.14,1.66,208.33,0.4184512221
8000,927,419,19.3,32.0,6.54,42.2,15800,391,94.2,11900,78400,200,960,76.92,15168,8305.82,84.93,42.2,6.54,2.14,1.66,208.33,1.826189489
10000,927,419,19.3,32.0,6.54,42.2,15800,391,94.2,11900,78400,200,960,76.92,15168,5711.54,106.16,42.2,6.54,2.14,1.66,208.33,2.655677476
12000,927,419,19.3,32.0,6.54,42.2,15800,391,94.2,11900,78400,200,960,76.92,15168,4278.38,127.39,42.2,6.54,2.14,1.66,208.33,3.545265375
15000,927,419,19.3,32.0,6.54,42.2,15800,391,94.2,11900,78400,200,960,76.92,15168,3072.04,159.24,42.2,6.54,2.14,1.66,208.33,4.937437095
20000,927,419,19.3,32.0,6.54,42.2,15800,391,94.2,11900,78400,200,960,76.92,15168,2076.57,212.31,42.2,6.54,2.14,1.66,208.33,7.304347348
3000,993,323,36.1,65.1,2.48,22.9,26400,367,70.6,71600,78900,200,960,76.92,25344,56135.19,42.49,22.9,2.48,2.87,1.80,208.33,0.4514814943
8000,993,323,36.1,65.1,2.48,22.9,26400,367,70.6,71600,78900,200,960,76.92,25344,12420.03,113.31,22.9,2.48,2.87,1.80,208.33,2.040574555
10000,993,323,36.1,65.1,2.48,22.9,26400,367,70.6,71600,78900,200,960,76.92,25344,9371.95,141.64,22.9,2.48,2.87,1.80,208.33,2.704239035
12000,993,323,36.1,65.1,2.48,22.9,26400,367,70.6,71600,78900,200,960,76.92,25344,7542.35,169.97,22.9,2.48,2.87,1.80,208.33,3.360225932
15000,993,323,36.1,65.1,2.48,22.9,26400,367,70.6,71600,78900,200,960,76.92,25344,5852.89,212.46,22.9,2.48,2.87,1.80,208.33,4.330164848
18000,993,323,36.1,65.1,2.48,22.9,26400,367,70.6,71600,78900,200,960,76.92,25344,4793.50,254.96,22.9,2.48,2.87,1.80,208.33,5.287163551
3000,980,320,33.0,58.8,2.72,25.0,23600,325,69.9,53700,69000,200,960,76.92,22656,48543.77,42.92,25.0,2.72,2.88,1.78,208.33,0.4667128544
8000,980,320,33.0,58.8,2.72,25.0,23600,325,69.9,53700,69000,200,960,76.92,22656,10376.20,114.45,25.0,2.72,2.88,1.78,208.33,2.18345837
10000,980,320,33.0,58.8,2.72,25.0,23600,325,69.9,53700,69000,200,960,76.92,22656,7776.34,143.06,25.0,2.72,2.88,1.78,208.33,2.913454443
12000,980,320,33.0,58.8,2.72,25.0,23600,325,69.9,53700,69000,200,960,76.92,22656,6229.95,171.67,25.0,2.72,2.88,1.78,208.33,3.636626404
15000,980,320,33.0,58.8,2.72,25.0,23600,325,69.9,53700,69000,200,960,76.92,22656,4813.91,214.59,25.0,2.72,2.88,1.78,208.33,4.70635674
18000,980,320,33.0,58.8,2.72,25.0,23600,325,69.9,53700,69000,200,960,76.92,22656,3932.48,257.51,25.0,2.72,2.88,1.78,208.33,5.761248749
3000,970,315,30.0,54.1,2.91,27.5,21300,284,68.6,40900,59600,200,960,76.92,20448,41636.40,43.73,27.5,2.91,2.91,1.80,208.33,0.491108734
8000,970,315,30.0,54.1,2.91,27.5,21300,284,68.6,40900,59600,200,960,76.92,20448,8655.89,116.62,27.5,2.91,2.91,1.80,208.33,2.362321824
10000,970,315,30.0,54.1,2.91,27.5,21300,284,68.6,40900,59600,200,960,76.92,20448,6448.66,145.77,27.5,2.91,2.91,1.80,208.33,3.170889783
12000,970,315,30.0,54.1,2.91,27.5,21300,284,68.6,40900,59600,200,960,76.92,20448,5145.59,174.93,27.5,2.91,2.91,1.80,208.33,3.973890872
15000,970,315,30.0,54.1,2.91,27.5,21300,284,68.6,40900,59600,200,960,76.92,20448,3960.78,218.66,27.5,2.91,2.91,1.80,208.33,5.162622253
18000,970,315,30.0,54.1,2.91,27.5,21300,284,68.6,40900,59600,200,960,76.92,20448,3227.99,262.39,27.5,2.91,2.91,1.80,208.33,6.334600739
2900,960,312,26.9,48.9,3.19,30.6,19000,251,68.1,30300,52100,200,960,76.92,18240,38365.95,42.58,30.6,3.19,2.92,1.82,208.33,0.4754215569
8000,960,312,26.9,48.9,3.19,30.6,19000,251,68.1,30300,52100,200,960,76.92,18240,7232.76,117.47,30.6,3.19,2.92,1.82,208.33,2.521860304
10000,960,312,26.9,48.9,3.19,30.6,19000,251,68.1,30300,52100,200,960,76.92,18240,5344.30,146.84,30.6,3.19,2.92,1.82,208.33,3.41297976
12000,960,312,26.9,48.9,3.19,30.6,19000,251,68.1,30300,52100,200,960,76.92,18240,4240.16,176.21,30.6,3.19,2.92,1.82,208.33,4.301719512
15000,960,312,26.9,48.9,3.19,30.6,19000,251,68.1,30300,52100,200,960,76.92,18240,3245.76,220.26,30.6,3.19,2.92,1.82,208.33,5.619631506
16000,960,312,26.9,48.9,3.19,30.6,19000,251,68.1,30300,52100,200,960,76.92,18240,3012.55,234.95,30.6,3.19,2.92,1.82,208.33,6.054678649
2800,951,310,24.4,43.9,3.53,33.8,17000,220,67.3,22000,45100,200,960,76.92,16320,35217.07,41.60,33.8,3.53,2.93,1.80,208.33,0.4634116916
8000,951,310,24.4,43.9,3.53,33.8,17000,220,67.3,22000,45100,200,960,76.92,16320,5991.94,118.87,33.8,3.53,2.93,1.80,208.33,2.723660127
10000,951,310,24.4,43.9,3.53,33.8,17000,220,67.3,22000,45100,200,960,76.92,16320,4387.05,148.59,33.8,3.53,2.93,1.80,208.33,3.720036906
12000,951,310,24.4,43.9,3.53,33.8,17000,220,67.3,22000,45100,200,960,76.92,16320,3457.99,178.31,33.8,3.53,2.93,1.80,208.33,4.719510086
15000,951,310,24.4,43.9,3.53,33.8,17000,220,67.3,22000,45100,200,960,76.92,16320,2629.78,222.88,33.8,3.53,2.93,1.80,208.33,6.2058412
16000,951,310,24.4,43.9,3.53,33.8,17000,220,67.3,22000,45100,200,960,76.92,16320,2436.97,237.74,33.8,3.53,2.93,1.80,208.33,6.696845615
2700,943,307,22.1,39.8,3.86,37.3,15300,195,66.5,16500,39700,200,960,76.92,14688,33000.68,40.60,37.3,3.86,2.94,1.80,208.33,0.4450816982
8000,943,307,22.1,39.8,3.86,37.3,15300,195,66.5,16500,39700,200,960,76.92,14688,5073.24,120.30,37.3,3.86,2.94,1.80,208.33,2.89519239
10000,943,307,22.1,39.8,3.86,37.3,15300,195,66.5,16500,39700,200,960,76.92,14688,3682.45,150.38,37.3,3.86,2.94,1.80,208.33,3.988653281
12000,943,307,22.1,39.8,3.86,37.3,15300,195,66.5,16500,39700,200,960,76.92,14688,2884.19,180.45,37.3,3.86,2.94,1.80,208.33,5.092590374
15000,943,307,22.1,39.8,3.86,37.3,15300,195,66.5,16500,39700,200,960,76.92,14688,2179.15,225.56,37.3,3.86,2.94,1.80,208.33,6.740228761
16000,943,307,22.1,39.8,3.86,37.3,15300,195,66.5,16500,39700,200,960,76.92,14688,2016.15,240.60,37.3,3.86,2.94,1.80,208.33,7.285182519
3000,932,310,21.1,34.6,4.48,39.1,13700,171,65.5,11700,34400,200,960,76.92,13152,23313.56,45.80,39.1,4.48,2.89,1.64,208.33,0.5641351306
8000,932,310,21.1,34.6,4.48,39.1,13700,171,65.5,11700,34400,200,960,76.92,13152,4212.91,122.14,39.1,4.48,2.89,1.64,208.33,3.121829245
10000,932,310,21.1,34.6,4.48,39.1,13700,171,65.5,11700,34400,200,960,76.92,13152,3024.34,152.67,39.1,4.48,2.89,1.64,208.33,4.348716571
12000,932,310,21.1,34.6,4.48,39.1,13700,171,65.5,11700,34400,200,960,76.92,13152,2348.87,183.21,39.1,4.48,2.89,1.64,208.33,5.5992775
15000,932,310,21.1,34.6,4.48,39.1,13700,171,65.5,11700,34400,200,960,76.92,13152,1758.97,229.01,39.1,4.48,2.89,1.64,208.33,7.477099695
16000,932,310,21.1,34.6,4.48,39.1,13700,171,65.5,11700,34400,200,960,76.92,13152,1623.77,244.27,39.1,4.48,2.89,1.64,208.33,8.099674671
2500,927,307,19.4,31.9,4.81,42.4,12600,156,65.0,9240,31200,200,960,76.92,12096,29887.29,38.46,42.4,4.81,2.92,1.64,208.33,0.4047204917
4500,927,307,19.4,31.9,4.81,42.4,12600,156,65.0,9240,31200,200,960,76.92,12096,9895.17,69.23,42.4,4.81,2.92,1.64,208.33,1.222414655
6000,927,307,19.4,31.9,4.81,42.4,12600,156,65.0,9240,31200,200,960,76.92,12096,5961.99,92.31,42.4,4.81,2.92,1.64,208.33,2.028852779
8000,927,307,19.4,31.9,4.81,42.4,12600,156,65.0,9240,31200,200,960,76.92,12096,3716.77,123.08,42.4,4.81,2.92,1.64,208.33,3.25444177
9000,927,307,19.4,31.9,4.81,42.4,12600,156,65.0,9240,31200,200,960,76.92,12096,3097.97,138.46,42.4,4.81,2.92,1.64,208.33,3.904487384
10000,927,307,19.4,31.9,4.81,42.4,12600,156,65.0,9240,31200,200,960,76.92,12096,2647.74,153.85,42.4,4.81,2.92,1.64,208.33,4.568425028
2500,922,307,18.4,30.0,5.12,44.8,11800,144,64.8,7700,28700,200,960,76.92,11328,27453.04,38.58,44.8,5.12,2.91,1.63,208.33,0.4126319172
4500,922,307,18.4,30.0,5.12,44.8,11800,144,64.8,7700,28700,200,960,76.92,11328,9036.52,69.44,44.8,5.12,2.91,1.63,208.33,1.253580255
6000,922,307,18.4,30.0,5.12,44.8,11800,144,64.8,7700,28700,200,960,76.92,11328,5417.43,92.59,44.8,5.12,2.91,1.63,208.33,2.091028636
8000,922,307,18.4,30.0,5.12,44.8,11800,144,64.8,7700,28700,200,960,76.92,11328,3355.76,123.46,44.8,5.12,2.91,1.63,208.33,3.375687487
9000,922,307,18.4,30.0,5.12,44.8,11800,144,64.8,7700,28700,200,960,76.92,11328,2789.07,138.89,44.8,5.12,2.91,1.63,208.33,4.061574099
10000,922,307,18.4,30.0,5.12,44.8,11800,144,64.8,7700,28700,200,960,76.92,11328,2377.54,154.32,44.8,5.12,2.91,1.63,208.33,4.764592532
2500,919,305,17.3,27.9,5.47,47.7,10900,133,64.3,6290,26500,200,960,76.92,10464,25262.47,38.88,47.7,5.47,2.92,1.61,208.33,0.414211265
4500,919,305,17.3,27.9,5.47,47.7,10900,133,64.3,6290,26500,200,960,76.92,10464,8260.54,69.98,47.7,5.47,2.92,1.61,208.33,1.266745489
6000,919,305,17.3,27.9,5.47,47.7,10900,133,64.3,6290,26500,200,960,76.92,10464,4923.37,93.31,47.7,5.47,2.92,1.61,208.33,2.125371445
8000,919,305,17.3,27.9,5.47,47.7,10900,133,64.3,6290,26500,200,960,76.92,10464,3026.50,124.42,47.7,5.47,2.92,1.61,208.33,3.457455467
9000,919,305,17.3,27.9,5.47,47.7,10900,133,64.3,6290,26500,200,960,76.92,10464,2506.63,139.97,47.7,5.47,2.92,1.61,208.33,4.174529857
10000,919,305,17.3,27.9,5.47,47.7,10900,133,64.3,6290,26500,200,960,76.92,10464,2129.92,155.52,47.7,5.47,2.92,1.61,208.33,4.912849299
2500,914,305,16.5,25.9,5.88,49.9,10200,123,63.5,5160,24200,200,960,76.92,9792,23151.40,39.37,49.9,5.88,2.91,1.57,208.33,0.4229550153
4500,914,305,16.5,25.9,5.88,49.9,10200,123,63.5,5160,24200,200,960,76.92,9792,7530.23,70.87,49.9,5.88,2.91,1.57,208.33,1.300358589
6000,914,305,16.5,25.9,5.88,49.9,10200,123,63.5,5160,24200,200,960,76.92,9792,4466.71,94.49,49.9,5.88,2.91,1.57,208.33,2.192219784
8000,914,305,16.5,25.9,5.88,49.9,10200,123,63.5,5160,24200,200,960,76.92,9792,2728.24,125.98,49.9,5.88,2.91,1.57,208.33,3.58912536
9000,914,305,16.5,25.9,5.88,49.9,10200,123,63.5,5160,24200,200,960,76.92,9792,2252.85,141.73,49.9,5.88,2.91,1.57,208.33,4.34649596
10000,914,305,16.5,25.9,5.88,49.9,10200,123,63.5,5160,24200,200,960,76.92,9792,1908.97,157.48,49.9,5.88,2.91,1.57,208.33,5.129480866
2500,912,305,15.9,23.9,6.37,51.9,9520,112,62.7,4200,22100,200,960,76.92,9139.2,21054.92,39.87,51.9,6.37,2.91,1.51,208.33,0.4340647359
4500,912,305,15.9,23.9,6.37,51.9,9520,112,62.7,4200,22100,200,960,76.92,9139.2,6812.82,71.77,51.9,6.37,2.91,1.51,208.33,1.341471878
6000,912,305,15.9,23.9,6.37,51.9,9520,112,62.7,4200,22100,200,960,76.92,9139.2,4021.87,95.69,51.9,6.37,2.91,1.51,208.33,2.272375888
8000,912,305,15.9,23.9,6.37,51.9,9520,112,62.7,4200,22100,200,960,76.92,9139.2,2440.47,127.59,51.9,6.37,2.91,1.51,208.33,3.744844998
9000,912,305,15.9,23.9,6.37,51.9,9520,112,62.7,4200,22100,200,960,76.92,9139.2,2008.94,143.54,51.9,6.37,2.91,1.51,208.33,4.549260494
10000,912,305,15.9,23.9,6.37,51.9,9520,112,62.7,4200,22100,200,960,76.92,9139.2,1697.29,159.49,51.9,6.37,2.91,1.51,208.33,5.384567952
2500,904,305,15.2,20.2,7.56,54.1,8340,94,60.5,2910,18300,200,960,76.92,8006.4,17461.02,41.32,54.1,7.56,2.90,1.33,208.33,0.4585298029
4500,904,305,15.2,20.2,7.56,54.1,8340,94,60.5,2910,18300,200,960,76.92,8006.4,5609.75,74.38,54.1,7.56,2.90,1.33,208.33,1.42723027
6000,904,305,15.2,20.2,7.56,54.1,8340,94,60.5,2910,18300,200,960,76.92,8006.4,3289.46,99.17,54.1,7.56,2.90,1.33,208.33,2.433958427
8000,904,305,15.2,20.2,7.56,54.1,8340,94,60.5,2910,18300,200,960,76.92,8006.4,1977.21,132.23,54.1,7.56,2.90,1.33,208.33,4.049334718
9000,904,305,15.2,20.2,7.56,54.1,8340,94,60.5,2910,18300,200,960,76.92,8006.4,1620.09,148.76,54.1,7.56,2.90,1.33,208.33,4.941941552
10000,904,305,15.2,20.2,7.56,54.1,8340,94,60.5,2910,18300,200,960,76.92,8006.4,1362.74,165.29,54.1,7.56,2.90,1.33,208.33,5.875223612
4000,914,411,32.0,57.9,3.55,23.7,25600,674,95.8,61600,123000,200,960,76.92,24576,53305.99,41.75,23.7,3.55,2.08,1.81,208.33,0.4610363576
4500,914,411,32.0,57.9,3.55,23.7,25600,674,95.8,61600,123000,200,960,76.92,24576,43429.02,46.97,23.7,3.55,2.08,1.81,208.33,0.5658889411
6000,914,411,32.0,57.9,3.55,23.7,25600,674,95.8,61600,123000,200,960,76.92,24576,26985.99,62.63,23.7,3.55,2.08,1.81,208.33,0.9106948469
8000,914,411,32.0,57.9,3.55,23.7,25600,674,95.8,61600,123000,200,960,76.92,24576,17446.38,83.51,23.7,3.55,2.08,1.81,208.33,1.40865899
9000,914,411,32.0,57.9,3.55,23.7,25600,674,95.8,61600,123000,200,960,76.92,24576,14766.59,93.95,23.7,3.55,2.08,1.81,208.33,1.664297061
12000,914,411,32.0,57.9,3.55,23.7,25600,674,95.8,61600,123000,200,960,76.92,24576,10092.68,125.26,23.7,3.55,2.08,1.81,208.33,2.435032379
3800,904,409,29.5,53.1,3.85,25.7,23300,608,95.0,47900,110000,200,960,76.92,22368,51674.40,40.00,25.7,3.85,2.08,1.80,208.33,0.4328642313
4500,904,409,29.5,53.1,3.85,25.7,23300,608,95.0,47900,110000,200,960,76.92,22368,38279.50,47.37,25.7,3.85,2.08,1.80,208.33,0.5843336859
6000,904,409,29.5,53.1,3.85,25.7,23300,608,95.0,47900,110000,200,960,76.92,22368,23576.70,63.16,25.7,3.85,2.08,1.80,208.33,0.9487333101
8000,904,409,29.5,53.1,3.85,25.7,23300,608,95.0,47900,110000,200,960,76.92,22368,15091.52,84.21,25.7,3.85,2.08,1.80,208.33,1.482156725
9000,904,409,29.5,53.1,3.85,25.7,23300,608,95.0,47900,110000,200,960,76.92,22368,12721.98,94.74,25.7,3.85,2.08,1.80,208.33,1.758217412
12000,904,409,29.5,53.1,3.85,25.7,23300,608,95.0,47900,110000,200,960,76.92,22368,8617.77,126.32,25.7,3.85,2.08,1.80,208.33,2.595565951
4000,894,406,26.4,48.0,4.23,28.7,20800,537,94.2,35100,95900,200,960,76.92,19968,40645.80,42.46,28.7,4.23,2.08,1.82,208.33,0.4912684149
4500,894,406,26.4,48.0,4.23,28.7,20800,537,94.2,35100,95900,200,960,76.92,19968,32898.18,47.77,28.7,4.23,2.08,1.82,208.33,0.6069636722
6000,894,406,26.4,48.0,4.23,28.7,20800,537,94.2,35100,95900,200,960,76.92,19968,20053.22,63.69,28.7,4.23,2.08,1.82,208.33,0.9957504435
8000,894,406,26.4,48.0,4.23,28.7,20800,537,94.2,35100,95900,200,960,76.92,19968,12681.15,84.93,28.7,4.23,2.08,1.82,208.33,1.574620917
9000,894,406,26.4,48.0,4.23,28.7,20800,537,94.2,35100,95900,200,960,76.92,19968,10635.78,95.54,28.7,4.23,2.08,1.82,208.33,1.877436406
12000,894,406,26.4,48.0,4.23,28.7,20800,537,94.2,35100,95900,200,960,76.92,19968,7121.37,127.39,28.7,4.23,2.08,1.82,208.33,2.803956613
3800,884,404,24.4,43.9,4.60,31.0,19000,483,93.5,27100,85700,200,960,76.92,18240,39542.30,40.64,31.0,4.60,2.08,1.80,208.33,0.4612781393
4500,884,404,24.4,43.9,4.60,31.0,19000,483,93.5,27100,85700,200,960,76.92,18240,29041.36,48.13,31.0,4.60,2.08,1.80,208.33,0.6280698058
6000,884,404,24.4,43.9,4.60,31.0,19000,483,93.5,27100,85700,200,960,76.92,18240,17558.67,64.17,31.0,4.60,2.08,1.80,208.33,1.038802818
8000,884,404,24.4,43.9,4.60,31.0,19000,483,93.5,27100,85700,200,960,76.92,18240,10993.90,85.56,31.0,4.60,2.08,1.80,208.33,1.659102027
9000,884,404,24.4,43.9,4.60,31.0,19000,483,93.5,27100,85700,200,960,76.92,18240,9181.14,96.26,31.0,4.60,2.08,1.80,208.33,1.986680951
12000,884,404,24.4,43.9,4.60,31.0,19000,483,93.5,27100,85700,200,960,76.92,18240,6085.51,128.34,31.0,4.60,2.08,1.80,208.33,2.99728452
3500,876,401,22.1,39.9,5.03,34.3,17000,433,93.0,20300,75500,200,960,76.92,16320,40542.18,37.63,34.3,5.03,2.09,1.80,208.33,0.4025436946
4500,876,401,22.1,39.9,5.03,34.3,17000,433,93.0,20300,75500,200,960,76.92,16320,25420.18,48.39,34.3,5.03,2.09,1.80,208.33,0.6420097306
6000,876,401,22.1,39.9,5.03,34.3,17000,433,93.0,20300,75500,200,960,76.92,16320,15241.13,64.52,34.3,5.03,2.09,1.80,208.33,1.070786783
8000,876,401,22.1,39.9,5.03,34.3,17000,433,93.0,20300,75500,200,960,76.92,16320,9442.24,86.02,34.3,5.03,2.09,1.80,208.33,1.728404258
9000,876,401,22.1,39.9,5.03,34.3,17000,433,93.0,20300,75500,200,960,76.92,16320,7848.20,96.77,34.3,5.03,2.09,1.80,208.33,2.07945901
12000,876,401,22.1,39.9,5.03,34.3,17000,433,93.0,20300,75500,200,960,76.92,16320,5142.71,129.03,34.3,5.03,2.09,1.80,208.33,3.173421043
3500,869,404,21.1,35.7,5.66,35.9,15400,388,91.9,15100,67400,200,960,76.92,14784,35915.07,38.08,35.9,5.66,2.06,1.69,208.33,0.4116378445
4500,869,404,21.1,35.7,5.66,35.9,15400,388,91.9,15100,67400,200,960,76.92,14784,22401.34,48.97,35.9,5.66,2.06,1.69,208.33,0.659960469
6000,869,404,21.1,35.7,5.66,35.9,15400,388,91.9,15100,67400,200,960,76.92,14784,13316.61,65.29,35.9,5.66,2.06,1.69,208.33,1.11019257
8000,869,404,21.1,35.7,5.66,35.9,15400,388,91.9,15100,67400,200,960,76.92,14784,8157.52,87.05,35.9,5.66,2.06,1.69,208.33,1.812316454
9000,869,404,21.1,35.7,5.66,35.9,15400,388,91.9,15100,67400,200,960,76.92,14784,6745.33,97.93,35.9,5.66,2.06,1.69,208.33,2.191740149
12000,869,404,21.1,35.7,5.66,35.9,15400,388,91.9,15100,67400,200,960,76.92,14784,4362.86,130.58,35.9,5.66,2.06,1.69,208.33,3.388601771
3500,861,401,19.7,32.3,6.20,38.5,14000,350,91.2,11600,60200,200,960,76.92,13440,32019.00,38.38,38.5,6.20,2.07,1.64,208.33,0.4197507259
4500,861,401,19.7,32.3,6.20,38.5,14000,350,91.2,11600,60200,200,960,76.92,13440,19895.17,49.34,38.5,6.20,2.07,1.64,208.33,0.6755409002
6000,861,401,19.7,32.3,6.20,38.5,14000,350,91.2,11600,60200,200,960,76.92,13440,11751.43,65.79,38.5,6.20,2.07,1.64,208.33,1.143691064
8000,861,401,19.7,32.3,6.20,38.5,14000,350,91.2,11600,60200,200,960,76.92,13440,7136.27,87.72,38.5,6.20,2.07,1.64,208.33,1.883336232
9000,861,401,19.7,32.3,6.20,38.5,14000,350,91.2,11600,60200,200,960,76.92,13440,5876.59,98.68,38.5,6.20,2.07,1.64,208.33,2.287042315
12000,861,401,19.7,32.3,6.20,38.5,14000,350,91.2,11600,60200,200,960,76.92,13440,3760.46,131.58,38.5,6.20,2.07,1.64,208.33,3.574031628
3500,856,399,18.2,29.1,6.85,41.7,12700,312,90.4,8660,53200,200,960,76.92,12192,28232.59,38.72,41.7,6.85,2.07,1.60,208.33,0.4318413795
4500,856,399,18.2,29.1,6.85,41.7,12700,312,90.4,8660,53200,200,960,76.92,12192,17476.46,49.78,41.7,6.85,2.07,1.60,208.33,0.6976239548
6000,856,399,18.2,29.1,6.85,41.7,12700,312,90.4,8660,53200,200,960,76.92,12192,10256.47,66.37,41.7,6.85,2.07,1.60,208.33,1.18871345
8000,856,399,18.2,29.1,6.85,41.7,12700,312,90.4,8660,53200,200,960,76.92,12192,6172.30,88.50,41.7,6.85,2.07,1.60,208.33,1.975278067
9000,856,399,18.2,29.1,6.85,41.7,12700,312,90.4,8660,53200,200,960,76.92,12192,5060.45,99.56,41.7,6.85,2.07,1.60,208.33,2.409271807
12000,856,399,18.2,29.1,6.85,41.7,12700,312,90.4,8660,53200,200,960,76.92,12192,3200.25,132.74,41.7,6.85,2.07,1.60,208.33,3.809698388
2600,859,292,17.0,31.0,4.71,44.7,10300,129,63.5,7370,22100,200,960,76.92,9888,21302.57,40.94,44.7,4.71,2.84,1.82,208.33,0.4641692681
4500,859,292,17.0,31.0,4.71,44.7,10300,129,63.5,7370,22100,200,960,76.92,9888,7663.00,70.87,44.7,4.71,2.84,1.82,208.33,1.290356451
6000,859,292,17.0,31.0,4.71,44.7,10300,129,63.5,7370,22100,200,960,76.92,9888,4646.56,94.49,44.7,4.71,2.84,1.82,208.33,2.128024896
8000,859,292,17.0,31.0,4.71,44.7,10300,129,63.5,7370,22100,200,960,76.92,9888,2919.74,125.98,44.7,4.71,2.84,1.82,208.33,3.386602039
9000,859,292,17.0,31.0,4.71,44.7,10300,129,63.5,7370,22100,200,960,76.92,9888,2442.12,141.73,44.7,4.71,2.84,1.82,208.33,4.048943154
12000,859,292,17.0,31.0,4.71,44.7,10300,129,63.5,7370,22100,200,960,76.92,9888,1624.71,188.98,44.7,4.71,2.84,1.82,208.33,6.085991754
2500,851,295,16.1,26.9,5.48,47.2,9160,114,62.7,5160,19300,200,960,76.92,8793.6,20028.71,39.87,47.2,5.48,2.79,1.67,208.33,0.439049846
4500,851,295,16.1,26.9,5.48,47.2,9160,114,62.7,5160,19300,200,960,76.92,8793.6,6591.40,71.77,47.2,5.48,2.79,1.67,208.33,1.334101932
6000,851,295,16.1,26.9,5.48,47.2,9160,114,62.7,5160,19300,200,960,76.92,8793.6,3950.89,95.69,47.2,5.48,2.79,1.67,208.33,2.225725703
8000,851,295,16.1,26.9,5.48,47.2,9160,114,62.7,5160,19300,200,960,76.92,8793.6,2446.79,127.59,47.2,5.48,2.79,1.67,208.33,3.593936973
9000,851,295,16.1,26.9,5.48,47.2,9160,114,62.7,5160,19300,200,960,76.92,8793.6,2033.39,143.54,47.2,5.48,2.79,1.67,208.33,4.32460364
12000,851,295,16.1,26.9,5.48,47.2,9160,114,62.7,5160,19300,200,960,76.92,8793.6,1331.89,191.39,47.2,5.48,2.79,1.67,208.33,6.602349268
2500,846,292,15.4,24.3,6.01,49.6,8420,102,61.7,4040,17300,200,960,76.92,8083.2,17867.28,40.52,49.6,6.01,2.81,1.58,208.33,0.4524023162
4500,846,292,15.4,24.3,6.01,49.6,8420,102,61.7,4040,17300,200,960,76.92,8083.2,5837.53,72.93,49.6,6.01,2.81,1.58,208.33,1.384695904
6000,846,292,15.4,24.3,6.01,49.6,8420,102,61.7,4040,17300,200,960,76.92,8083.2,3476.64,97.24,49.6,6.01,2.81,1.58,208.33,2.325003898
8000,846,292,15.4,24.3,6.01,49.6,8420,102,61.7,4040,17300,200,960,76.92,8083.2,2135.05,129.66,49.6,6.01,2.81,1.58,208.33,3.785955513
9000,846,292,15.4,24.3,6.01,49.6,8420,102,61.7,4040,17300,200,960,76.92,8083.2,1767.49,145.87,49.6,6.01,2.81,1.58,208.33,4.573258507
12000,846,292,15.4,24.3,6.01,49.6,8420,102,61.7,4040,17300,200,960,76.92,8083.2,1146.60,194.49,49.6,6.01,2.81,1.58,208.33,7.04970116
2500,841,292,14.7,21.7,6.73,51.7,7650,91,60.7,3070,15200,200,960,76.92,7344,15735.34,41.19,51.7,6.73,2.81,1.48,208.33,0.4667201733
4500,841,292,14.7,21.7,6.73,51.7,7650,91,60.7,3070,15200,200,960,76.92,7344,5105.25,74.14,51.7,6.73,2.81,1.48,208.33,1.438518797
6000,841,292,14.7,21.7,6.73,51.7,7650,91,60.7,3070,15200,200,960,76.92,7344,3021.33,98.85,51.7,6.73,2.81,1.48,208.33,2.430716015
8000,841,292,14.7,21.7,6.73,51.7,7650,91,60.7,3070,15200,200,960,76.92,7344,1839.64,131.80,51.7,6.73,2.81,1.48,208.33,3.992076911
9000,841,292,14.7,21.7,6.73,51.7,7650,91,60.7,3070,15200,200,960,76.92,7344,1516.84,148.27,51.7,6.73,2.81,1.48,208.33,4.841654106
12000,841,292,14.7,21.7,6.73,51.7,7650,91,60.7,3070,15200,200,960,76.92,7344,973.87,197.69,51.7,6.73,2.81,1.48,208.33,7.541032098
2400,836,292,14.0,18.8,7.76,54.5,6800,78,58.9,2210,13000,200,960,76.92,6528,14547.02,40.75,54.5,7.76,2.80,1.34,208.33,0.448751758
4500,836,292,14.0,18.8,7.76,54.5,6800,78,58.9,2210,13000,200,960,76.92,6528,4324.89,76.40,54.5,7.76,2.80,1.34,208.33,1.509401928
6000,836,292,14.0,18.8,7.76,54.5,6800,78,58.9,2210,13000,200,960,76.92,6528,2542.20,101.87,54.5,7.76,2.80,1.34,208.33,2.567859527
8000,836,292,14.0,18.8,7.76,54.5,6800,78,58.9,2210,13000,200,960,76.92,6528,1533.34,135.82,54.5,7.76,2.80,1.34,208.33,4.257379669
9000,836,292,14.0,18.8,7.76,54.5,6800,78,58.9,2210,13000,200,960,76.92,6528,1258.52,152.80,54.5,7.76,2.80,1.34,208.33,5.187030302
10000,836,292,14.0,18.8,7.76,54.5,6800,78,58.9,2210,13000,200,960,76.92,6528,1060.33,169.78,54.5,7.76,2.80,1.34,208.33,6.156546788
4000,843,396,34.5,62.1,3.19,19.7,23800,645,93.2,72000,98300,200,960,76.92,22848,49116.07,42.92,19.7,3.19,1.97,1.80,208.33,0.4651837692
4500,843,396,34.5,62.1,3.19,19.7,23800,645,93.2,72000,98300,200,960,76.92,22848,40391.35,48.28,19.7,3.19,1.97,1.80,208.33,0.5656656969
6000,843,396,34.5,62.1,3.19,19.7,23800,645,93.2,72000,98300,200,960,76.92,22848,25753.95,64.38,19.7,3.19,1.97,1.80,208.33,0.8871649206
8000,843,396,34.5,62.1,3.19,19.7,23800,645,93.2,72000,98300,200,960,76.92,22848,17105.07,85.84,19.7,3.19,1.97,1.80,208.33,1.335744077
9000,843,396,34.5,62.1,3.19,19.7,23800,645,93.2,72000,98300,200,960,76.92,22848,14629.19,96.57,19.7,3.19,1.97,1.80,208.33,1.561809272
12000,843,396,34.5,62.1,3.19,19.7,23800,645,93.2,72000,98300,200,960,76.92,22848,10221.57,128.76,19.7,3.19,1.97,1.80,208.33,2.235273583
4000,833,394,31.5,57.1,3.45,21.6,21600,579,92.5,55800,87000,200,960,76.92,20736,42917.23,43.24,21.6,3.45,1.97,1.81,208.33,0.4831625717
4500,833,394,31.5,57.1,3.45,21.6,21600,579,92.5,55800,87000,200,960,76.92,20736,35172.94,48.65,21.6,3.45,1.97,1.81,208.33,0.589544159
6000,833,394,31.5,57.1,3.45,21.6,21600,579,92.5,55800,87000,200,960,76.92,20736,22220.43,64.86,21.6,3.45,1.97,1.81,208.33,0.9331950694
8000,833,394,31.5,57.1,3.45,21.6,21600,579,92.5,55800,87000,200,960,76.92,20736,14621.03,86.49,21.6,3.45,1.97,1.81,208.33,1.418231521
9000,833,394,31.5,57.1,3.45,21.6,21600,579,92.5,55800,87000,200,960,76.92,20736,12460.81,97.30,21.6,3.45,1.97,1.81,208.33,1.66409789
12000,833,394,31.5,57.1,3.45,21.6,21600,579,92.5,55800,87000,200,960,76.92,20736,8643.29,129.73,21.6,3.45,1.97,1.81,208.33,2.399085838
3700,823,391,29.0,52.1,3.75,23.4,19500,516,91.4,42900,77100,200,960,76.92,18720,42903.81,40.48,23.4,3.75,1.97,1.80,208.33,0.4363248793
4500,823,391,29.0,52.1,3.75,23.4,19500,516,91.4,42900,77100,200,960,76.92,18720,30554.41,49.23,23.4,3.75,1.97,1.80,208.33,0.6126774524
6000,823,391,29.0,52.1,3.75,23.4,19500,516,91.4,42900,77100,200,960,76.92,18720,19117.72,65.65,23.4,3.75,1.97,1.80,208.33,0.9791960904
8000,823,391,29.0,52.1,3.75,23.4,19500,516,91.4,42900,77100,200,960,76.92,18720,12452.84,87.53,23.4,3.75,1.97,1.80,208.33,1.503271047
9000,823,391,29.0,52.1,3.75,23.4,19500,516,91.4,42900,77100,200,960,76.92,18720,10571.53,98.47,23.4,3.75,1.97,1.80,208.33,1.770793905
12000,823,391,29.0,52.1,3.75,23.4,19500,516,91.4,42900,77100,200,960,76.92,18720,7272.24,131.29,23.4,3.75,1.97,1.80,208.33,2.574171655
3500,813,389,25.9,47.2,4.12,26.2,17400,458,90.9,31300,67100,200,960,76.92,16704,40918.29,38.50,26.2,4.12,1.97,1.82,208.33,0.4082281568
4500,813,389,25.9,47.2,4.12,26.2,17400,458,90.9,31300,67100,200,960,76.92,16704,26183.74,49.50,26.2,4.12,1.97,1.82,208.33,0.6379530621
6000,813,389,25.9,47.2,4.12,26.2,17400,458,90.9,31300,67100,200,960,76.92,16704,16196.31,66.01,26.2,4.12,1.97,1.82,208.33,1.031346234
8000,813,389,25.9,47.2,4.12,26.2,17400,458,90.9,31300,67100,200,960,76.92,16704,10418.01,88.01,26.2,4.12,1.97,1.82,208.33,1.603376888
9000,813,389,25.9,47.2,4.12,26.2,17400,458,90.9,31300,67100,200,960,76.92,16704,8799.81,99.01,26.2,4.12,1.97,1.82,208.33,1.898223336
12000,813,389,25.9,47.2,4.12,26.2,17400,458,90.9,31300,67100,200,960,76.92,16704,5987.52,132.01,26.2,4.12,1.97,1.82,208.33,2.789802752
3500,803,386,23.6,42.0,4.59,28.7,15500,399,89.7,22500,57700,200,960,76.92,14880,34882.81,39.02,28.7,4.59,1.97,1.78,208.33,0.426571099
4500,803,386,23.6,42.0,4.59,28.7,15500,399,89.7,22500,57700,200,960,76.92,14880,22156.95,50.17,28.7,4.59,1.97,1.78,208.33,0.671572725
6000,803,386,23.6,42.0,4.59,28.7,15500,399,89.7,22500,57700,200,960,76.92,14880,13555.90,66.89,28.7,4.59,1.97,1.78,208.33,1.097677056
8000,803,386,23.6,42.0,4.59,28.7,15500,399,89.7,22500,57700,200,960,76.92,14880,8610.16,89.19,28.7,4.59,1.97,1.78,208.33,1.728190316
9000,803,386,23.6,42.0,4.59,28.7,15500,399,89.7,22500,57700,200,960,76.92,14880,7234.87,100.33,28.7,4.59,1.97,1.78,208.33,2.056705829
12000,803,386,23.6,42.0,4.59,28.7,15500,399,89.7,22500,57700,200,960,76.92,14880,4865.08,133.78,28.7,4.59,1.97,1.78,208.33,3.058530389
3500,795,384,21.1,38.2,5.02,32.2,13900,356,89.2,16800,51000,200,960,76.92,13344,30597.88,39.24,32.2,5.02,1.97,1.81,208.33,0.436108682
4500,795,384,21.1,38.2,5.02,32.2,13900,356,89.2,16800,51000,200,960,76.92,13344,19313.67,50.45,32.2,5.02,1.97,1.81,208.33,0.6909097707
6000,795,384,21.1,38.2,5.02,32.2,13900,356,89.2,16800,51000,200,960,76.92,13344,11703.18,67.26,32.2,5.02,1.97,1.81,208.33,1.140202578
8000,795,384,21.1,38.2,5.02,32.2,13900,356,89.2,16800,51000,200,960,76.92,13344,7347.78,89.69,32.2,5.02,1.97,1.81,208.33,1.81605944
9000,795,384,21.1,38.2,5.02,32.2,13900,356,89.2,16800,51000,200,960,76.92,13344,6143.58,100.90,32.2,5.02,1.97,1.81,208.33,2.172022455
12000,795,384,21.1,38.2,5.02,32.2,13900,356,89.2,16800,51000,200,960,76.92,13344,4083.77,134.53,32.2,5.02,1.97,1.81,208.33,3.267570612
3500,785,384,19.7,33.4,5.74,34.5,12300,315,88.6,11800,44600,200,960,76.92,11808,26553.21,39.50,34.5,5.74,1.96,1.70,208.33,0.4446920342
4500,785,384,19.7,33.4,5.74,34.5,12300,315,88.6,11800,44600,200,960,76.92,11808,16640.83,50.79,34.5,5.74,1.96,1.70,208.33,0.7095798275
6000,785,384,19.7,33.4,5.74,34.5,12300,315,88.6,11800,44600,200,960,76.92,11808,9969.40,67.72,34.5,5.74,1.96,1.70,208.33,1.18442399
8000,785,384,19.7,33.4,5.74,34.5,12300,315,88.6,11800,44600,200,960,76.92,11808,6169.95,90.29,34.5,5.74,1.96,1.70,208.33,1.913792181
9000,785,384,19.7,33.4,5.74,34.5,12300,315,88.6,11800,44600,200,960,76.92,11808,5125.96,101.58,34.5,5.74,1.96,1.70,208.33,2.30357045
12000,785,384,19.7,33.4,5.74,34.5,12300,315,88.6,11800,44600,200,960,76.92,11808,3355.05,135.44,34.5,5.74,1.96,1.70,208.33,3.519470546
3500,780,381,18.0,30.0,6.35,37.7,11100,280,87.9,8740,39200,200,960,76.92,10656,23262.27,39.82,37.7,6.35,1.97,1.67,208.33,0.4580808548
4500,780,381,18.0,30.0,6.35,37.7,11100,280,87.9,8740,39200,200,960,76.92,10656,14507.53,51.19,37.7,6.35,1.97,1.67,208.33,0.7345151225
6000,780,381,18.0,30.0,6.35,37.7,11100,280,87.9,8740,39200,200,960,76.92,10656,8622.24,68.26,37.7,6.35,1.97,1.67,208.33,1.235873385
8000,780,381,18.0,30.0,6.35,37.7,11100,280,87.9,8740,39200,200,960,76.92,10656,5280.32,91.01,37.7,6.35,1.97,1.67,208.33,2.018061373
9000,780,381,18.0,30.0,6.35,37.7,11100,280,87.9,8740,39200,200,960,76.92,10656,4365.63,102.39,37.7,6.35,1.97,1.67,208.33,2.440887137
12000,780,381,18.0,30.0,6.35,37.7,11100,280,87.9,8740,39200,200,960,76.92,10656,2822.71,136.52,37.7,6.35,1.97,1.67,208.33,3.775099807
3500,772,381,16.6,27.1,7.04,40.8,9950,249,86.9,6490,34600,200,960,76.92,9552,20451.58,40.28,40.8,7.04,1.96,1.63,208.33,0.467054445
4500,772,381,16.6,27.1,7.04,40.8,9950,249,86.9,6490,34600,200,960,76.92,9552,12699.61,51.78,40.8,7.04,1.96,1.63,208.33,0.7521491099
6000,772,381,16.6,27.1,7.04,40.8,9950,249,86.9,6490,34600,200,960,76.92,9552,7493.16,69.04,40.8,7.04,1.96,1.63,208.33,1.274762653
8000,772,381,16.6,27.1,7.04,40.8,9950,249,86.9,6490,34600,200,960,76.92,9552,4543.56,92.06,40.8,7.04,1.96,1.63,208.33,2.102315765
9000,772,381,16.6,27.1,7.04,40.8,9950,249,86.9,6490,34600,200,960,76.92,9552,3738.85,103.57,40.8,7.04,1.96,1.63,208.33,2.554797318
12000,772,381,16.6,27.1,7.04,40.8,9950,249,86.9,6490,34600,200,960,76.92,9552,2387.97,138.09,40.8,7.04,1.96,1.63,208.33,4.000053042
2200,780,267,16.5,30.1,4.44,41.6,8190,95,57.9,6040,13300,200,960,76.92,7862.4,19735.38,38.00,41.6,4.44,2.81,1.82,208.33,0.3983911427
4500,780,267,16.5,30.1,4.44,41.6,8190,95,57.9,6040,13300,200,960,76.92,7862.4,5276.30,77.72,41.6,4.44,2.81,1.82,208.33,1.49013584
6000,780,267,16.5,30.1,4.44,41.6,8190,95,57.9,6040,13300,200,960,76.92,7862.4,3258.22,103.63,41.6,4.44,2.81,1.82,208.33,2.41309407
8000,780,267,16.5,30.1,4.44,41.6,8190,95,57.9,6040,13300,200,960,76.92,7862.4,2091.81,138.17,41.6,4.44,2.81,1.82,208.33,3.758651024
9000,780,267,16.5,30.1,4.44,41.6,8190,95,57.9,6040,13300,200,960,76.92,7862.4,1765.53,155.44,41.6,4.44,2.81,1.82,208.33,4.453284321
12000,780,267,16.5,30.1,4.44,41.6,8190,95,57.9,6040,13300,200,960,76.92,7862.4,1199.22,207.25,41.6,4.44,2.81,1.82,208.33,6.556238275
2200,770,267,15.6,25.3,5.27,43.9,7160,82,57.2,4050,11300,200,960,76.92,6873.6,16762.79,38.46,43.9,5.27,2.79,1.62,208.33,0.4100510815
4500,770,267,15.6,25.3,5.27,43.9,7160,82,57.2,4050,11300,200,960,76.92,6873.6,4391.85,78.67,43.9,5.27,2.79,1.62,208.33,1.565082548
6000,770,267,15.6,25.3,5.27,43.9,7160,82,57.2,4050,11300,200,960,76.92,6873.6,2673.85,104.90,43.9,5.27,2.79,1.62,208.33,2.570675987
8000,770,267,15.6,25.3,5.27,43.9,7160,82,57.2,4050,11300,200,960,76.92,6873.6,1688.43,139.86,43.9,5.27,2.79,1.62,208.33,4.070990699
9000,770,267,15.6,25.3,5.27,43.9,7160,82,57.2,4050,11300,200,960,76.92,6873.6,1415.23,157.34,43.9,5.27,2.79,1.62,208.33,4.85687926
12000,770,267,15.6,25.3,5.27,43.9,7160,82,57.2,4050,11300,200,960,76.92,6873.6,946.23,209.79,43.9,5.27,2.79,1.62,208.33,7.264181329
2200,767,267,14.9,23.6,5.65,46.2,6690,75,56.6,3330,10400,200,960,76.92,6422.4,15395.90,38.87,46.2,5.65,2.78,1.59,208.33,0.4171499699
4500,767,267,14.9,23.6,5.65,46.2,6690,75,56.6,3330,10400,200,960,76.92,6422.4,3999.55,79.51,46.2,5.65,2.78,1.59,208.33,1.605780193
6000,767,267,14.9,23.6,5.65,46.2,6690,75,56.6,3330,10400,200,960,76.92,6422.4,2419.80,106.01,46.2,5.65,2.78,1.59,208.33,2.654108618
8000,767,267,14.9,23.6,5.65,46.2,6690,75,56.6,3330,10400,200,960,76.92,6422.4,1516.36,141.34,46.2,5.65,2.78,1.59,208.33,4.23541349
9000,767,267,14.9,23.6,5.65,46.2,6690,75,56.6,3330,10400,200,960,76.92,6422.4,1266.79,159.01,46.2,5.65,2.78,1.59,208.33,5.069812249
12000,767,267,14.9,23.6,5.65,46.2,6690,75,56.6,3330,10400,200,960,76.92,6422.4,840.40,212.01,46.2,5.65,2.78,1.59,208.33,7.642094193
2200,762,267,14.4,21.6,6.17,47.8,6190,68,55.6,2680,9370,200,960,76.92,5942.4,13875.45,39.57,47.8,6.17,2.77,1.50,208.33,0.4282670778
4500,762,267,14.4,21.6,6.17,47.8,6190,68,55.6,2680,9370,200,960,76.92,5942.4,3576.44,80.94,47.8,6.17,2.77,1.50,208.33,1.66153829
6000,762,267,14.4,21.6,6.17,47.8,6190,68,55.6,2680,9370,200,960,76.92,5942.4,2151.00,107.91,47.8,6.17,2.77,1.50,208.33,2.762627154
8000,762,267,14.4,21.6,6.17,47.8,6190,68,55.6,2680,9370,200,960,76.92,5942.4,1337.91,143.88,47.8,6.17,2.77,1.50,208.33,4.441566209
9000,762,267,14.4,21.6,6.17,47.8,6190,68,55.6,2680,9370,200,960,76.92,5942.4,1114.03,161.87,47.8,6.17,2.77,1.50,208.33,5.334133744
12000,762,267,14.4,21.6,6.17,47.8,6190,68,55.6,2680,9370,200,960,76.92,5942.4,733.21,215.83,47.8,6.17,2.77,1.50,208.33,8.104663245
2200,757,267,13.8,19.4,6.89,49.6,5670,61,54.6,2080,8300,200,960,76.92,5443.2,12282.23,40.29,49.6,6.89,2.76,1.40,208.33,0.4431768826
4500,757,267,13.8,19.4,6.89,49.6,5670,61,54.6,2080,8300,200,960,76.92,5443.2,3139.45,82.42,49.6,6.89,2.76,1.40,208.33,1.733807136
6000,757,267,13.8,19.4,6.89,49.6,5670,61,54.6,2080,8300,200,960,76.92,5443.2,1875.90,109.89,49.6,6.89,2.76,1.40,208.33,2.901639883
8000,757,267,13.8,19.4,6.89,49.6,5670,61,54.6,2080,8300,200,960,76.92,5443.2,1157.02,146.52,49.6,6.89,2.76,1.40,208.33,4.704481252
9000,757,267,13.8,19.4,6.89,49.6,5670,61,54.6,2080,8300,200,960,76.92,5443.2,959.76,164.84,49.6,6.89,2.76,1.40,208.33,5.671441999
12000,757,267,13.8,19.4,6.89,49.6,5670,61,54.6,2080,8300,200,960,76.92,5443.2,625.76,219.78,49.6,6.89,2.76,1.40,208.33,8.698604055
2200,754,267,13.2,17.1,7.80,51.9,5110,53,53.3,1570,7200,200,960,76.92,4905.6,10679.22,41.28,51.9,7.80,2.76,1.30,208.33,0.4593593016
4500,754,267,13.2,17.1,7.80,51.9,5110,53,53.3,1570,7200,200,960,76.92,4905.6,2708.23,84.43,51.9,7.80,2.76,1.30,208.33,1.811367585
6000,754,267,13.2,17.1,7.80,51.9,5110,53,53.3,1570,7200,200,960,76.92,4905.6,1608.00,112.57,51.9,7.80,2.76,1.30,208.33,3.050738544
8000,754,267,13.2,17.1,7.80,51.9,5110,53,53.3,1570,7200,200,960,76.92,4905.6,983.45,150.09,51.9,7.80,2.76,1.30,208.33,4.988131463
9000,754,267,13.2,17.1,7.80,51.9,5110,53,53.3,1570,7200,200,960,76.92,4905.6,812.59,168.86,51.9,7.80,2.76,1.30,208.33,6.036977648
12000,754,267,13.2,17.1,7.80,51.9,5110,53,53.3,1570,7200,200,960,76.92,4905.6,524.57,225.14,51.9,7.80,2.76,1.30,208.33,9.351671218
2200,749,264,11.9,15.5,8.52,57.5,4640,48,53.1,1180,6440,200,960,76.92,4454.4,9544.34,41.43,57.5,8.52,2.78,1.30,208.33,0.4667056929
4500,749,264,11.9,15.5,8.52,57.5,4640,48,53.1,1180,6440,200,960,76.92,4454.4,2399.46,84.75,57.5,8.52,2.78,1.30,208.33,1.85641478
6000,749,264,11.9,15.5,8.52,57.5,4640,48,53.1,1180,6440,200,960,76.92,4454.4,1414.45,112.99,57.5,8.52,2.78,1.30,208.33,3.149206041
8000,749,264,11.9,15.5,8.52,57.5,4640,48,53.1,1180,6440,200,960,76.92,4454.4,856.57,150.66,57.5,8.52,2.78,1.30,208.33,5.200295696
9000,749,264,11.9,15.5,8.52,57.5,4640,48,53.1,1180,6440,200,960,76.92,4454.4,704.42,169.49,57.5,8.52,2.78,1.30,208.33,6.323478041
10000,749,264,11.9,15.5,8.52,57.5,4640,48,53.1,1180,6440,200,960,76.92,4454.4,594.60,188.32,57.5,8.52,2.78,1.30,208.33,7.49143985
4300,826,389,50.0,90.5,2.15,12.1,31000,878,92.7,206000,119000,200,960,76.92,29760,67767.35,46.39,12.1,2.15,1.89,1.81,208.33,0.4391495265
6000,826,389,50.0,90.5,2.15,12.1,31000,878,92.7,206000,119000,200,960,76.92,29760,42990.92,64.72,12.1,2.15,1.89,1.81,208.33,0.69223917
8000,826,389,50.0,90.5,2.15,12.1,31000,878,92.7,206000,119000,200,960,76.92,29760,30115.82,86.30,12.1,2.15,1.89,1.81,208.33,0.9881850594
9000,826,389,50.0,90.5,2.15,12.1,31000,878,92.7,206000,119000,200,960,76.92,29760,26236.00,97.09,12.1,2.15,1.89,1.81,208.33,1.134319086
10000,826,389,50.0,90.5,2.15,12.1,31000,878,92.7,206000,119000,200,960,76.92,29760,23262.80,107.87,12.1,2.15,1.89,1.81,208.33,1.279295575
16000,826,389,50.0,90.5,2.15,12.1,31000,878,92.7,206000,119000,200,960,76.92,29760,13955.64,172.60,12.1,2.15,1.89,1.81,208.33,2.132471486
3500,772,373,35.1,63.0,2.96,17.3,20300,545,88.4,70800,68500,200,960,76.92,19488,49842.44,39.59,17.3,2.96,1.90,1.80,208.33,0.3909920592
6000,772,373,35.1,63.0,2.96,17.3,20300,545,88.4,70800,68500,200,960,76.92,19488,21723.40,67.87,17.3,2.96,1.90,1.80,208.33,0.8970972289
8000,772,373,35.1,63.0,2.96,17.3,20300,545,88.4,70800,68500,200,960,76.92,19488,14766.38,90.50,17.3,2.96,1.90,1.80,208.33,1.319754699
9000,772,373,35.1,63.0,2.96,17.3,20300,545,88.4,70800,68500,200,960,76.92,19488,12734.87,101.81,17.3,2.96,1.90,1.80,208.33,1.530286337
10000,772,373,35.1,63.0,2.96,17.3,20300,545,88.4,70800,68500,200,960,76.92,19488,11203.03,113.12,17.3,2.96,1.90,1.80,208.33,1.739529523
16000,772,373,35.1,63.0,2.96,17.3,20300,545,88.4,70800,68500,200,960,76.92,19488,6563.87,181.00,17.3,2.96,1.90,1.80,208.33,2.968978538
3500,762,371,32.0,58.2,3.19,18.9,18500,491,87.6,54500,60700,200,960,76.92,17760,43557.19,39.95,18.9,3.19,1.90,1.82,208.33,0.4077397726
6000,762,371,32.0,58.2,3.19,18.9,18500,491,87.6,54500,60700,200,960,76.92,17760,18640.27,68.49,18.9,3.19,1.90,1.82,208.33,0.952776009
8000,762,371,32.0,58.2,3.19,18.9,18500,491,87.6,54500,60700,200,960,76.92,17760,12554.05,91.32,18.9,3.19,1.90,1.82,208.33,1.414682753
9000,762,371,32.0,58.2,3.19,18.9,18500,491,87.6,54500,60700,200,960,76.92,17760,10791.60,102.74,18.9,3.19,1.90,1.82,208.33,1.645724619
10000,762,371,32.0,58.2,3.19,18.9,18500,491,87.6,54500,60700,200,960,76.92,17760,9468.73,114.16,18.9,3.19,1.90,1.82,208.33,1.875647327
16000,762,371,32.0,58.2,3.19,18.9,18500,491,87.6,54500,60700,200,960,76.92,17760,5502.59,182.65,18.9,3.19,1.90,1.82,208.33,3.22757231
3500,752,366,29.5,52.9,3.46,20.6,16900,437,86.6,42000,53400,200,960,76.92,16224,37818.39,40.42,20.6,3.46,1.91,1.79,208.33,0.4289976396
6000,752,366,29.5,52.9,3.46,20.6,16900,437,86.6,42000,53400,200,960,76.92,16224,15913.78,69.28,20.6,3.46,1.91,1.79,208.33,1.019493477
8000,752,366,29.5,52.9,3.46,20.6,16900,437,86.6,42000,53400,200,960,76.92,16224,10621.81,92.38,20.6,3.46,1.91,1.79,208.33,1.527423582
9000,752,366,29.5,52.9,3.46,20.6,16900,437,86.6,42000,53400,200,960,76.92,16224,9100.92,103.93,20.6,3.46,1.91,1.79,208.33,1.782677406
10000,752,366,29.5,52.9,3.46,20.6,16900,437,86.6,42000,53400,200,960,76.92,16224,7964.26,115.47,20.6,3.46,1.91,1.79,208.33,2.03709992
16000,752,366,29.5,52.9,3.46,20.6,16900,437,86.6,42000,53400,200,960,76.92,16224,4589.43,184.76,20.6,3.46,1.91,1.79,208.33,3.535079004
3500,744,366,26.9,49.2,3.72,22.5,15300,397,86.1,33100,47800,200,960,76.92,14688,33542.45,40.65,22.5,3.72,1.90,1.83,208.33,0.4378929111
6000,744,366,26.9,49.2,3.72,22.5,15300,397,86.1,33100,47800,200,960,76.92,14688,13893.27,69.69,22.5,3.72,1.90,1.83,208.33,1.057202744
8000,744,366,26.9,49.2,3.72,22.5,15300,397,86.1,33100,47800,200,960,76.92,14688,9191.34,92.92,22.5,3.72,1.90,1.83,208.33,1.598025874
9000,744,366,26.9,49.2,3.72,22.5,15300,397,86.1,33100,47800,200,960,76.92,14688,7849.40,104.53,22.5,3.72,1.90,1.83,208.33,1.871226274
10000,744,366,26.9,49.2,3.72,22.5,15300,397,86.1,33100,47800,200,960,76.92,14688,6850.56,116.14,22.5,3.72,1.90,1.83,208.33,2.144058607
16000,744,366,26.9,49.2,3.72,22.5,15300,397,86.1,33100,47800,200,960,76.92,14688,3913.01,185.83,22.5,3.72,1.90,1.83,208.33,3.753630523
3500,737,363,24.9,45.0,4.03,24.4,14000,358,85.3,25600,42700,200,960,76.92,13440,29599.00,41.03,24.4,4.03,1.91,1.81,208.33,0.4540693681
6000,737,363,24.9,45.0,4.03,24.4,14000,358,85.3,25600,42700,200,960,76.92,13440,12050.16,70.34,24.4,4.03,1.91,1.81,208.33,1.115337816
8000,737,363,24.9,45.0,4.03,24.4,14000,358,85.3,25600,42700,200,960,76.92,13440,7891.08,93.79,24.4,4.03,1.91,1.81,208.33,1.703188651
9000,737,363,24.9,45.0,4.03,24.4,14000,358,85.3,25600,42700,200,960,76.92,13440,6712.83,105.51,24.4,4.03,1.91,1.81,208.33,2.002136271
10000,737,363,24.9,45.0,4.03,24.4,14000,358,85.3,25600,42700,200,960,76.92,13440,5839.75,117.23,24.4,4.03,1.91,1.81,208.33,2.301469778
16000,737,363,24.9,45.0,4.03,24.4,14000,358,85.3,25600,42700,200,960,76.92,13440,3299.73,187.57,24.4,4.03,1.91,1.81,208.33,4.07305764
3500,729,361,23.1,40.9,4.41,26.2,12700,320,84.6,19600,37900,200,960,76.92,12192,25958.11,41.37,26.2,4.41,1.91,1.77,208.33,0.4696797665
6000,729,361,23.1,40.9,4.41,26.2,12700,320,84.6,19600,37900,200,960,76.92,12192,10390.92,70.92,26.2,4.41,1.91,1.77,208.33,1.173331897
8000,729,361,23.1,40.9,4.41,26.2,12700,320,84.6,19600,37900,200,960,76.92,12192,6733.12,94.56,26.2,4.41,1.91,1.77,208.33,1.810750763
9000,729,361,23.1,40.9,4.41,26.2,12700,320,84.6,19600,37900,200,960,76.92,12192,5704.12,106.38,26.2,4.41,1.91,1.77,208.33,2.137402521
10000,729,361,23.1,40.9,4.41,26.2,12700,320,84.6,19600,37900,200,960,76.92,12192,4944.97,118.20,26.2,4.41,1.91,1.77,208.33,2.465536005
16000,729,361,23.1,40.9,4.41,26.2,12700,320,84.6,19600,37900,200,960,76.92,12192,2760.70,189.13,26.2,4.41,1.91,1.77,208.33,4.416267599
3500,721,358,21.1,38.0,4.71,28.7,11700,293,84.3,15700,34400,200,960,76.92,11232,23387.34,41.52,28.7,4.71,1.91,1.80,208.33,0.4802597538
6000,721,358,21.1,38.0,4.71,28.7,11700,293,84.3,15700,34400,200,960,76.92,11232,9235.75,71.17,28.7,4.71,1.91,1.80,208.33,1.216143338
8000,721,358,21.1,38.0,4.71,28.7,11700,293,84.3,15700,34400,200,960,76.92,11232,5931.54,94.90,28.7,4.71,1.91,1.80,208.33,1.893605443
9000,721,358,21.1,38.0,4.71,28.7,11700,293,84.3,15700,34400,200,960,76.92,11232,5007.05,106.76,28.7,4.71,1.91,1.80,208.33,2.243238449
10000,721,358,21.1,38.0,4.71,28.7,11700,293,84.3,15700,34400,200,960,76.92,11232,4327.38,118.62,28.7,4.71,1.91,1.80,208.33,2.595564857
16000,721,358,21.1,38.0,4.71,28.7,11700,293,84.3,15700,34400,200,960,76.92,11232,2389.70,189.80,28.7,4.71,1.91,1.80,208.33,4.700171235
3300,714,356,19.1,34.0,5.24,31.8,10300,258,83.6,11300,29800,200,960,76.92,9888,22433.38,39.47,31.8,5.24,1.91,1.78,208.33,0.4407717965
6000,714,356,19.1,34.0,5.24,31.8,10300,258,83.6,11300,29800,200,960,76.92,9888,7795.50,71.77,31.8,5.24,1.91,1.78,208.33,1.268423723
8000,714,356,19.1,34.0,5.24,31.8,10300,258,83.6,11300,29800,200,960,76.92,9888,4941.77,95.69,31.8,5.24,1.91,1.78,208.33,2.000903411
9000,714,356,19.1,34.0,5.24,31.8,10300,258,83.6,11300,29800,200,960,76.92,9888,4149.02,107.66,31.8,5.24,1.91,1.78,208.33,2.383216018
10000,714,356,19.1,34.0,5.24,31.8,10300,258,83.6,11300,29800,200,960,76.92,9888,3568.99,119.62,31.8,5.24,1.91,1.78,208.33,2.770529708
16000,714,356,19.1,34.0,5.24,31.8,10300,258,83.6,11300,29800,200,960,76.92,9888,1936.99,191.39,31.8,5.24,1.91,1.78,208.33,5.104825087
3300,706,358,18.4,30.2,5.92,32.9,9340,231,82.6,8370,26400,200,960,76.92,8966.4,19751.24,39.95,32.9,5.92,1.89,1.64,208.33,0.4539663958
6000,706,358,18.4,30.2,5.92,32.9,9340,231,82.6,8370,26400,200,960,76.92,8966.4,6742.33,72.64,32.9,5.92,1.89,1.64,208.33,1.329866865
8000,706,358,18.4,30.2,5.92,32.9,9340,231,82.6,8370,26400,200,960,76.92,8966.4,4222.27,96.85,32.9,5.92,1.89,1.64,208.33,2.123598513
9000,706,358,18.4,30.2,5.92,32.9,9340,231,82.6,8370,26400,200,960,76.92,8966.4,3526.34,108.96,32.9,5.92,1.89,1.64,208.33,2.542694812
10000,706,358,18.4,30.2,5.92,32.9,9340,231,82.6,8370,26400,200,960,76.92,8966.4,3019.25,121.07,32.9,5.92,1.89,1.64,208.33,2.969742132
16000,706,358,18.4,30.2,5.92,32.9,9340,231,82.6,8370,26400,200,960,76.92,8966.4,1609.42,193.70,32.9,5.92,1.89,1.64,208.33,5.571199598
3300,701,356,16.8,27.4,6.49,36.1,8440,207,82.0,6290,23400,200,960,76.92,8102.4,17443.17,40.24,36.1,6.49,1.89,1.63,208.33,0.4645027891
6000,701,356,16.8,27.4,6.49,36.1,8440,207,82.0,6290,23400,200,960,76.92,8102.4,5866.47,73.17,36.1,6.49,1.89,1.63,208.33,1.381136176
8000,701,356,16.8,27.4,6.49,36.1,8440,207,82.0,6290,23400,200,960,76.92,8102.4,3634.36,97.56,36.1,6.49,1.89,1.63,208.33,2.229390333
9000,701,356,16.8,27.4,6.49,36.1,8440,207,82.0,6290,23400,200,960,76.92,8102.4,3020.78,109.76,36.1,6.49,1.89,1.63,208.33,2.682220306
10000,701,356,16.8,27.4,6.49,36.1,8440,207,82.0,6290,23400,200,960,76.92,8102.4,2575.19,121.95,36.1,6.49,1.89,1.63,208.33,3.146328864
16000,701,356,16.8,27.4,6.49,36.1,8440,207,82.0,6290,23400,200,960,76.92,8102.4,1348.89,195.12,36.1,6.49,1.89,1.63,208.33,6.006716348
3000,696,356,15.4,24.9,7.16,39.4,7600,184,81.3,4700,20700,200,960,76.92,7296,18424.38,36.90,39.4,7.16,1.89,1.61,208.33,0.3959971317
6000,696,356,15.4,24.9,7.16,39.4,7600,184,81.3,4700,20700,200,960,76.92,7296,5090.26,73.80,39.4,7.16,1.89,1.61,208.33,1.433324806
8000,696,356,15.4,24.9,7.16,39.4,7600,184,81.3,4700,20700,200,960,76.92,7296,3120.70,98.40,39.4,7.16,1.89,1.61,208.33,2.337936656
9000,696,356,15.4,24.9,7.16,39.4,7600,184,81.3,4700,20700,200,960,76.92,7296,2581.42,110.70,39.4,7.16,1.89,1.61,208.33,2.826347049
10000,696,356,15.4,24.9,7.16,39.4,7600,184,81.3,4700,20700,200,960,76.92,7296,2190.95,123.00,39.4,7.16,1.89,1.61,208.33,3.330069744
16000,696,356,15.4,24.9,7.16,39.4,7600,184,81.3,4700,20700,200,960,76.92,7296,1126.44,196.80,39.4,7.16,1.89,1.61,208.33,6.47705627
2200,701,254,15.5,27.9,4.55,39.7,6470,77,56.1,4620,8730,200,960,76.92,6211.2,14489.02,39.22,39.7,4.55,2.65,1.80,208.33,0.4286831207
6000,701,254,15.5,27.9,4.55,39.7,6470,77,56.1,4620,8730,200,960,76.92,6211.2,2451.88,106.95,39.7,4.55,2.65,1.80,208.33,2.533237196
8000,701,254,15.5,27.9,4.55,39.7,6470,77,56.1,4620,8730,200,960,76.92,6211.2,1591.39,142.60,39.7,4.55,2.65,1.80,208.33,3.903001191
9000,701,254,15.5,27.9,4.55,39.7,6470,77,56.1,4620,8730,200,960,76.92,6211.2,1349.07,160.43,39.7,4.55,2.65,1.80,208.33,4.604075492
10000,701,254,15.5,27.9,4.55,39.7,6470,77,56.1,4620,8730,200,960,76.92,6211.2,1170.17,178.25,39.7,4.55,2.65,1.80,208.33,5.30794989
12000,701,254,15.5,27.9,4.55,39.7,6470,77,56.1,4620,8730,200,960,76.92,6211.2,925.21,213.90,39.7,4.55,2.65,1.80,208.33,6.713262743
2200,693,257,14.5,23.8,5.41,42.5,5620,66,55.4,3050,7410,200,960,76.92,5395.2,12283.76,39.71,42.5,5.41,2.60,1.64,208.33,0.4392139289
6000,693,257,14.5,23.8,5.41,42.5,5620,66,55.4,3050,7410,200,960,76.92,5395.2,1998.09,108.30,42.5,5.41,2.60,1.64,208.33,2.700175957
8000,693,257,14.5,23.8,5.41,42.5,5620,66,55.4,3050,7410,200,960,76.92,5395.2,1273.92,144.40,42.5,5.41,2.60,1.64,208.33,4.235123508
9000,693,257,14.5,23.8,5.41,42.5,5620,66,55.4,3050,7410,200,960,76.92,5395.2,1072.13,162.45,42.5,5.41,2.60,1.64,208.33,5.032208678
10000,693,257,14.5,23.8,5.41,42.5,5620,66,55.4,3050,7410,200,960,76.92,5395.2,924.19,180.51,42.5,5.41,2.60,1.64,208.33,5.8377465
12000,693,257,14.5,23.8,5.41,42.5,5620,66,55.4,3050,7410,200,960,76.92,5395.2,723.57,216.61,42.5,5.41,2.60,1.64,208.33,7.456411626
2200,688,254,13.1,21.1,6.03,47.1,5000,58,54.6,2200,6440,200,960,76.92,4800,10643.86,40.29,47.1,6.03,2.63,1.61,208.33,0.4509643281
6000,688,254,13.1,21.1,6.03,47.1,5000,58,54.6,2200,6440,200,960,76.92,4800,1686.96,109.89,47.1,6.03,2.63,1.61,208.33,2.845360713
8000,688,254,13.1,21.1,6.03,47.1,5000,58,54.6,2200,6440,200,960,76.92,4800,1061.76,146.52,47.1,6.03,2.63,1.61,208.33,4.520796531
9000,688,254,13.1,21.1,6.03,47.1,5000,58,54.6,2200,6440,200,960,76.92,4800,888.70,164.84,47.1,6.03,2.63,1.61,208.33,5.401134739
10000,688,254,13.1,21.1,6.03,47.1,5000,58,54.6,2200,6440,200,960,76.92,4800,762.40,183.15,47.1,6.03,2.63,1.61,208.33,6.295945195
12000,688,254,13.1,21.1,6.03,47.1,5000,58,54.6,2200,6440,200,960,76.92,4800,592.23,219.78,47.1,6.03,2.63,1.61,208.33,8.104935293
2200,683,254,12.4,19.0,6.70,49.5,4560,52,53.8,1680,5720,200,960,76.92,4377.6,9429.49,40.89,49.5,6.70,2.61,1.53,208.33,0.4642454425
6000,683,254,12.4,19.0,6.70,49.5,4560,52,53.8,1680,5720,200,960,76.92,4377.6,1466.38,111.52,49.5,6.70,2.61,1.53,208.33,2.985306738
8000,683,254,12.4,19.0,6.70,49.5,4560,52,53.8,1680,5720,200,960,76.92,4377.6,913.66,148.70,49.5,6.70,2.61,1.53,208.33,4.791277014
9000,683,254,12.4,19.0,6.70,49.5,4560,52,53.8,1680,5720,200,960,76.92,4377.6,761.36,167.29,49.5,6.70,2.61,1.53,208.33,5.749682478
10000,683,254,12.4,19.0,6.70,49.5,4560,52,53.8,1680,5720,200,960,76.92,4377.6,650.57,185.87,49.5,6.70,2.61,1.53,208.33,6.728854821
12000,683,254,12.4,19.0,6.70,49.5,4560,52,53.8,1680,5720,200,960,76.92,4377.6,502.04,223.05,49.5,6.70,2.61,1.53,208.33,8.719671721
2200,678,254,11.7,16.3,7.78,52.7,4000,44,52.6,1170,4810,200,960,76.92,3840,7957.75,41.83,52.7,7.78,2.61,1.40,208.33,0.4825485643
6000,678,254,11.7,16.3,7.78,52.7,4000,44,52.6,1170,4810,200,960,76.92,3840,1211.56,114.07,52.7,7.78,2.61,1.40,208.33,3.169454556
8000,678,254,11.7,16.3,7.78,52.7,4000,44,52.6,1170,4810,200,960,76.92,3840,745.89,152.09,52.7,7.78,2.61,1.40,208.33,5.148186307
9000,678,254,11.7,16.3,7.78,52.7,4000,44,52.6,1170,4810,200,960,76.92,3840,618.20,171.10,52.7,7.78,2.61,1.40,208.33,6.211610554
10000,678,254,11.7,16.3,7.78,52.7,4000,44,52.6,1170,4810,200,960,76.92,3840,525.63,190.11,52.7,7.78,2.61,1.40,208.33,7.305538459
12000,678,254,11.7,16.3,7.78,52.7,4000,44,52.6,1170,4810,200,960,76.92,3840,402.20,228.14,52.7,7.78,2.61,1.40,208.33,9.547387317
3800,711,348,38.6,69.3,2.51,14.2,18500,483,83.1,83700,49900,200,960,76.92,17760,38760.96,45.73,14.2,2.51,1.84,1.80,208.33,0.4581930264
6000,711,348,38.6,69.3,2.51,14.2,18500,483,83.1,83700,49900,200,960,76.92,17760,20419.82,72.20,14.2,2.51,1.84,1.80,208.33,0.8697433686
8000,711,348,38.6,69.3,2.51,14.2,18500,483,83.1,83700,49900,200,960,76.92,17760,14280.86,96.27,14.2,2.51,1.84,1.80,208.33,1.243622349
9000,711,348,38.6,69.3,2.51,14.2,18500,483,83.1,83700,49900,200,960,76.92,17760,12434.45,108.30,14.2,2.51,1.84,1.80,208.33,1.428289722
12000,711,348,38.6,69.3,2.51,14.2,18500,483,83.1,83700,49900,200,960,76.92,17760,8995.91,144.40,14.2,2.51,1.84,1.80,208.33,1.974229991
18000,711,348,38.6,69.3,2.51,14.2,18500,483,83.1,83700,49900,200,960,76.92,17760,5835.09,216.61,14.2,2.51,1.84,1.80,208.33,3.043653232
3500,699,343,35.1,62.8,2.73,15.6,16700,429,82.0,63300,43200,200,960,76.92,16032,37462.49,42.68,15.6,2.73,1.85,1.79,208.33,0.4279480174
6000,699,343,35.1,62.8,2.73,15.6,16700,429,82.0,63300,43200,200,960,76.92,16032,17093.16,73.17,15.6,2.73,1.85,1.79,208.33,0.9379192086
8000,699,343,35.1,62.8,2.73,15.6,16700,429,82.0,63300,43200,200,960,76.92,16032,11866.67,97.56,15.6,2.73,1.85,1.79,208.33,1.351010771
9000,699,343,35.1,62.8,2.73,15.6,16700,429,82.0,63300,43200,200,960,76.92,16032,10307.59,109.76,15.6,2.73,1.85,1.79,208.33,1.555358198
12000,699,343,35.1,62.8,2.73,15.6,16700,429,82.0,63300,43200,200,960,76.92,16032,7423.98,146.34,15.6,2.73,1.85,1.79,208.33,2.159487724
18000,699,343,35.1,62.8,2.73,15.6,16700,429,82.0,63300,43200,200,960,76.92,16032,4797.94,219.51,15.6,2.73,1.85,1.79,208.33,3.341436603
3500,688,340,32.0,57.8,2.94,17.1,15100,383,81.3,48700,38100,200,960,76.92,14496,32356.94,43.05,17.1,2.94,1.85,1.81,208.33,0.4480028632
6000,688,340,32.0,57.8,2.94,17.1,15100,383,81.3,48700,38100,200,960,76.92,14496,14501.55,73.80,17.1,2.94,1.85,1.81,208.33,0.9996175608
8000,688,340,32.0,57.8,2.94,17.1,15100,383,81.3,48700,38100,200,960,76.92,14496,9988.14,98.40,17.1,2.94,1.85,1.81,208.33,1.45132101
9000,688,340,32.0,57.8,2.94,17.1,15100,383,81.3,48700,38100,200,960,76.92,14496,8653.02,110.70,17.1,2.94,1.85,1.81,208.33,1.675252996
12000,688,340,32.0,57.8,2.94,17.1,15100,383,81.3,48700,38100,200,960,76.92,14496,6201.39,147.60,17.1,2.94,1.85,1.81,208.33,2.337540474
18000,688,340,32.0,57.8,2.94,17.1,15100,383,81.3,48700,38100,200,960,76.92,14496,3991.27,221.40,17.1,2.94,1.85,1.81,208.33,3.631924429
3000,678,338,29.5,53.1,3.18,18.6,13700,343,80.5,37700,33600,200,960,76.92,13152,36411.14,37.27,18.6,3.18,1.85,1.80,208.33,0.361208171
6000,678,338,29.5,53.1,3.18,18.6,13700,343,80.5,37700,33600,200,960,76.92,13152,12371.69,74.53,18.6,3.18,1.85,1.80,208.33,1.063072061
8000,678,338,29.5,53.1,3.18,18.6,13700,343,80.5,37700,33600,200,960,76.92,13152,8453.55,99.38,18.6,3.18,1.85,1.80,208.33,1.555796235
9000,678,338,29.5,53.1,3.18,18.6,13700,343,80.5,37700,33600,200,960,76.92,13152,7303.72,111.80,18.6,3.18,1.85,1.80,208.33,1.800726494
12000,678,338,29.5,53.1,3.18,18.6,13700,343,80.5,37700,33600,200,960,76.92,13152,5207.27,149.07,18.6,3.18,1.85,1.80,208.33,2.525698153
18000,678,338,29.5,53.1,3.18,18.6,13700,343,80.5,37700,33600,200,960,76.92,13152,3336.74,223.60,18.6,3.18,1.85,1.80,208.33,3.941576613
3500,668,335,26.4,48.0,3.49,20.7,12200,301,79.8,27700,29000,200,960,76.92,11712,23797.23,43.86,20.7,3.49,1.85,1.82,208.33,0.4921580716
6000,668,335,26.4,48.0,3.49,20.7,12200,301,79.8,27700,29000,200,960,76.92,11712,10265.78,75.19,20.7,3.49,1.85,1.82,208.33,1.14087766
8000,668,335,26.4,48.0,3.49,20.7,12200,301,79.8,27700,29000,200,960,76.92,11712,6942.37,100.25,20.7,3.49,1.85,1.82,208.33,1.68703123
9000,668,335,26.4,48.0,3.49,20.7,12200,301,79.8,27700,29000,200,960,76.92,11712,5976.47,112.78,20.7,3.49,1.85,1.82,208.33,1.959685414
12000,668,335,26.4,48.0,3.49,20.7,12200,301,79.8,27700,29000,200,960,76.92,11712,4231.10,150.38,20.7,3.49,1.85,1.82,208.33,2.768074986
18000,668,335,26.4,48.0,3.49,20.7,12200,301,79.8,27700,29000,200,960,76.92,11712,2694.72,225.56,20.7,3.49,1.85,1.82,208.33,4.34627461
3300,660,333,24.4,43.9,3.79,22.5,11100,271,79.0,21400,25800,200,960,76.92,10656,23086.53,41.77,22.5,3.79,1.85,1.80,208.33,0.4615679427
6000,660,333,24.4,43.9,3.79,22.5,11100,271,79.0,21400,25800,200,960,76.92,10656,8834.63,75.95,22.5,3.79,1.85,1.80,208.33,1.206162694
8000,660,333,24.4,43.9,3.79,22.5,11100,271,79.0,21400,25800,200,960,76.92,10656,5918.28,101.27,22.5,3.79,1.85,1.80,208.33,1.800524064
9000,660,333,24.4,43.9,3.79,22.5,11100,271,79.0,21400,25800,200,960,76.92,10656,5077.61,113.92,22.5,3.79,1.85,1.80,208.33,2.098625599
12000,660,333,24.4,43.9,3.79,22.5,11100,271,79.0,21400,25800,200,960,76.92,10656,3570.55,151.90,22.5,3.79,1.85,1.80,208.33,2.984410615
18000,660,333,24.4,43.9,3.79,22.5,11100,271,79.0,21400,25800,200,960,76.92,10656,2260.41,227.85,22.5,3.79,1.85,1.80,208.33,4.714182839
3000,653,330,22.1,39.9,4.14,24.8,9930,241,78.2,15900,22600,200,960,76.92,9532.8,23676.25,38.36,24.8,4.14,1.86,1.80,208.33,0.4026313635
6000,653,330,22.1,39.9,4.14,24.8,9930,241,78.2,15900,22600,200,960,76.92,9532.8,7472.43,76.73,24.8,4.14,1.86,1.80,208.33,1.275729244
8000,653,330,22.1,39.9,4.14,24.8,9930,241,78.2,15900,22600,200,960,76.92,9532.8,4949.03,102.30,24.8,4.14,1.86,1.80,208.33,1.926195959
9000,653,330,22.1,39.9,4.14,24.8,9930,241,78.2,15900,22600,200,960,76.92,9532.8,4228.23,115.09,24.8,4.14,1.86,1.80,208.33,2.254558768
12000,653,330,22.1,39.9,4.14,24.8,9930,241,78.2,15900,22600,200,960,76.92,9532.8,2947.93,153.45,24.8,4.14,1.86,1.80,208.33,3.233722547
18000,653,330,22.1,39.9,4.14,24.8,9930,241,78.2,15900,22600,200,960,76.92,9532.8,1851.67,230.18,24.8,4.14,1.86,1.80,208.33,5.148204333
3300,648,330,20.6,37.2,4.43,26.6,9160,221,78.0,12800,20500,200,960,76.92,8793.6,17975.86,42.31,26.6,4.43,1.85,1.81,208.33,0.4891894304
6000,648,330,20.6,37.2,4.43,26.6,9160,221,78.0,12800,20500,200,960,76.92,8793.6,6621.94,76.92,26.6,4.43,1.85,1.81,208.33,1.327949225
8000,648,330,20.6,37.2,4.43,26.6,9160,221,78.0,12800,20500,200,960,76.92,8793.6,4348.94,102.56,26.6,4.43,1.85,1.81,208.33,2.022009327
9000,648,330,20.6,37.2,4.43,26.6,9160,221,78.0,12800,20500,200,960,76.92,8793.6,3703.70,115.38,26.6,4.43,1.85,1.81,208.33,2.374275465
12000,648,330,20.6,37.2,4.43,26.6,9160,221,78.0,12800,20500,200,960,76.92,8793.6,2565.10,153.85,26.6,4.43,1.85,1.81,208.33,3.4281664
18000,648,330,20.6,37.2,4.43,26.6,9160,221,78.0,12800,20500,200,960,76.92,8793.6,1601.13,230.77,26.6,4.43,1.85,1.81,208.33,5.492125552
3000,640,328,19.1,34.1,4.81,28.7,8370,199,77.2,9950,18400,200,960,76.92,8035.2,18963.01,38.86,28.7,4.81,1.85,1.79,208.33,0.4237302805
6000,640,328,19.1,34.1,4.81,28.7,8370,199,77.2,9950,18400,200,960,76.92,8035.2,5764.00,77.72,28.7,4.81,1.85,1.79,208.33,1.394032408
8000,640,328,19.1,34.1,4.81,28.7,8370,199,77.2,9950,18400,200,960,76.92,8035.2,3746.89,103.63,28.7,4.81,1.85,1.79,208.33,2.144499163
9000,640,328,19.1,34.1,4.81,28.7,8370,199,77.2,9950,18400,200,960,76.92,8035.2,3178.28,116.58,28.7,4.81,1.85,1.79,208.33,2.528161748
12000,640,328,19.1,34.1,4.81,28.7,8370,199,77.2,9950,18400,200,960,76.92,8035.2,2182.59,155.44,28.7,4.81,1.85,1.79,208.33,3.681491003
18000,640,328,19.1,34.1,4.81,28.7,8370,199,77.2,9950,18400,200,960,76.92,8035.2,1351.17,233.16,28.7,4.81,1.85,1.79,208.33,5.946833598
3000,635,330,17.9,31.1,5.31,30.6,7670,184,77.5,7700,16800,200,960,76.92,7363.2,17210.49,38.71,30.6,5.31,1.83,1.74,208.33,0.427832024
6000,635,330,17.9,31.1,5.31,30.6,7670,184,77.5,7700,16800,200,960,76.92,7363.2,5118.97,77.42,30.6,5.31,1.83,1.74,208.33,1.438414715
8000,635,330,17.9,31.1,5.31,30.6,7670,184,77.5,7700,16800,200,960,76.92,7363.2,3288.58,103.23,30.6,5.31,1.83,1.74,208.33,2.239021073
9000,635,330,17.9,31.1,5.31,30.6,7670,184,77.5,7700,16800,200,960,76.92,7363.2,2776.36,116.13,30.6,5.31,1.83,1.74,208.33,2.652105729
12000,635,330,17.9,31.1,5.31,30.6,7670,184,77.5,7700,16800,200,960,76.92,7363.2,1886.94,154.84,30.6,5.31,1.83,1.74,208.33,3.902181979
18000,635,330,17.9,31.1,5.31,30.6,7670,184,77.5,7700,16800,200,960,76.92,7363.2,1156.00,232.26,30.6,5.31,1.83,1.74,208.33,6.36952403
3000,627,328,16.5,27.7,5.92,33.2,6850,163,76.5,5580,14700,200,960,76.92,6576,14971.09,39.22,33.2,5.92,1.83,1.68,208.33,0.4392466107
6000,627,328,16.5,27.7,5.92,33.2,6850,163,76.5,5580,14700,200,960,76.92,6576,4352.69,78.43,33.2,5.92,1.83,1.68,208.33,1.510790507
8000,627,328,16.5,27.7,5.92,33.2,6850,163,76.5,5580,14700,200,960,76.92,6576,2759.48,104.58,33.2,5.92,1.83,1.68,208.33,2.383057143
9000,627,328,16.5,27.7,5.92,33.2,6850,163,76.5,5580,14700,200,960,76.92,6576,2316.88,117.65,33.2,5.92,1.83,1.68,208.33,2.838300548
12000,627,328,16.5,27.7,5.92,33.2,6850,163,76.5,5580,14700,200,960,76.92,6576,1555.15,156.86,33.2,5.92,1.83,1.68,208.33,4.228518261
15000,627,328,16.5,27.7,5.92,33.2,6850,163,76.5,5580,14700,200,960,76.92,6576,1170.39,196.08,33.2,5.92,1.83,1.68,208.33,5.618616867
3000,622,328,15.4,24.5,6.70,35.6,6060,142,75.4,3950,12600,200,960,76.92,5817.6,12803.88,39.79,35.6,6.70,1.82,1.59,208.33,0.4543622177
6000,622,328,15.4,24.5,6.70,35.6,6060,142,75.4,3950,12600,200,960,76.92,5817.6,3645.70,79.58,35.6,6.70,1.82,1.59,208.33,1.595743041
8000,622,328,15.4,24.5,6.70,35.6,6060,142,75.4,3950,12600,200,960,76.92,5817.6,2281.34,106.10,35.6,6.70,1.82,1.59,208.33,2.550081154
9000,622,328,15.4,24.5,6.70,35.6,6060,142,75.4,3950,12600,200,960,76.92,5817.6,1904.69,119.36,35.6,6.70,1.82,1.59,208.33,3.054353205
12000,622,328,15.4,24.5,6.70,35.6,6060,142,75.4,3950,12600,200,960,76.92,5817.6,1261.71,159.15,35.6,6.70,1.82,1.59,208.33,4.610867687
15000,622,328,15.4,24.5,6.70,35.6,6060,142,75.4,3950,12600,200,960,76.92,5817.6,941.22,198.94,35.6,6.70,1.82,1.59,208.33,6.180891205
3000,617,325,14.0,21.6,7.53,39.2,5360,124,74.7,2800,11000,200,960,76.92,5145.6,11074.82,40.16,39.2,7.53,1.83,1.54,208.33,0.4646215971
6000,617,325,14.0,21.6,7.53,39.2,5360,124,74.7,2800,11000,200,960,76.92,5145.6,3090.40,80.32,39.2,7.53,1.83,1.54,208.33,1.665029634
8000,617,325,14.0,21.6,7.53,39.2,5360,124,74.7,2800,11000,200,960,76.92,5145.6,1907.96,107.10,39.2,7.53,1.83,1.54,208.33,2.696913195
9000,617,325,14.0,21.6,7.53,39.2,5360,124,74.7,2800,11000,200,960,76.92,5145.6,1583.36,120.48,39.2,7.53,1.83,1.54,208.33,3.249788411
12000,617,325,14.0,21.6,7.53,39.2,5360,124,74.7,2800,11000,200,960,76.92,5145.6,1033.50,160.64,39.2,7.53,1.83,1.54,208.33,4.978830083
15000,617,325,14.0,21.6,7.53,39.2,5360,124,74.7,2800,11000,200,960,76.92,5145.6,763.06,200.80,39.2,7.53,1.83,1.54,208.33,6.743417032
3000,612,325,12.7,19.1,8.50,43.1,4740,108,73.9,1960,9450,200,960,76.92,4550.4,9506.84,40.60,43.1,8.50,1.82,1.51,208.33,0.4786448327
6000,612,325,12.7,19.1,8.50,43.1,4740,108,73.9,1960,9450,200,960,76.92,4550.4,2607.27,81.19,43.1,8.50,1.82,1.51,208.33,1.745270567
8000,612,325,12.7,19.1,8.50,43.1,4740,108,73.9,1960,9450,200,960,76.92,4550.4,1589.95,108.25,43.1,8.50,1.82,1.51,208.33,2.861971129
9000,612,325,12.7,19.1,8.50,43.1,4740,108,73.9,1960,9450,200,960,76.92,4550.4,1311.91,121.79,43.1,8.50,1.82,1.51,208.33,3.468532189
12000,612,325,12.7,19.1,8.50,43.1,4740,108,73.9,1960,9450,200,960,76.92,4550.4,843.89,162.38,43.1,8.50,1.82,1.51,208.33,5.392171658
15000,612,325,12.7,19.1,8.50,43.1,4740,108,73.9,1960,9450,200,960,76.92,4550.4,616.40,202.98,43.1,8.50,1.82,1.51,208.33,7.382208436
2000,622,229,14.0,24.9,4.59,39.2,4590,50,50.5,2940,4460,200,960,76.92,4406.4,10086.78,39.60,39.2,4.59,2.61,1.78,208.33,0.4368492129
5000,622,229,14.0,24.9,4.59,39.2,4590,50,50.5,2940,4460,200,960,76.92,4406.4,1969.46,99.01,39.2,4.59,2.61,1.78,208.33,2.237362874
8000,622,229,14.0,24.9,4.59,39.2,4590,50,50.5,2940,4460,200,960,76.92,4406.4,976.18,158.42,39.2,4.59,2.61,1.78,208.33,4.513934461
10000,622,229,14.0,24.9,4.59,39.2,4590,50,50.5,2940,4460,200,960,76.92,4406.4,725.83,198.02,39.2,4.59,2.61,1.78,208.33,6.070817507
11000,622,229,14.0,24.9,4.59,39.2,4590,50,50.5,2940,4460,200,960,76.92,4406.4,643.60,217.82,39.2,4.59,2.61,1.78,208.33,6.84644616
12000,622,229,14.0,24.9,4.59,39.2,4590,50,50.5,2940,4460,200,960,76.92,4406.4,578.39,237.62,39.2,4.59,2.61,1.78,208.33,7.618412565
2000,617,230,13.1,22.2,5.18,41.9,4160,45,50.3,2190,4030,200,960,76.92,3993.6,9107.10,39.76,41.9,5.18,2.59,1.69,208.33,0.4385151835
5000,617,230,13.1,22.2,5.18,41.9,4160,45,50.3,2190,4030,200,960,76.92,3993.6,1730.24,99.40,41.9,5.18,2.59,1.69,208.33,2.308112897
8000,617,230,13.1,22.2,5.18,41.9,4160,45,50.3,2190,4030,200,960,76.92,3993.6,838.74,159.05,41.9,5.18,2.59,1.69,208.33,4.761408737
10000,617,230,13.1,22.2,5.18,41.9,4160,45,50.3,2190,4030,200,960,76.92,3993.6,617.59,198.81,41.9,5.18,2.59,1.69,208.33,6.46642213
11000,617,230,13.1,22.2,5.18,41.9,4160,45,50.3,2190,4030,200,960,76.92,3993.6,545.59,218.69,41.9,5.18,2.59,1.69,208.33,7.319715754
12000,617,230,13.1,22.2,5.18,41.9,4160,45,50.3,2190,4030,200,960,76.92,3993.6,488.79,238.57,41.9,5.18,2.59,1.69,208.33,8.170406523
2000,612,229,11.9,19.5,5.86,45.9,3670,39,49.5,1540,3440,200,960,76.92,3523.2,7774.39,40.40,45.9,5.86,2.59,1.64,208.33,0.4531802341
5000,612,229,11.9,19.5,5.86,45.9,3670,39,49.5,1540,3440,200,960,76.92,3523.2,1441.24,101.01,45.9,5.86,2.59,1.64,208.33,2.444556974
8000,612,229,11.9,19.5,5.86,45.9,3670,39,49.5,1540,3440,200,960,76.92,3523.2,683.46,161.62,45.9,5.86,2.59,1.64,208.33,5.154984394
10000,612,229,11.9,19.5,5.86,45.9,3670,39,49.5,1540,3440,200,960,76.92,3523.2,498.10,202.02,45.9,5.86,2.59,1.64,208.33,7.073298288
11000,612,229,11.9,19.5,5.86,45.9,3670,39,49.5,1540,3440,200,960,76.92,3523.2,438.27,222.22,45.9,5.86,2.59,1.64,208.33,8.038951852
12000,612,229,11.9,19.5,5.86,45.9,3670,39,49.5,1540,3440,200,960,76.92,3523.2,391.29,242.42,45.9,5.86,2.59,1.64,208.33,9.003953398
2000,607,228,11.2,17.2,6.61,49.0,3280,34,48.8,1120,2980,200,960,76.92,3148.8,6724.52,40.98,49.0,6.61,2.59,1.54,208.33,0.4682566297
4000,607,228,11.2,17.2,6.61,49.0,3280,34,48.8,1120,2980,200,960,76.92,3148.8,1815.33,81.97,49.0,6.61,2.59,1.54,208.33,1.734560211
6000,607,228,11.2,17.2,6.61,49.0,3280,34,48.8,1120,2980,200,960,76.92,3148.8,897.46,122.95,49.0,6.61,2.59,1.54,208.33,3.508585668
8000,607,228,11.2,17.2,6.61,49.0,3280,34,48.8,1120,2980,200,960,76.92,3148.8,568.57,163.93,49.0,6.61,2.59,1.54,208.33,5.538110033
9000,607,228,11.2,17.2,6.61,49.0,3280,34,48.8,1120,2980,200,960,76.92,3148.8,477.24,184.43,49.0,6.61,2.59,1.54,208.33,6.598000025
10000,607,228,11.2,17.2,6.61,49.0,3280,34,48.8,1120,2980,200,960,76.92,3148.8,410.42,204.92,49.0,6.61,2.59,1.54,208.33,7.672048424
2000,602,228,10.5,14.9,7.66,52.0,2900,29,47.5,778,2530,200,960,76.92,2784,5697.76,42.11,52.0,7.66,2.58,1.42,208.33,0.4886131061
4000,602,228,10.5,14.9,7.66,52.0,2900,29,47.5,778,2530,200,960,76.92,2784,1519.03,84.21,52.0,7.66,2.58,1.42,208.33,1.832744918
6000,602,228,10.5,14.9,7.66,52.0,2900,29,47.5,778,2530,200,960,76.92,2784,739.91,126.32,52.0,7.66,2.58,1.42,208.33,3.76264405
8000,602,228,10.5,14.9,7.66,52.0,2900,29,47.5,778,2530,200,960,76.92,2784,462.41,168.42,52.0,7.66,2.58,1.42,208.33,6.020611651
9000,602,228,10.5,14.9,7.66,52.0,2900,29,47.5,778,2530,200,960,76.92,2784,385.85,189.47,52.0,7.66,2.58,1.42,208.33,7.21524044
10000,602,228,10.5,14.9,7.66,52.0,2900,29,47.5,778,2530,200,960,76.92,2784,330.10,210.53,52.0,7.66,2.58,1.42,208.33,8.433805858
1450,602,179,10.9,15.0,5.97,50.1,2510,14,35.1,712,1240,200,960,76.92,2409.6,5317.92,41.31,50.1,5.97,3.28,1.38,208.33,0.4531093255
2500,602,179,10.9,15.0,5.97,50.1,2510,14,35.1,712,1240,200,960,76.92,2409.6,1866.55,71.23,50.1,5.97,3.28,1.38,208.33,1.290939587
4000,602,179,10.9,15.0,5.97,50.1,2510,14,35.1,712,1240,200,960,76.92,2409.6,795.84,113.96,50.1,5.97,3.28,1.38,208.33,3.027730676
5000,602,179,10.9,15.0,5.97,50.1,2510,14,35.1,712,1240,200,960,76.92,2409.6,545.80,142.45,50.1,5.97,3.28,1.38,208.33,4.414798748
6000,602,179,10.9,15.0,5.97,50.1,2510,14,35.1,712,1240,200,960,76.92,2409.6,407.85,170.94,50.1,5.97,3.28,1.38,208.33,5.908116627
7000,602,179,10.9,15.0,5.97,50.1,2510,14,35.1,712,1240,200,960,76.92,2409.6,322.88,199.43,50.1,5.97,3.28,1.38,208.33,7.462874281
1400,599,178,10.0,12.8,6.94,54.6,2200,12,34.0,491,1040,200,960,76.92,2112,4763.75,41.18,54.6,6.94,3.29,1.28,208.33,0.4433483029
2500,599,178,10.0,12.8,6.94,54.6,2200,12,34.0,491,1040,200,960,76.92,2112,1549.77,73.53,54.6,6.94,3.29,1.28,208.33,1.362781988
4000,599,178,10.0,12.8,6.94,54.6,2200,12,34.0,491,1040,200,960,76.92,2112,652.26,117.65,54.6,6.94,3.29,1.28,208.33,3.237966234
5000,599,178,10.0,12.8,6.94,54.6,2200,12,34.0,491,1040,200,960,76.92,2112,443.34,147.06,54.6,6.94,3.29,1.28,208.33,4.763784735
6000,599,178,10.0,12.8,6.94,54.6,2200,12,34.0,491,1040,200,960,76.92,2112,328.53,176.47,54.6,6.94,3.29,1.28,208.33,6.428729479
7000,599,178,10.0,12.8,6.94,54.6,2200,12,34.0,491,1040,200,960,76.92,2112,258.15,205.88,54.6,6.94,3.29,1.28,208.33,8.181418449
3500,612,328,31.0,55.6,2.95,14.2,12300,328,78.7,44500,25400,200,960,76.92,11808,26109.49,44.47,14.2,2.95,1.70,1.79,208.33,0.4522494406
4000,612,328,31.0,55.6,2.95,14.2,12300,328,78.7,44500,25400,200,960,76.92,11808,21338.14,50.83,14.2,2.95,1.70,1.79,208.33,0.5533754326
4500,612,328,31.0,55.6,2.95,14.2,12300,328,78.7,44500,25400,200,960,76.92,11808,17990.84,57.18,14.2,2.95,1.70,1.79,208.33,0.6563339375
5000,612,328,31.0,55.6,2.95,14.2,12300,328,78.7,44500,25400,200,960,76.92,11808,15532.72,63.53,14.2,2.95,1.70,1.79,208.33,0.760201509
5500,612,328,31.0,55.6,2.95,14.2,12300,328,78.7,44500,25400,200,960,76.92,11808,13660.47,69.89,14.2,2.95,1.70,1.79,208.33,0.8643917337
30000,612,328,31.0,55.6,2.95,14.2,12300,328,78.7,44500,25400,200,960,76.92,11808,2072.37,381.19,14.2,2.95,1.70,1.79,208.33,5.697832298
3500,602,325,27.9,50.5,3.22,15.8,11000,291,78.2,33600,22100,200,960,76.92,10560,22238.37,44.76,15.8,3.22,1.70,1.81,208.33,0.4748549473
4000,602,325,27.9,50.5,3.22,15.8,11000,291,78.2,33600,22100,200,960,76.92,10560,18089.07,51.15,15.8,3.22,1.70,1.81,208.33,0.5837780134
4500,602,325,27.9,50.5,3.22,15.8,11000,291,78.2,33600,22100,200,960,76.92,10560,15188.29,57.54,15.8,3.22,1.70,1.81,208.33,0.6952722673
5000,602,325,27.9,50.5,3.22,15.8,11000,291,78.2,33600,22100,200,960,76.92,10560,13065.80,63.94,15.8,3.22,1.70,1.81,208.33,0.808216818
5500,602,325,27.9,50.5,3.22,15.8,11000,291,78.2,33600,22100,200,960,76.92,10560,11455.05,70.33,15.8,3.22,1.70,1.81,208.33,0.921864042
30000,602,325,27.9,50.5,3.22,15.8,11000,291,78.2,33600,22100,200,960,76.92,10560,1698.22,383.63,15.8,3.22,1.70,1.81,208.33,6.218261004
3000,594,323,25.4,45.5,3.55,17.5,9850,256,77.2,24800,19300,200,960,76.92,9456,24324.50,38.86,17.5,3.55,1.70,1.79,208.33,0.3887437953
3500,594,323,25.4,45.5,3.55,17.5,9850,256,77.2,24800,19300,200,960,76.92,9456,18846.85,45.34,17.5,3.55,1.70,1.79,208.33,0.5017283283
4000,594,323,25.4,45.5,3.55,17.5,9850,256,77.2,24800,19300,200,960,76.92,9456,15246.22,51.81,17.5,3.55,1.70,1.79,208.33,0.6202191229
4500,594,323,25.4,45.5,3.55,17.5,9850,256,77.2,24800,19300,200,960,76.92,9456,12738.20,58.29,17.5,3.55,1.70,1.79,208.33,0.7423341875
5000,594,323,25.4,45.5,3.55,17.5,9850,256,77.2,24800,19300,200,960,76.92,9456,10910.22,64.77,17.5,3.55,1.70,1.79,208.33,0.8667105898
30000,594,323,25.4,45.5,3.55,17.5,9850,256,77.2,24800,19300,200,960,76.92,9456,1370.74,388.60,17.5,3.55,1.70,1.79,208.33,6.898454155
3000,584,320,23.1,41.5,3.86,20.6,8690,226,76.7,17000,16600,200,960,76.92,8342.4,20516.67,39.11,20.6,3.86,1.70,1.79,208.33,0.4066157706
3500,584,320,23.1,41.5,3.86,20.6,8690,226,76.7,17000,16600,200,960,76.92,8342.4,15776.29,45.63,20.6,3.86,1.70,1.79,208.33,0.528793364
4000,584,320,23.1,41.5,3.86,20.6,8690,226,76.7,17000,16600,200,960,76.92,8342.4,12671.25,52.15,20.6,3.86,1.70,1.79,208.33,0.6583723869
4500,584,320,23.1,41.5,3.86,20.6,8690,226,76.7,17000,16600,200,960,76.92,8342.4,10517.28,58.67,20.6,3.86,1.70,1.79,208.33,0.7932092225
5000,584,320,23.1,41.5,3.86,20.6,8690,226,76.7,17000,16600,200,960,76.92,8342.4,8954.43,65.19,20.6,3.86,1.70,1.79,208.33,0.9316507056
30000,584,320,23.1,41.5,3.86,20.6,8690,226,76.7,17000,16600,200,960,76.92,8342.4,1069.27,391.13,20.6,3.86,1.70,1.79,208.33,7.801983284
3000,577,318,21.1,37.7,4.22,22.6,7800,201,76.2,12800,14600,200,960,76.92,7488,17797.27,39.37,22.6,4.22,1.70,1.79,208.33,0.4207386381
3500,577,318,21.1,37.7,4.22,22.6,7800,201,76.2,12800,14600,200,960,76.92,7488,13619.45,45.93,22.6,4.22,1.70,1.79,208.33,0.5498020992
4000,577,318,21.1,37.7,4.22,22.6,7800,201,76.2,12800,14600,200,960,76.92,7488,10888.10,52.49,22.6,4.22,1.70,1.79,208.33,0.6877230416
4500,577,318,21.1,37.7,4.22,22.6,7800,201,76.2,12800,14600,200,960,76.92,7488,8997.72,59.06,22.6,4.22,1.70,1.79,208.33,0.8322109363
5000,577,318,21.1,37.7,4.22,22.6,7800,201,76.2,12800,14600,200,960,76.92,7488,7629.69,65.62,22.6,4.22,1.70,1.79,208.33,0.9814285445
30000,577,318,21.1,37.7,4.22,22.6,7800,201,76.2,12800,14600,200,960,76.92,7488,876.99,393.70,22.6,4.22,1.70,1.79,208.33,8.538251475
3000,572,315,19.1,34.5,4.57,25.0,7080,181,75.9,9820,13000,200,960,76.92,6796.8,15674.92,39.53,25.0,4.57,1.71,1.80,208.33,0.4336099742
3500,572,315,19.1,34.5,4.57,25.0,7080,181,75.9,9820,13000,200,960,76.92,6796.8,11943.83,46.11,25.0,4.57,1.71,1.80,208.33,0.5690636788
4000,572,315,19.1,34.5,4.57,25.0,7080,181,75.9,9820,13000,200,960,76.92,6796.8,9508.22,52.70,25.0,4.57,1.71,1.80,208.33,0.7148342825
4500,572,315,19.1,34.5,4.57,25.0,7080,181,75.9,9820,13000,200,960,76.92,6796.8,7825.62,59.29,25.0,4.57,1.71,1.80,208.33,0.8685316324
5000,572,315,19.1,34.5,4.57,25.0,7080,181,75.9,9820,13000,200,960,76.92,6796.8,6610.58,65.88,25.0,4.57,1.71,1.80,208.33,1.028170414
30000,572,315,19.1,34.5,4.57,25.0,7080,181,75.9,9820,13000,200,960,76.92,6796.8,730.78,395.26,25.0,4.57,1.71,1.80,208.33,9.300788998
3000,561,318,18.3,29.2,5.44,26.1,6110,157,74.9,6410,11000,200,960,76.92,5865.6,13103.52,40.05,26.1,5.44,1.67,1.60,208.33,0.4476354053
3500,561,318,18.3,29.2,5.44,26.1,6110,157,74.9,6410,11000,200,960,76.92,5865.6,9917.66,46.73,26.1,5.44,1.67,1.60,208.33,0.5914298532
4000,561,318,18.3,29.2,5.44,26.1,6110,157,74.9,6410,11000,200,960,76.92,5865.6,7842.07,53.40,26.1,5.44,1.67,1.60,208.33,0.7479653887
4500,561,318,18.3,29.2,5.44,26.1,6110,157,74.9,6410,11000,200,960,76.92,5865.6,6411.77,60.08,26.1,5.44,1.67,1.60,208.33,0.9148170826
5000,561,318,18.3,29.2,5.44,26.1,6110,157,74.9,6410,11000,200,960,76.92,5865.6,5381.99,66.76,26.1,5.44,1.67,1.60,208.33,1.089857417
15000,561,318,18.3,29.2,5.44,26.1,6110,157,74.9,6410,11000,200,960,76.92,5865.6,1180.50,200.27,26.1,5.44,1.67,1.60,208.33,4.968728414
3000,554,315,16.5,26.2,6.01,28.9,5460,139,74.4,4700,9670,200,960,76.92,5241.6,11396.22,40.32,28.9,6.01,1.68,1.59,208.33,0.4599421448
3500,554,315,16.5,26.2,6.01,28.9,5460,139,74.4,4700,9670,200,960,76.92,5241.6,8590.08,47.04,28.9,6.01,1.68,1.59,208.33,0.6101923074
4000,554,315,16.5,26.2,6.01,28.9,5460,139,74.4,4700,9670,200,960,76.92,5241.6,6763.70,53.76,28.9,6.01,1.68,1.59,208.33,0.774960177
4500,554,315,16.5,26.2,6.01,28.9,5460,139,74.4,4700,9670,200,960,76.92,5241.6,5506.76,60.48,28.9,6.01,1.68,1.59,208.33,0.9518485792
5000,554,315,16.5,26.2,6.01,28.9,5460,139,74.4,4700,9670,200,960,76.92,5241.6,4603.22,67.20,28.9,6.01,1.68,1.59,208.33,1.138682098
15000,554,315,16.5,26.2,6.01,28.9,5460,139,74.4,4700,9670,200,960,76.92,5241.6,966.50,201.61,28.9,6.01,1.68,1.59,208.33,5.423271
3000,551,315,15.2,24.4,6.45,31.3,5030,127,74.2,3740,8780,200,960,76.92,4828.8,10285.96,40.43,31.3,6.45,1.67,1.61,208.33,0.4694554044
3500,551,315,15.2,24.4,6.45,31.3,5030,127,74.2,3740,8780,200,960,76.92,4828.8,7732.35,47.17,31.3,6.45,1.67,1.61,208.33,0.6244931183
4000,551,315,15.2,24.4,6.45,31.3,5030,127,74.2,3740,8780,200,960,76.92,4828.8,6071.27,53.91,31.3,6.45,1.67,1.61,208.33,0.7953520856
4500,551,315,15.2,24.4,6.45,31.3,5030,127,74.2,3740,8780,200,960,76.92,4828.8,4928.95,60.65,31.3,6.45,1.67,1.61,208.33,0.9796822104
5000,551,315,15.2,24.4,6.45,31.3,5030,127,74.2,3740,8780,200,960,76.92,4828.8,4108.56,67.39,31.3,6.45,1.67,1.61,208.33,1.17530266
7000,551,315,15.2,24.4,6.45,31.3,5030,127,74.2,3740,8780,200,960,76.92,4828.8,2373.02,94.34,31.3,6.45,1.67,1.61,208.33,2.034874737
3000,546,312,14.0,22.1,7.05,34.1,4570,114,73.7,2840,7840,200,960,76.92,4387.2,9118.90,40.71,34.1,7.05,1.68,1.58,208.33,0.4811108024
3500,546,312,14.0,22.1,7.05,34.1,4570,114,73.7,2840,7840,200,960,76.92,4387.2,6834.60,47.49,34.1,7.05,1.68,1.58,208.33,0.6419104904
4000,546,312,14.0,22.1,7.05,34.1,4570,114,73.7,2840,7840,200,960,76.92,4387.2,5349.52,54.27,34.1,7.05,1.68,1.58,208.33,0.8201111834
4500,546,312,14.0,22.1,7.05,34.1,4570,114,73.7,2840,7840,200,960,76.92,4387.2,4328.98,61.06,34.1,7.05,1.68,1.58,208.33,1.013449766
5000,546,312,14.0,22.1,7.05,34.1,4570,114,73.7,2840,7840,200,960,76.92,4387.2,3596.73,67.84,34.1,7.05,1.68,1.58,208.33,1.219773086
7000,546,312,14.0,22.1,7.05,34.1,4570,114,73.7,2840,7840,200,960,76.92,4387.2,2052.01,94.98,34.1,7.05,1.68,1.58,208.33,2.137997524
3000,544,312,12.7,20.3,7.68,37.5,4150,103,73.4,2170,7040,200,960,76.92,3984,8144.35,40.87,37.5,7.68,1.68,1.60,208.33,0.4891735303
3500,544,312,12.7,20.3,7.68,37.5,4150,103,73.4,2170,7040,200,960,76.92,3984,6088.09,47.68,37.5,7.68,1.68,1.60,208.33,0.6543921609
4000,544,312,12.7,20.3,7.68,37.5,4150,103,73.4,2170,7040,200,960,76.92,3984,4751.83,54.50,37.5,7.68,1.68,1.60,208.33,0.838413906
4500,544,312,12.7,20.3,7.68,37.5,4150,103,73.4,2170,7040,200,960,76.92,3984,3834.08,61.31,37.5,7.68,1.68,1.60,208.33,1.039103162
5000,544,312,12.7,20.3,7.68,37.5,4150,103,73.4,2170,7040,200,960,76.92,3984,3176.07,68.12,37.5,7.68,1.68,1.60,208.33,1.254382357
7000,544,312,12.7,20.3,7.68,37.5,4150,103,73.4,2170,7040,200,960,76.92,3984,1791.09,95.37,37.5,7.68,1.68,1.60,208.33,2.22434622
1800,549,214,14.7,23.6,4.53,32.3,3620,39,46.7,2510,2670,200,960,76.92,3475.2,8580.75,38.54,32.3,4.53,2.46,1.61,208.33,0.404999781
2300,549,214,14.7,23.6,4.53,32.3,3620,39,46.7,2510,2670,200,960,76.92,3475.2,5429.04,49.25,32.3,4.53,2.46,1.61,208.33,0.6401126076
2800,549,214,14.7,23.6,4.53,32.3,3620,39,46.7,2510,2670,200,960,76.92,3475.2,3803.85,59.96,32.3,4.53,2.46,1.61,208.33,0.9136009745
3300,549,214,14.7,23.6,4.53,32.3,3620,39,46.7,2510,2670,200,960,76.92,3475.2,2854.87,70.66,32.3,4.53,2.46,1.61,208.33,1.21728668
3800,549,214,14.7,23.6,4.53,32.3,3620,39,46.7,2510,2670,200,960,76.92,3475.2,2250.87,81.37,32.3,4.53,2.46,1.61,208.33,1.543935918
15000,549,214,14.7,23.6,4.53,32.3,3620,39,46.7,2510,2670,200,960,76.92,3475.2,355.17,321.20,32.3,4.53,2.46,1.61,208.33,9.784723362
1800,544,212,13.1,21.2,5.00,36.4,3210,34,46.5,1810,2320,200,960,76.92,3081.6,7418.28,38.71,36.4,5.00,2.47,1.62,208.33,0.4154064625
2300,544,212,13.1,21.2,5.00,36.4,3210,34,46.5,1810,2320,200,960,76.92,3081.6,4670.63,49.46,36.4,5.00,2.47,1.62,208.33,0.659781956
2800,544,212,13.1,21.2,5.00,36.4,3210,34,46.5,1810,2320,200,960,76.92,3081.6,3255.02,60.22,36.4,5.00,2.47,1.62,208.33,0.9467212795
3300,544,212,13.1,21.2,5.00,36.4,3210,34,46.5,1810,2320,200,960,76.92,3081.6,2429.53,70.97,36.4,5.00,2.47,1.62,208.33,1.268393079
3800,544,212,13.1,21.2,5.00,36.4,3210,34,46.5,1810,2320,200,960,76.92,3081.6,1905.08,81.72,36.4,5.00,2.47,1.62,208.33,1.617571124
7000,544,212,13.1,21.2,5.00,36.4,3210,34,46.5,1810,2320,200,960,76.92,3081.6,738.46,150.54,36.4,5.00,2.47,1.62,208.33,4.172997443
1900,538,211,11.6,18.8,5.60,41.2,2820,29,46.0,1260,1990,200,960,76.92,2707.2,5717.74,41.30,41.2,5.60,2.46,1.62,208.33,0.473473454
2400,538,211,11.6,18.8,5.60,41.2,2820,29,46.0,1260,1990,200,960,76.92,2707.2,3669.76,52.17,41.2,5.60,2.46,1.62,208.33,0.73770561
2900,538,211,11.6,18.8,5.60,41.2,2820,29,46.0,1260,1990,200,960,76.92,2707.2,2584.36,63.04,41.2,5.60,2.46,1.62,208.33,1.047533106
3400,538,211,11.6,18.8,5.60,41.2,2820,29,46.0,1260,1990,200,960,76.92,2707.2,1939.71,73.91,41.2,5.60,2.46,1.62,208.33,1.395673797
3900,538,211,11.6,18.8,5.60,41.2,2820,29,46.0,1260,1990,200,960,76.92,2707.2,1525.01,84.78,41.2,5.60,2.46,1.62,208.33,1.775205025
10000,538,211,11.6,18.8,5.60,41.2,2820,29,46.0,1260,1990,200,960,76.92,2707.2,368.30,217.39,41.2,5.60,2.46,1.62,208.33,7.350453038
1900,536,210,10.9,17.4,6.04,43.6,2620,27,45.7,1020,1820,200,960,76.92,2515.2,5205.79,41.58,43.6,6.04,2.47,1.59,208.33,0.4831542273
2400,536,210,10.9,17.4,6.04,43.6,2620,27,45.7,1020,1820,200,960,76.92,2515.2,3332.90,52.52,43.6,6.04,2.47,1.59,208.33,0.7546572264
2900,536,210,10.9,17.4,6.04,43.6,2620,27,45.7,1020,1820,200,960,76.92,2515.2,2340.64,63.46,43.6,6.04,2.47,1.59,208.33,1.07457668
3400,536,210,10.9,17.4,6.04,43.6,2620,27,45.7,1020,1820,200,960,76.92,2515.2,1751.62,74.40,43.6,6.04,2.47,1.59,208.33,1.435924541
3900,536,210,10.9,17.4,6.04,43.6,2620,27,45.7,1020,1820,200,960,76.92,2515.2,1372.99,85.34,43.6,6.04,2.47,1.59,208.33,1.831910327
10000,536,210,10.9,17.4,6.04,43.6,2620,27,45.7,1020,1820,200,960,76.92,2515.2,322.85,218.82,43.6,6.04,2.47,1.59,208.33,7.790597037
1800,533,209,10.2,15.6,6.70,46.9,2360,24,45.0,762,1600,200,960,76.92,2265.6,5081.56,40.00,46.9,6.70,2.48,1.53,208.33,0.4458474495
2300,533,209,10.2,15.6,6.70,46.9,2360,24,45.0,762,1600,200,960,76.92,2265.6,3167.69,51.11,46.9,6.70,2.48,1.53,208.33,0.715221347
2800,533,209,10.2,15.6,6.70,46.9,2360,24,45.0,762,1600,200,960,76.92,2265.6,2182.95,62.22,46.9,6.70,2.48,1.53,208.33,1.037860351
3300,533,209,10.2,15.6,6.70,46.9,2360,24,45.0,762,1600,200,960,76.92,2265.6,1609.93,73.33,46.9,6.70,2.48,1.53,208.33,1.407268628
3800,533,209,10.2,15.6,6.70,46.9,2360,24,45.0,762,1600,200,960,76.92,2265.6,1246.96,84.44,46.9,6.70,2.48,1.53,208.33,1.816894082
7000,533,209,10.2,15.6,6.70,46.9,2360,24,45.0,762,1600,200,960,76.92,2265.6,450.94,155.56,46.9,6.70,2.48,1.53,208.33,5.024219566
1500,528,209,9.5,13.3,7.87,50.0,2060,20,43.9,516,1340,200,960,76.92,1977.6,6064.31,34.17,50.0,7.87,2.46,1.39,208.33,0.326104506
2000,528,209,9.5,13.3,7.87,50.0,2060,20,43.9,516,1340,200,960,76.92,1977.6,3454.23,45.56,50.0,7.87,2.46,1.39,208.33,0.5725151228
2500,528,209,9.5,13.3,7.87,50.0,2060,20,43.9,516,1340,200,960,76.92,1977.6,2245.64,56.95,50.0,7.87,2.46,1.39,208.33,0.8806397604
3000,528,209,9.5,13.3,7.87,50.0,2060,20,43.9,516,1340,200,960,76.92,1977.6,1588.62,68.34,50.0,7.87,2.46,1.39,208.33,1.244855429
3500,528,209,9.5,13.3,7.87,50.0,2060,20,43.9,516,1340,200,960,76.92,1977.6,1191.96,79.73,50.0,7.87,2.46,1.39,208.33,1.659117684
10000,528,209,9.5,13.3,7.87,50.0,2060,20,43.9,516,1340,200,960,76.92,1977.6,212.22,227.79,50.0,7.87,2.46,1.39,208.33,9.318830083
1700,523,207,8.9,10.9,9.47,53.6,1750,16,42.2,334,1060,200,960,76.92,1680,3761.35,40.28,53.6,9.47,2.47,1.23,208.33,0.4466485853
2200,523,207,8.9,10.9,9.47,53.6,1750,16,42.2,334,1060,200,960,76.92,1680,2271.75,52.13,53.6,9.47,2.47,1.23,208.33,0.7395191561
2700,523,207,8.9,10.9,9.47,53.6,1750,16,42.2,334,1060,200,960,76.92,1680,1529.53,63.98,53.6,9.47,2.47,1.23,208.33,1.098376873
3200,523,207,8.9,10.9,9.47,53.6,1750,16,42.2,334,1060,200,960,76.92,1680,1106.85,75.83,53.6,9.47,2.47,1.23,208.33,1.51782499
3700,523,207,8.9,10.9,9.47,53.6,1750,16,42.2,334,1060,200,960,76.92,1680,843.35,87.68,53.6,9.47,2.47,1.23,208.33,1.992065858
7000,523,207,8.9,10.9,9.47,53.6,1750,16,42.2,334,1060,200,960,76.92,1680,275.91,165.88,53.6,9.47,2.47,1.23,208.33,6.089046656
1400,536,167,10.3,16.6,5.04,46.3,2110,13,34.3,737,857,200,960,76.92,2025.6,4493.18,40.82,46.3,5.04,3.11,1.61,208.33,0.4508166532
1900,536,167,10.3,16.6,5.04,46.3,2110,13,34.3,737,857,200,960,76.92,2025.6,2502.00,55.39,46.3,5.04,3.11,1.61,208.33,0.8095922465
2400,536,167,10.3,16.6,5.04,46.3,2110,13,34.3,737,857,200,960,76.92,2025.6,1617.70,69.97,46.3,5.04,3.11,1.61,208.33,1.252144369
2900,536,167,10.3,16.6,5.04,46.3,2110,13,34.3,737,857,200,960,76.92,2025.6,1148.46,84.55,46.3,5.04,3.11,1.61,208.33,1.763749467
3400,536,167,10.3,16.6,5.04,46.3,2110,13,34.3,737,857,200,960,76.92,2025.6,869.24,99.13,46.3,5.04,3.11,1.61,208.33,2.330311485
7000,536,167,10.3,16.6,5.04,46.3,2110,13,34.3,737,857,200,960,76.92,2025.6,282.99,204.08,46.3,5.04,3.11,1.61,208.33,7.157762946
1200,528,166,9.7,13.6,6.10,49.4,1800,10,33.0,475,690,200,960,76.92,1728,4902.44,36.36,49.4,6.10,3.10,1.41,208.33,0.3524774862
1700,528,166,9.7,13.6,6.10,49.4,1800,10,33.0,475,690,200,960,76.92,1728,2488.06,51.52,49.4,6.10,3.10,1.41,208.33,0.6945167183
2200,528,166,9.7,13.6,6.10,49.4,1800,10,33.0,475,690,200,960,76.92,1728,1521.28,66.67,49.4,6.10,3.10,1.41,208.33,1.135889238
2700,528,166,9.7,13.6,6.10,49.4,1800,10,33.0,475,690,200,960,76.92,1728,1038.97,81.82,49.4,6.10,3.10,1.41,208.33,1.663182527
3200,528,166,9.7,13.6,6.10,49.4,1800,10,33.0,475,690,200,960,76.92,1728,763.75,96.97,49.4,6.10,3.10,1.41,208.33,2.262529586
7000,528,166,9.7,13.6,6.10,49.4,1800,10,33.0,475,690,200,960,76.92,1728,215.07,212.12,49.4,6.10,3.10,1.41,208.33,8.034623966
1300,526,165,8.9,11.4,7.22,53.6,1560,9,32.0,320,567,200,960,76.92,1497.6,3444.98,40.63,53.6,7.22,3.12,1.29,208.33,0.4347199635
1800,526,165,8.9,11.4,7.22,53.6,1560,9,32.0,320,567,200,960,76.92,1497.6,1826.21,56.25,53.6,7.22,3.12,1.29,208.33,0.8200596937
2300,526,165,8.9,11.4,7.22,53.6,1560,9,32.0,320,567,200,960,76.92,1497.6,1141.80,71.88,53.6,7.22,3.12,1.29,208.33,1.311608042
2800,526,165,8.9,11.4,7.22,53.6,1560,9,32.0,320,567,200,960,76.92,1497.6,789.54,87.50,53.6,7.22,3.12,1.29,208.33,1.896795751
3300,526,165,8.9,11.4,7.22,53.6,1560,9,32.0,320,567,200,960,76.92,1497.6,584.45,103.13,53.6,7.22,3.12,1.29,208.33,2.56242314
8000,526,165,8.9,11.4,7.22,53.6,1560,9,32.0,320,567,200,960,76.92,1497.6,138.60,250.00,53.6,7.22,3.12,1.29,208.33,10.80531911
4700,566,305,38.6,69.6,2.19,10.4,12400,331,74.9,73300,20500,200,960,76.92,11904,19472.54,62.75,10.4,2.19,1.63,1.80,208.33,0.6113223016
5200,566,305,38.6,69.6,2.19,10.4,12400,331,74.9,73300,20500,200,960,76.92,11904,17200.61,69.43,10.4,2.19,1.63,1.80,208.33,0.6920684191
5700,566,305,38.6,69.6,2.19,10.4,12400,331,74.9,73300,20500,200,960,76.92,11904,15413.27,76.10,10.4,2.19,1.63,1.80,208.33,0.7723214274
6200,566,305,38.6,69.6,2.19,10.4,12400,331,74.9,73300,20500,200,960,76.92,11904,13970.44,82.78,10.4,2.19,1.63,1.80,208.33,0.8520848782
6700,566,305,38.6,69.6,2.19,10.4,12400,331,74.9,73300,20500,200,960,76.92,11904,12780.91,89.45,10.4,2.19,1.63,1.80,208.33,0.9313887594
30000,566,305,38.6,69.6,2.19,10.4,12400,331,74.9,73300,20500,200,960,76.92,11904,2660.94,400.53,10.4,2.19,1.63,1.80,208.33,4.47360869
3500,556,302,35.6,63.4,2.38,11.3,11100,293,73.9,55800,17700,200,960,76.92,10656,24059.52,47.36,11.3,2.38,1.63,1.78,208.33,0.442901663
4000,556,302,35.6,63.4,2.38,11.3,11100,293,73.9,55800,17700,200,960,76.92,10656,20043.03,54.13,11.3,2.38,1.63,1.78,208.33,0.5316561821
4500,556,302,35.6,63.4,2.38,11.3,11100,293,73.9,55800,17700,200,960,76.92,10656,17174.05,60.89,11.3,2.38,1.63,1.78,208.33,0.6204711486
5000,556,302,35.6,63.4,2.38,11.3,11100,293,73.9,55800,17700,200,960,76.92,10656,15029.74,67.66,11.3,2.38,1.63,1.78,208.33,0.7089944042
5500,556,302,35.6,63.4,2.38,11.3,11100,293,73.9,55800,17700,200,960,76.92,10656,13369.00,74.42,11.3,2.38,1.63,1.78,208.33,0.7970676852
30000,556,302,35.6,63.4,2.38,11.3,11100,293,73.9,55800,17700,200,960,76.92,10656,2185.50,405.95,11.3,2.38,1.63,1.78,208.33,4.87577829
3500,546,300,32.5,58.6,2.56,12.5,10000,261,73.2,42900,15500,200,960,76.92,9600,20455.71,47.81,12.5,2.56,1.62,1.80,208.33,0.4693066946
4000,546,300,32.5,58.6,2.56,12.5,10000,261,73.2,42900,15500,200,960,76.92,9600,16971.09,54.64,12.5,2.56,1.62,1.80,208.33,0.5656677076
4500,546,300,32.5,58.6,2.56,12.5,10000,261,73.2,42900,15500,200,960,76.92,9600,14493.01,61.48,12.5,2.56,1.62,1.80,208.33,0.6623884013
5000,546,300,32.5,58.6,2.56,12.5,10000,261,73.2,42900,15500,200,960,76.92,9600,12648.55,68.31,12.5,2.56,1.62,1.80,208.33,0.7589800206
5500,546,300,32.5,58.6,2.56,12.5,10000,261,73.2,42900,15500,200,960,76.92,9600,11225.50,75.14,12.5,2.56,1.62,1.80,208.33,0.8551957862
30000,546,300,32.5,58.6,2.56,12.5,10000,261,73.2,42900,15500,200,960,76.92,9600,1809.75,409.84,12.5,2.56,1.62,1.80,208.33,5.30459889
3000,536,297,29.5,53.8,2.76,13.8,9000,232,72.4,32800,13500,200,960,76.92,8640,21883.03,41.44,13.8,2.76,1.62,1.82,208.33,0.3948264191
3500,536,297,29.5,53.8,2.76,13.8,9000,232,72.4,32800,13500,200,960,76.92,8640,17361.59,48.34,13.8,2.76,1.62,1.82,208.33,0.4976503372
4000,536,297,29.5,53.8,2.76,13.8,9000,232,72.4,32800,13500,200,960,76.92,8640,14343.48,55.25,13.8,2.76,1.62,1.82,208.33,0.6023641666
4500,536,297,29.5,53.8,2.76,13.8,9000,232,72.4,32800,13500,200,960,76.92,8640,12206.17,62.15,13.8,2.76,1.62,1.82,208.33,0.7078387115
5000,536,297,29.5,53.8,2.76,13.8,9000,232,72.4,32800,13500,200,960,76.92,8640,10621.79,69.06,13.8,2.76,1.62,1.82,208.33,0.8134219599
30000,536,297,29.5,53.8,2.76,13.8,9000,232,72.4,32800,13500,200,960,76.92,8640,1493.00,414.36,13.8,2.76,1.62,1.82,208.33,5.787022027
3000,526,295,26.9,48.8,3.02,15.1,8030,205,71.6,24400,11700,200,960,76.92,7708.8,18515.38,41.90,15.1,3.02,1.62,1.82,208.33,0.4163458013
3500,526,295,26.9,48.8,3.02,15.1,8030,205,71.6,24400,11700,200,960,76.92,7708.8,14603.89,48.88,15.1,3.02,1.62,1.82,208.33,0.5278592895
4000,526,295,26.9,48.8,3.02,15.1,8030,205,71.6,24400,11700,200,960,76.92,7708.8,12004.57,55.87,15.1,3.02,1.62,1.82,208.33,0.6421553502
4500,526,295,26.9,48.8,3.02,15.1,8030,205,71.6,24400,11700,200,960,76.92,7708.8,10172.30,62.85,15.1,3.02,1.62,1.82,208.33,0.757822653
5000,526,295,26.9,48.8,3.02,15.1,8030,205,71.6,24400,11700,200,960,76.92,7708.8,8820.21,69.83,15.1,3.02,1.62,1.82,208.33,0.8739923682
30000,526,295,26.9,48.8,3.02,15.1,8030,205,71.6,24400,11700,200,960,76.92,7708.8,1211.62,418.99,15.1,3.02,1.62,1.82,208.33,6.362414826
3000,518,292,24.4,44.6,3.27,16.7,7240,183,70.9,18600,10200,200,960,76.92,6950.4,15894.60,42.31,16.7,3.27,1.62,1.83,208.33,0.437280564
3500,518,292,24.4,44.6,3.27,16.7,7240,183,70.9,18600,10200,200,960,76.92,6950.4,12473.05,49.37,16.7,3.27,1.62,1.83,208.33,0.55723345
4000,518,292,24.4,44.6,3.27,16.7,7240,183,70.9,18600,10200,200,960,76.92,6950.4,10207.28,56.42,16.7,3.27,1.62,1.83,208.33,0.6809254651
4500,518,292,24.4,44.6,3.27,16.7,7240,183,70.9,18600,10200,200,960,76.92,6950.4,8616.09,63.47,16.7,3.27,1.62,1.83,208.33,0.8066769972
5000,518,292,24.4,44.6,3.27,16.7,7240,183,70.9,18600,10200,200,960,76.92,6950.4,7446.32,70.52,16.7,3.27,1.62,1.83,208.33,0.9334010586
30000,518,292,24.4,44.6,3.27,16.7,7240,183,70.9,18600,10200,200,960,76.92,6950.4,1000.45,423.13,16.7,3.27,1.62,1.83,208.33,6.947275683
3000,508,290,22.6,40.5,3.58,18.0,6520,163,70.1,14100,8940,200,960,76.92,6259.2,13668.82,42.80,18.0,3.58,1.61,1.79,208.33,0.4579182251
3500,508,290,22.6,40.5,3.58,18.0,6520,163,70.1,14100,8940,200,960,76.92,6259.2,10668.64,49.93,18.0,3.58,1.61,1.79,208.33,0.5866912183
4000,508,290,22.6,40.5,3.58,18.0,6520,163,70.1,14100,8940,200,960,76.92,6259.2,8688.60,57.06,18.0,3.58,1.61,1.79,208.33,0.7203921267
4500,508,290,22.6,40.5,3.58,18.0,6520,163,70.1,14100,8940,200,960,76.92,6259.2,7303.16,64.19,18.0,3.58,1.61,1.79,208.33,0.8570541777
5000,508,290,22.6,40.5,3.58,18.0,6520,163,70.1,14100,8940,200,960,76.92,6259.2,6288.50,71.33,18.0,3.58,1.61,1.79,208.33,0.9953402362
30000,508,290,22.6,40.5,3.58,18.0,6520,163,70.1,14100,8940,200,960,76.92,6259.2,823.07,427.96,18.0,3.58,1.61,1.79,208.33,7.604675507
3000,500,287,20.6,36.6,3.92,19.8,5830,144,69.6,10500,7790,200,960,76.92,5596.8,11678.12,43.10,19.8,3.92,1.61,1.78,208.33,0.4792550687
3500,500,287,20.6,36.6,3.92,19.8,5830,144,69.6,10500,7790,200,960,76.92,5596.8,9063.48,50.29,19.8,3.92,1.61,1.78,208.33,0.6175113968
4000,500,287,20.6,36.6,3.92,19.8,5830,144,69.6,10500,7790,200,960,76.92,5596.8,7343.31,57.47,19.8,3.92,1.61,1.78,208.33,0.762163563
4500,500,287,20.6,36.6,3.92,19.8,5830,144,69.6,10500,7790,200,960,76.92,5596.8,6143.94,64.66,19.8,3.92,1.61,1.78,208.33,0.9109467245
5000,500,287,20.6,36.6,3.92,19.8,5830,144,69.6,10500,7790,200,960,76.92,5596.8,5268.85,71.84,19.8,3.92,1.61,1.78,208.33,1.062243734
30000,500,287,20.6,36.6,3.92,19.8,5830,144,69.6,10500,7790,200,960,76.92,5596.8,668.60,431.03,19.8,3.92,1.61,1.78,208.33,8.370938309
3000,495,284,18.5,33.4,4.25,22.0,5280,129,69.1,7990,6900,200,960,76.92,5068.8,10164.66,43.42,22.0,4.25,1.63,1.81,208.33,0.4986691014
3500,495,284,18.5,33.4,4.25,22.0,5280,129,69.1,7990,6900,200,960,76.92,5068.8,7847.70,50.65,22.0,4.25,1.63,1.81,208.33,0.6458961333
4000,495,284,18.5,33.4,4.25,22.0,5280,129,69.1,7990,6900,200,960,76.92,5068.8,6327.33,57.89,22.0,4.25,1.63,1.81,208.33,0.8010967594
4500,495,284,18.5,33.4,4.25,22.0,5280,129,69.1,7990,6900,200,960,76.92,5068.8,5270.42,65.12,22.0,4.25,1.63,1.81,208.33,0.9617457815
5000,495,284,18.5,33.4,4.25,22.0,5280,129,69.1,7990,6900,200,960,76.92,5068.8,4501.76,72.36,22.0,4.25,1.63,1.81,208.33,1.125959349
30000,495,284,18.5,33.4,4.25,22.0,5280,129,69.1,7990,6900,200,960,76.92,5068.8,552.96,434.15,22.0,4.25,1.63,1.81,208.33,9.166650692
2800,490,284,17.0,30.5,4.65,23.9,4750,116,68.6,6040,6100,200,960,76.92,4560,10013.19,40.82,23.9,4.65,1.62,1.80,208.33,0.4553993723
3300,490,284,17.0,30.5,4.65,23.9,4750,116,68.6,6040,6100,200,960,76.92,4560,7527.39,48.10,23.9,4.65,1.62,1.80,208.33,0.6057876629
3800,490,284,17.0,30.5,4.65,23.9,4750,116,68.6,6040,6100,200,960,76.92,4560,5944.29,55.39,23.9,4.65,1.62,1.80,208.33,0.7671229819
4300,490,284,17.0,30.5,4.65,23.9,4750,116,68.6,6040,6100,200,960,76.92,4560,4869.64,62.68,23.9,4.65,1.62,1.80,208.33,0.9364140959
4800,490,284,17.0,30.5,4.65,23.9,4750,116,68.6,6040,6100,200,960,76.92,4560,4103.30,69.97,23.9,4.65,1.62,1.80,208.33,1.111300147
30000,490,284,17.0,30.5,4.65,23.9,4750,116,68.6,6040,6100,200,960,76.92,4560,456.83,437.32,23.9,4.65,1.62,1.80,208.33,9.981793647
2800,483,287,16.6,27.0,5.31,24.5,4290,105,68.3,4410,5450,200,960,76.92,4118.4,8811.53,41.00,24.5,5.31,1.59,1.63,208.33,0.4673875539
3300,483,287,16.6,27.0,5.31,24.5,4290,105,68.3,4410,5450,200,960,76.92,4118.4,6583.70,48.32,24.5,5.31,1.59,1.63,208.33,0.6255448613
3800,483,287,16.6,27.0,5.31,24.5,4290,105,68.3,4410,5450,200,960,76.92,4118.4,5167.86,55.64,24.5,5.31,1.59,1.63,208.33,0.7969255936
4300,483,287,16.6,27.0,5.31,24.5,4290,105,68.3,4410,5450,200,960,76.92,4118.4,4209.26,62.96,24.5,5.31,1.59,1.63,208.33,0.9784136579
4800,483,287,16.6,27.0,5.31,24.5,4290,105,68.3,4410,5450,200,960,76.92,4118.4,3527.77,70.28,24.5,5.31,1.59,1.63,208.33,1.167424579
18000,483,287,16.6,27.0,5.31,24.5,4290,105,68.3,4410,5450,200,960,76.92,4118.4,639.42,263.54,24.5,5.31,1.59,1.63,208.33,6.440868139
2800,475,284,15.0,23.8,5.96,27.2,3770,92,67.6,3110,4670,200,960,76.92,3619.2,7483.58,41.42,27.2,5.96,1.59,1.59,208.33,0.4836187319
3300,475,284,15.0,23.8,5.96,27.2,3770,92,67.6,3110,4670,200,960,76.92,3619.2,5561.98,48.82,27.2,5.96,1.59,1.59,208.33,0.650703203
3800,475,284,15.0,23.8,5.96,27.2,3770,92,67.6,3110,4670,200,960,76.92,3619.2,4342.63,56.21,27.2,5.96,1.59,1.59,208.33,0.8334115096
4300,475,284,15.0,23.8,5.96,27.2,3770,92,67.6,3110,4670,200,960,76.92,3619.2,3518.69,63.61,27.2,5.96,1.59,1.59,208.33,1.028564271
4800,475,284,15.0,23.8,5.96,27.2,3770,92,67.6,3110,4670,200,960,76.92,3619.2,2934.31,71.01,27.2,5.96,1.59,1.59,208.33,1.233408229
18000,475,284,15.0,23.8,5.96,27.2,3770,92,67.6,3110,4670,200,960,76.92,3619.2,506.32,266.27,27.2,5.96,1.59,1.59,208.33,7.14809718
2700,472,282,13.6,22.0,6.41,30.0,3460,84,67.3,2440,4240,200,960,76.92,3321.6,7207.78,40.12,30.0,6.41,1.60,1.62,208.33,0.4608354168
3200,472,282,13.6,22.0,6.41,30.0,3460,84,67.3,2440,4240,200,960,76.92,3321.6,5275.19,47.55,30.0,6.41,1.60,1.62,208.33,0.6296648558
3700,472,282,13.6,22.0,6.41,30.0,3460,84,67.3,2440,4240,200,960,76.92,3321.6,4068.04,54.98,30.0,6.41,1.60,1.62,208.33,0.8165121027
4200,472,282,13.6,22.0,6.41,30.0,3460,84,67.3,2440,4240,200,960,76.92,3321.6,3262.34,62.41,30.0,6.41,1.60,1.62,208.33,1.018164528
4700,472,282,13.6,22.0,6.41,30.0,3460,84,67.3,2440,4240,200,960,76.92,3321.6,2696.68,69.84,30.0,6.41,1.60,1.62,208.33,1.231735702
15000,472,282,13.6,22.0,6.41,30.0,3460,84,67.3,2440,4240,200,960,76.92,3321.6,532.35,222.88,30.0,6.41,1.60,1.62,208.33,6.23955592
2700,467,282,12.2,19.6,7.20,33.4,3050,73,66.8,1710,3650,200,960,76.92,2928,6154.89,40.42,33.4,7.20,1.59,1.61,208.33,0.4757191203
3200,467,282,12.2,19.6,7.20,33.4,3050,73,66.8,1710,3650,200,960,76.92,2928,4484.68,47.90,33.4,7.20,1.59,1.61,208.33,0.6528891051
3700,467,282,12.2,19.6,7.20,33.4,3050,73,66.8,1710,3650,200,960,76.92,2928,3442.36,55.39,33.4,7.20,1.59,1.61,208.33,0.8505800007
4200,467,282,12.2,19.6,7.20,33.4,3050,73,66.8,1710,3650,200,960,76.92,2928,2747.52,62.87,33.4,7.20,1.59,1.61,208.33,1.065688083
4700,467,282,12.2,19.6,7.20,33.4,3050,73,66.8,1710,3650,200,960,76.92,2928,2260.45,70.36,33.4,7.20,1.59,1.61,208.33,1.295319686
15000,467,282,12.2,19.6,7.20,33.4,3050,73,66.8,1710,3650,200,960,76.92,2928,423.40,224.55,33.4,7.20,1.59,1.61,208.33,6.915457497
2500,462,279,10.8,17.2,8.11,37.8,2670,63,66.3,1180,3140,200,960,76.92,2563.2,6094.07,37.71,37.8,8.11,1.59,1.59,208.33,0.420605732
3000,462,279,10.8,17.2,8.11,37.8,2670,63,66.3,1180,3140,200,960,76.92,2563.2,4309.36,45.25,37.8,8.11,1.59,1.59,208.33,0.5947989043
3500,462,279,10.8,17.2,8.11,37.8,2670,63,66.3,1180,3140,200,960,76.92,2563.2,3231.94,52.79,37.8,8.11,1.59,1.59,208.33,0.7930835972
4000,462,279,10.8,17.2,8.11,37.8,2670,63,66.3,1180,3140,200,960,76.92,2563.2,2531.41,60.33,37.8,8.11,1.59,1.59,208.33,1.012558211
4500,462,279,10.8,17.2,8.11,37.8,2670,63,66.3,1180,3140,200,960,76.92,2563.2,2049.93,67.87,37.8,8.11,1.59,1.59,208.33,1.250381803
15000,462,279,10.8,17.2,8.11,37.8,2670,63,66.3,1180,3140,200,960,76.92,2563.2,335.79,226.24,37.8,8.11,1.59,1.59,208.33,7.633294516
1500,470,194,12.6,20.6,4.71,32.4,2390,25,43.2,1450,1260,200,960,76.92,2294.4,6781.37,34.72,32.4,4.71,2.32,1.63,208.33,0.3383388649
2000,470,194,12.6,20.6,4.71,32.4,2390,25,43.2,1450,1260,200,960,76.92,2294.4,3948.14,46.30,32.4,4.71,2.32,1.63,208.33,0.5811341715
2500,470,194,12.6,20.6,4.71,32.4,2390,25,43.2,1450,1260,200,960,76.92,2294.4,2632.68,57.87,32.4,4.71,2.32,1.63,208.33,0.8715059341
3000,470,194,12.6,20.6,4.71,32.4,2390,25,43.2,1450,1260,200,960,76.92,2294.4,1914.28,69.44,32.4,4.71,2.32,1.63,208.33,1.198568322
3500,470,194,12.6,20.6,4.71,32.4,2390,25,43.2,1450,1260,200,960,76.92,2294.4,1477.63,81.02,32.4,4.71,2.32,1.63,208.33,1.552757394
5000,470,194,12.6,20.6,4.71,32.4,2390,25,43.2,1450,1260,200,960,76.92,2294.4,847.17,115.74,32.4,4.71,2.32,1.63,208.33,2.708311511
1500,467,193,11.4,19.1,5.06,35.7,2180,23,42.9,1140,1140,200,960,76.92,2092.8,6110.70,34.97,35.7,5.06,2.32,1.67,208.33,0.3424809978
2000,467,193,11.4,19.1,5.06,35.7,2180,23,42.9,1140,1140,200,960,76.92,2092.8,3543.39,46.62,35.7,5.06,2.32,1.67,208.33,0.5906208839
2500,467,193,11.4,19.1,5.06,35.7,2180,23,42.9,1140,1140,200,960,76.92,2092.8,2352.21,58.28,35.7,5.06,2.32,1.67,208.33,0.8897163262
3000,467,193,11.4,19.1,5.06,35.7,2180,23,42.9,1140,1140,200,960,76.92,2092.8,1702.41,69.93,35.7,5.06,2.32,1.67,208.33,1.229316651
3500,467,193,11.4,19.1,5.06,35.7,2180,23,42.9,1140,1140,200,960,76.92,2092.8,1308.07,81.59,35.7,5.06,2.32,1.67,208.33,1.59990913
5000,467,193,11.4,19.1,5.06,35.7,2180,23,42.9,1140,1140,200,960,76.92,2092.8,740.94,116.55,35.7,5.06,2.32,1.67,208.33,2.824522961
1600,462,192,10.5,17.6,5.44,38.7,2020,21,42.7,903,1030,200,960,76.92,1939.2,4887.22,37.47,38.7,5.44,2.31,1.68,208.33,0.3967901311
2100,462,192,10.5,17.6,5.44,38.7,2020,21,42.7,903,1030,200,960,76.92,1939.2,2918.31,49.18,38.7,5.44,2.31,1.68,208.33,0.6644951437
2600,462,192,10.5,17.6,5.44,38.7,2020,21,42.7,903,1030,200,960,76.92,1939.2,1969.10,60.89,38.7,5.44,2.31,1.68,208.33,0.9848132461
3100,462,192,10.5,17.6,5.44,38.7,2020,21,42.7,903,1030,200,960,76.92,1939.2,1438.87,72.60,38.7,5.44,2.31,1.68,208.33,1.347719872
3600,462,192,10.5,17.6,5.44,38.7,2020,21,42.7,903,1030,200,960,76.92,1939.2,1111.96,84.31,38.7,5.44,2.31,1.68,208.33,1.743949437
10000,462,192,10.5,17.6,5.44,38.7,2020,21,42.7,903,1030,200,960,76.92,1939.2,252.13,234.19,38.7,5.44,2.31,1.68,208.33,7.691144871
1700,460,191,9.9,16.0,5.98,41.1,1840,19,42.4,691,921,200,960,76.92,1766.4,3866.96,40.09,41.1,5.98,2.32,1.61,208.33,0.4567925804
2200,460,191,9.9,16.0,5.98,41.1,1840,19,42.4,691,921,200,960,76.92,1766.4,2368.91,51.89,41.1,5.98,2.32,1.61,208.33,0.7456598804
2700,460,191,9.9,16.0,5.98,41.1,1840,19,42.4,691,921,200,960,76.92,1766.4,1621.37,63.68,41.1,5.98,2.32,1.61,208.33,1.089449044
3200,460,191,9.9,16.0,5.98,41.1,1840,19,42.4,691,921,200,960,76.92,1766.4,1194.60,75.47,41.1,5.98,2.32,1.61,208.33,1.478648271
3700,460,191,9.9,16.0,5.98,41.1,1840,19,42.4,691,921,200,960,76.92,1766.4,927.59,87.26,41.1,5.98,2.32,1.61,208.33,1.904293242
10000,460,191,9.9,16.0,5.98,41.1,1840,19,42.4,691,921,200,960,76.92,1766.4,212.57,235.85,41.1,5.98,2.32,1.61,208.33,8.309665965
1600,457,191,9.0,14.5,6.57,45.2,1660,17,41.9,516,816,200,960,76.92,1593.6,3844.59,38.19,45.2,6.57,2.32,1.61,208.33,0.414504223
2100,457,191,9.0,14.5,6.57,45.2,1660,17,41.9,516,816,200,960,76.92,1593.6,2279.13,50.12,45.2,6.57,2.32,1.61,208.33,0.6992133731
2600,457,191,9.0,14.5,6.57,45.2,1660,17,41.9,516,816,200,960,76.92,1593.6,1525.17,62.05,45.2,6.57,2.32,1.61,208.33,1.044868849
3100,457,191,9.0,14.5,6.57,45.2,1660,17,41.9,516,816,200,960,76.92,1593.6,1104.68,73.99,45.2,6.57,2.32,1.61,208.33,1.442593889
3600,457,191,9.0,14.5,6.57,45.2,1660,17,41.9,516,816,200,960,76.92,1593.6,846.03,85.92,45.2,6.57,2.32,1.61,208.33,1.883628297
10000,457,191,9.0,14.5,6.57,45.2,1660,17,41.9,516,816,200,960,76.92,1593.6,177.67,238.66,45.2,6.57,2.32,1.61,208.33,8.969504433
1300,460,154,9.1,15.4,5.01,44.6,1490,9,32.8,508,462,200,960,76.92,1430.4,3296.77,39.63,44.6,5.01,2.89,1.68,208.33,0.433879123
1800,460,154,9.1,15.4,5.01,44.6,1490,9,32.8,508,462,200,960,76.92,1430.4,1772.06,54.88,44.6,5.01,2.89,1.68,208.33,0.8071954499
2300,460,154,9.1,15.4,5.01,44.6,1490,9,32.8,508,462,200,960,76.92,1430.4,1126.43,70.12,44.6,5.01,2.89,1.68,208.33,1.269856625
2800,460,154,9.1,15.4,5.01,44.6,1490,9,32.8,508,462,200,960,76.92,1430.4,793.18,85.37,44.6,5.01,2.89,1.68,208.33,1.803375296
3300,460,154,9.1,15.4,5.01,44.6,1490,9,32.8,508,462,200,960,76.92,1430.4,598.31,100.61,44.6,5.01,2.89,1.68,208.33,2.390732338
5000,460,154,9.1,15.4,5.01,44.6,1490,9,32.8,508,462,200,960,76.92,1430.4,309.72,152.44,44.6,5.01,2.89,1.68,208.33,4.618367498
1300,455,153,8.0,13.4,5.73,50.9,1280,8,32.3,337,387,200,960,76.92,1228.8,2759.72,40.25,50.9,5.73,2.89,1.67,208.33,0.4452628755
1800,455,153,8.0,13.4,5.73,50.9,1280,8,32.3,337,387,200,960,76.92,1228.8,1474.85,55.73,50.9,5.73,2.89,1.67,208.33,0.833168243
2300,455,153,8.0,13.4,5.73,50.9,1280,8,32.3,337,387,200,960,76.92,1228.8,931.19,71.21,50.9,5.73,2.89,1.67,208.33,1.319602476
2800,455,153,8.0,13.4,5.73,50.9,1280,8,32.3,337,387,200,960,76.92,1228.8,650.96,86.69,50.9,5.73,2.89,1.67,208.33,1.887687404
3300,455,153,8.0,13.4,5.73,50.9,1280,8,32.3,337,387,200,960,76.92,1228.8,487.42,102.17,50.9,5.73,2.89,1.67,208.33,2.521031233
5000,455,153,8.0,13.4,5.73,50.9,1280,8,32.3,337,387,200,960,76.92,1228.8,246.66,154.80,50.9,5.73,2.89,1.67,208.33,4.981785008
1300,450,152,7.6,10.8,7.06,53.5,1090,6,31.0,211,306,200,960,76.92,1046.4,2184.19,41.94,53.5,7.06,2.89,1.41,208.33,0.4790790226
1800,450,152,7.6,10.8,7.06,53.5,1090,6,31.0,211,306,200,960,76.92,1046.4,1161.76,58.06,53.5,7.06,2.89,1.41,208.33,0.9007038012
2300,450,152,7.6,10.8,7.06,53.5,1090,6,31.0,211,306,200,960,76.92,1046.4,729.36,74.19,53.5,7.06,2.89,1.41,208.33,1.434691954
2800,450,152,7.6,10.8,7.06,53.5,1090,6,31.0,211,306,200,960,76.92,1046.4,506.68,90.32,53.5,7.06,2.89,1.41,208.33,2.065225455
3300,450,152,7.6,10.8,7.06,53.5,1090,6,31.0,211,306,200,960,76.92,1046.4,376.91,106.45,53.5,7.06,2.89,1.41,208.33,2.776230819
5000,450,152,7.6,10.8,7.06,53.5,1090,6,31.0,211,306,200,960,76.92,1046.4,186.72,161.29,53.5,7.06,2.89,1.41,208.33,5.6042166
2500,432,264,14.9,25.0,5.29,24.3,3240,77,63.8,3220,3200,200,960,76.92,3110.4,7265.53,39.18,24.3,5.29,1.54,1.67,208.33,0.428103529
3000,432,264,14.9,25.0,5.29,24.3,3240,77,63.8,3220,3200,200,960,76.92,3110.4,5259.47,47.02,24.3,5.29,1.54,1.67,208.33,0.5913907769
3500,432,264,14.9,25.0,5.29,24.3,3240,77,63.8,3220,3200,200,960,76.92,3110.4,4042.00,54.86,24.3,5.29,1.54,1.67,208.33,0.7695203695
4000,432,264,14.9,25.0,5.29,24.3,3240,77,63.8,3220,3200,200,960,76.92,3110.4,3244.72,62.70,24.3,5.29,1.54,1.67,208.33,0.9586042066
4500,432,264,14.9,25.0,5.29,24.3,3240,77,63.8,3220,3200,200,960,76.92,3110.4,2691.80,70.53,24.3,5.29,1.54,1.67,208.33,1.155509987
15000,432,264,14.9,25.0,5.29,24.3,3240,77,63.8,3220,3200,200,960,76.92,3110.4,566.87,235.11,24.3,5.29,1.54,1.67,208.33,5.486930962
2500,427,264,13.3,22.3,5.92,27.0,2870,68,63.2,2270,2740,200,960,76.92,2755.2,6181.95,39.56,27.0,5.92,1.53,1.68,208.33,0.4456842543
3000,427,264,13.3,22.3,5.92,27.0,2870,68,63.2,2270,2740,200,960,76.92,2755.2,4448.78,47.47,27.0,5.92,1.53,1.68,208.33,0.6193163869
3500,427,264,13.3,22.3,5.92,27.0,2870,68,63.2,2270,2740,200,960,76.92,2755.2,3398.76,55.38,27.0,5.92,1.53,1.68,208.33,0.8106484402
4000,427,264,13.3,22.3,5.92,27.0,2870,68,63.2,2270,2740,200,960,76.92,2755.2,2712.71,63.29,27.0,5.92,1.53,1.68,208.33,1.015664384
4500,427,264,13.3,22.3,5.92,27.0,2870,68,63.2,2270,2740,200,960,76.92,2755.2,2238.24,71.20,27.0,5.92,1.53,1.68,208.33,1.230969706
15000,427,264,13.3,22.3,5.92,27.0,2870,68,63.2,2270,2740,200,960,76.92,2755.2,450.31,237.34,27.0,5.92,1.53,1.68,208.33,6.11849044
2500,419,262,11.6,19.4,6.77,31.2,2460,57,62.7,1490,2310,200,960,76.92,2361.6,5124.73,39.87,31.2,6.77,1.53,1.67,208.33,0.4608246515
3000,419,262,11.6,19.4,6.77,31.2,2460,57,62.7,1490,2310,200,960,76.92,2361.6,3663.60,47.85,31.2,6.77,1.53,1.67,208.33,0.6446124114
3500,419,262,11.6,19.4,6.77,31.2,2460,57,62.7,1490,2310,200,960,76.92,2361.6,2779.84,55.82,31.2,6.77,1.53,1.67,208.33,0.8495464821
4000,419,262,11.6,19.4,6.77,31.2,2460,57,62.7,1490,2310,200,960,76.92,2361.6,2203.67,63.80,31.2,6.77,1.53,1.67,208.33,1.071666425
4500,419,262,11.6,19.4,6.77,31.2,2460,57,62.7,1490,2310,200,960,76.92,2361.6,1806.28,71.77,31.2,6.77,1.53,1.67,208.33,1.307436674
15000,419,262,11.6,19.4,6.77,31.2,2460,57,62.7,1490,2310,200,960,76.92,2361.6,341.41,239.23,31.2,6.77,1.53,1.67,208.33,6.917178368
2500,414,259,10.0,16.8,7.70,35.9,2130,50,62.5,995,1960,200,960,76.92,2044.8,4319.84,40.00,35.9,7.70,1.53,1.68,208.33,0.4733505055
3000,414,259,10.0,16.8,7.70,35.9,2130,50,62.5,995,1960,200,960,76.92,2044.8,3071.66,48.00,35.9,7.70,1.53,1.68,208.33,0.6656996892
3500,414,259,10.0,16.8,7.70,35.9,2130,50,62.5,995,1960,200,960,76.92,2044.8,2317.49,56.00,35.9,7.70,1.53,1.68,208.33,0.8823333768
4000,414,259,10.0,16.8,7.70,35.9,2130,50,62.5,995,1960,200,960,76.92,2044.8,1826.54,64.00,35.9,7.70,1.53,1.68,208.33,1.119494845
4500,414,259,10.0,16.8,7.70,35.9,2130,50,62.5,995,1960,200,960,76.92,2044.8,1488.56,72.00,35.9,7.70,1.53,1.68,208.33,1.373675798
15000,414,259,10.0,16.8,7.70,35.9,2130,50,62.5,995,1960,200,960,76.92,2044.8,264.30,240.00,35.9,7.70,1.53,1.68,208.33,7.736681137
1600,417,181,10.9,18.2,4.98,33.0,1720,18,40.6,924,714,200,960,76.92,1651.2,3837.12,39.41,33.0,4.98,2.20,1.67,208.33,0.4303224915
2100,417,181,10.9,18.2,4.98,33.0,1720,18,40.6,924,714,200,960,76.92,1651.2,2317.65,51.72,33.0,4.98,2.20,1.67,208.33,0.7124472057
2600,417,181,10.9,18.2,4.98,33.0,1720,18,40.6,924,714,200,960,76.92,1651.2,1583.55,64.04,33.0,4.98,2.20,1.67,208.33,1.042718698
3100,417,181,10.9,18.2,4.98,33.0,1720,18,40.6,924,714,200,960,76.92,1651.2,1172.10,76.35,33.0,4.98,2.20,1.67,208.33,1.408748116
3600,417,181,10.9,18.2,4.98,33.0,1720,18,40.6,924,714,200,960,76.92,1651.2,917.25,88.67,33.0,4.98,2.20,1.67,208.33,1.800165449
10000,417,181,10.9,18.2,4.98,33.0,1720,18,40.6,924,714,200,960,76.92,1651.2,227.25,246.31,33.0,4.98,2.20,1.67,208.33,7.265920806
1500,414,180,9.7,16.0,5.61,37.4,1510,16,40.4,633,610,200,960,76.92,1449.6,3691.15,37.13,37.4,5.61,2.21,1.66,208.33,0.3927235962
2000,414,180,9.7,16.0,5.61,37.4,1510,16,40.4,633,610,200,960,76.92,1449.6,2142.55,49.50,37.4,5.61,2.21,1.66,208.33,0.6765766269
2500,414,180,9.7,16.0,5.61,37.4,1510,16,40.4,633,610,200,960,76.92,1449.6,1423.92,61.88,37.4,5.61,2.21,1.66,208.33,1.018036638
3000,414,180,9.7,16.0,5.61,37.4,1510,16,40.4,633,610,200,960,76.92,1449.6,1031.79,74.26,37.4,5.61,2.21,1.66,208.33,1.404939724
3500,414,180,9.7,16.0,5.61,37.4,1510,16,40.4,633,610,200,960,76.92,1449.6,793.73,86.63,37.4,5.61,2.21,1.66,208.33,1.826313174
10000,414,180,9.7,16.0,5.61,37.4,1510,16,40.4,633,610,200,960,76.92,1449.6,178.57,247.52,37.4,5.61,2.21,1.66,208.33,8.117677176
1500,409,179,8.8,14.4,6.23,41.1,1350,14,39.9,462,534,200,960,76.92,1296,3224.25,37.59,41.1,6.23,2.20,1.64,208.33,0.4019535104
2000,409,179,8.8,14.4,6.23,41.1,1350,14,39.9,462,534,200,960,76.92,1296,1862.71,50.13,41.1,6.23,2.20,1.64,208.33,0.6957604278
2500,409,179,8.8,14.4,6.23,41.1,1350,14,39.9,462,534,200,960,76.92,1296,1231.33,62.66,41.1,6.23,2.20,1.64,208.33,1.05251718
3000,409,179,8.8,14.4,6.23,41.1,1350,14,39.9,462,534,200,960,76.92,1296,887.23,75.19,41.1,6.23,2.20,1.64,208.33,1.460725325
3500,409,179,8.8,14.4,6.23,41.1,1350,14,39.9,462,534,200,960,76.92,1296,678.69,87.72,41.1,6.23,2.20,1.64,208.33,1.909564488
10000,409,179,8.8,14.4,6.23,41.1,1350,14,39.9,462,534,200,960,76.92,1296,146.23,250.63,41.1,6.23,2.20,1.64,208.33,8.862471328
1500,406,178,7.8,12.8,6.93,46.5,1200,12,39.9,330,465,200,960,76.92,1152,2797.99,37.59,46.5,6.93,2.21,1.66,208.33,0.4117242706
2000,406,178,7.8,12.8,6.93,46.5,1200,12,39.9,330,465,200,960,76.92,1152,1609.32,50.13,46.5,6.93,2.21,1.66,208.33,0.7158284426
2500,406,178,7.8,12.8,6.93,46.5,1200,12,39.9,330,465,200,960,76.92,1152,1058.43,62.66,46.5,6.93,2.21,1.66,208.33,1.088407063
3000,406,178,7.8,12.8,6.93,46.5,1200,12,39.9,330,465,200,960,76.92,1152,758.48,75.19,46.5,6.93,2.21,1.66,208.33,1.51883516
3500,406,178,7.8,12.8,6.93,46.5,1200,12,39.9,330,465,200,960,76.92,1152,576.95,87.72,46.5,6.93,2.21,1.66,208.33,1.996702045
10000,406,178,7.8,12.8,6.93,46.5,1200,12,39.9,330,465,200,960,76.92,1152,118.53,250.63,46.5,6.93,2.21,1.66,208.33,9.7188864
1500,404,178,7.5,11.0,8.12,48.1,1050,10,38.6,227,392,200,960,76.92,1008,2355.69,38.86,48.1,8.12,2.21,1.46,208.33,0.4278997804
2000,404,178,7.5,11.0,8.12,48.1,1050,10,38.6,227,392,200,960,76.92,1008,1349.75,51.81,48.1,8.12,2.21,1.46,208.33,0.7468064889
2500,404,178,7.5,11.0,8.12,48.1,1050,10,38.6,227,392,200,960,76.92,1008,883.72,64.77,48.1,8.12,2.21,1.46,208.33,1.140627348
3000,404,178,7.5,11.0,8.12,48.1,1050,10,38.6,227,392,200,960,76.92,1008,630.17,77.72,48.1,8.12,2.21,1.46,208.33,1.599580948
3500,404,178,7.5,11.0,8.12,48.1,1050,10,38.6,227,392,200,960,76.92,1008,476.88,90.67,48.1,8.12,2.21,1.46,208.33,2.113733571
8000,404,178,7.5,11.0,8.12,48.1,1050,10,38.6,227,392,200,960,76.92,1008,126.31,207.25,48.1,8.12,2.21,1.46,208.33,7.980329774
1200,404,140,7.0,11.1,6.28,51.6,885,5,29.7,192,198,200,960,76.92,849.6,1863.82,40.40,51.6,6.28,2.81,1.59,208.33,0.4558380469
1700,404,140,7.0,11.1,6.28,51.6,885,5,29.7,192,198,200,960,76.92,849.6,952.51,57.24,51.6,6.28,2.81,1.59,208.33,0.8919594771
2200,404,140,7.0,11.1,6.28,51.6,885,5,29.7,192,198,200,960,76.92,849.6,587.34,74.07,51.6,6.28,2.81,1.59,208.33,1.446524888
2700,404,140,7.0,11.1,6.28,51.6,885,5,29.7,192,198,200,960,76.92,849.6,404.92,90.91,51.6,6.28,2.81,1.59,208.33,2.098190266
3200,404,140,7.0,11.1,6.28,51.6,885,5,29.7,192,198,200,960,76.92,849.6,300.60,107.74,51.6,6.28,2.81,1.59,208.33,2.826328933
7000,404,140,7.0,11.1,6.28,51.6,885,5,29.7,192,198,200,960,76.92,849.6,90.08,235.69,51.6,6.28,2.81,1.59,208.33,9.431973636
1200,399,140,6.4,8.8,7.97,56.8,724,4,28.4,109,152,200,960,76.92,695.04,1426.32,42.25,56.8,7.97,2.79,1.38,208.33,0.4872972594
1700,399,140,6.4,8.8,7.97,56.8,724,4,28.4,109,152,200,960,76.92,695.04,724.40,59.86,56.8,7.97,2.79,1.38,208.33,0.9594698957
2200,399,140,6.4,8.8,7.97,56.8,724,4,28.4,109,152,200,960,76.92,695.04,443.32,77.46,56.8,7.97,2.79,1.38,208.33,1.56782343
2700,399,140,6.4,8.8,7.97,56.8,724,4,28.4,109,152,200,960,76.92,695.04,303.07,95.07,56.8,7.97,2.79,1.38,208.33,2.293311983
3200,399,140,6.4,8.8,7.97,56.8,724,4,28.4,109,152,200,960,76.92,695.04,223.03,112.68,56.8,7.97,2.79,1.38,208.33,3.116384809
6000,399,140,6.4,8.8,7.97,56.8,724,4,28.4,109,152,200,960,76.92,695.04,79.23,211.27,56.8,7.97,2.79,1.38,208.33,8.77268308
10500,599,478,100.0,139.8,1.71,2.9,33300,2570,124.0,945000,136000,200,960,76.92,31968,77021.73,84.68,2.9,1.71,0.96,1.40,208.33,0.4150517229
11000,599,478,100.0,139.8,1.71,2.9,33300,2570,124.0,945000,136000,200,960,76.92,31968,73414.81,88.71,2.9,1.71,0.96,1.40,208.33,0.4354434731
11500,599,478,100.0,139.8,1.71,2.9,33300,2570,124.0,945000,136000,200,960,76.92,31968,70134.35,92.74,2.9,1.71,0.96,1.40,208.33,0.4558109051
12000,599,478,100.0,139.8,1.71,2.9,33300,2570,124.0,945000,136000,200,960,76.92,31968,67137.55,96.77,2.9,1.71,0.96,1.40,208.33,0.4761568041
12500,599,478,100.0,139.8,1.71,2.9,33300,2570,124.0,945000,136000,200,960,76.92,31968,64388.84,100.81,2.9,1.71,0.96,1.40,208.33,0.4964835557
200000,599,478,100.0,139.8,1.71,2.9,33300,2570,124.0,945000,136000,200,960,76.92,31968,3977.75,1612.90,2.9,1.71,0.96,1.40,208.33,8.036694197
11000,579,472,95.0,129.7,1.82,3.0,30000,2310,123.0,766000,117000,200,960,76.92,28800,62721.39,89.43,3.0,1.82,0.95,1.36,208.33,0.4591735199
11500,579,472,95.0,129.7,1.82,3.0,30000,2310,123.0,766000,117000,200,960,76.92,28800,59914.25,93.50,3.0,1.82,0.95,1.36,208.33,0.480686964
12000,579,472,95.0,129.7,1.82,3.0,30000,2310,123.0,766000,117000,200,960,76.92,28800,57350.36,97.56,3.0,1.82,0.95,1.36,208.33,0.5021764751
12500,579,472,95.0,129.7,1.82,3.0,30000,2310,123.0,766000,117000,200,960,76.92,28800,54999.13,101.63,3.0,1.82,0.95,1.36,208.33,0.5236446907
13000,579,472,95.0,129.7,1.82,3.0,30000,2310,123.0,766000,117000,200,960,76.92,28800,52834.94,105.69,3.0,1.82,0.95,1.36,208.33,0.5450938836
150000,579,472,95.0,129.7,1.82,3.0,30000,2310,123.0,766000,117000,200,960,76.92,28800,4527.23,1219.51,3.0,1.82,0.95,1.36,208.33,6.361507486
10000,569,455,78.0,125.0,1.82,3.7,27200,1960,119.0,604000,97200,200,960,76.92,26112,56675.98,84.03,3.7,1.82,0.98,1.60,208.33,0.4607242763
10500,569,455,78.0,125.0,1.82,3.7,27200,1960,119.0,604000,97200,200,960,76.92,26112,53877.52,88.24,3.7,1.82,0.98,1.60,208.33,0.4846547815
11000,569,455,78.0,125.0,1.82,3.7,27200,1960,119.0,604000,97200,200,960,76.92,26112,51346.00,92.44,3.7,1.82,0.98,1.60,208.33,0.5085498459
11500,569,455,78.0,125.0,1.82,3.7,27200,1960,119.0,604000,97200,200,960,76.92,26112,49044.58,96.64,3.7,1.82,0.98,1.60,208.33,0.5324136171
12000,569,455,78.0,125.0,1.82,3.7,27200,1960,119.0,604000,97200,200,960,76.92,26112,46942.95,100.84,3.7,1.82,0.98,1.60,208.33,0.5562496399
150000,569,455,78.0,125.0,1.82,3.7,27200,1960,119.0,604000,97200,200,960,76.92,26112,3703.06,1260.50,3.7,1.82,0.98,1.60,208.33,7.051467925
10000,549,450,71.9,115.4,1.95,4.0,24300,1740,117.0,466000,81900,200,960,76.92,23328,46990.70,85.47,4.0,1.95,0.96,1.60,208.33,0.4964386303
10500,549,450,71.9,115.4,1.95,4.0,24300,1740,117.0,466000,81900,200,960,76.92,23328,44663.19,89.74,4.0,1.95,0.96,1.60,208.33,0.5223093669
11000,549,450,71.9,115.4,1.95,4.0,24300,1740,117.0,466000,81900,200,960,76.92,23328,42558.55,94.02,4.0,1.95,0.96,1.60,208.33,0.548138978
11500,549,450,71.9,115.4,1.95,4.0,24300,1740,117.0,466000,81900,200,960,76.92,23328,40645.91,98.29,4.0,1.95,0.96,1.60,208.33,0.5739322246
12000,549,450,71.9,115.4,1.95,4.0,24300,1740,117.0,466000,81900,200,960,76.92,23328,38899.89,102.56,4.0,1.95,0.96,1.60,208.33,0.5996931853
150000,549,450,71.9,115.4,1.95,4.0,24300,1740,117.0,466000,81900,200,960,76.92,23328,3064.68,1282.05,4.0,1.95,0.96,1.60,208.33,7.611883913
9000,531,442,66.0,105.7,2.09,4.4,21600,1530,116.0,362000,69300,200,960,76.92,20736,43471.90,77.59,4.4,2.09,0.96,1.60,208.33,0.4769978238
9500,531,442,66.0,105.7,2.09,4.4,21600,1530,116.0,362000,69300,200,960,76.92,20736,41063.04,81.90,4.4,2.09,0.96,1.60,208.33,0.5049796055
10000,531,442,66.0,105.7,2.09,4.4,21600,1530,116.0,362000,69300,200,960,76.92,20736,38911.60,86.21,4.4,2.09,0.96,1.60,208.33,0.532900251
10500,531,442,66.0,105.7,2.09,4.4,21600,1530,116.0,362000,69300,200,960,76.92,20736,36977.91,90.52,4.4,2.09,0.96,1.60,208.33,0.560767187
11000,531,442,66.0,105.7,2.09,4.4,21600,1530,116.0,362000,69300,200,960,76.92,20736,35230.15,94.83,4.4,2.09,0.96,1.60,208.33,0.5885867468
150000,531,442,66.0,105.7,2.09,4.4,21600,1530,116.0,362000,69300,200,960,76.92,20736,2532.92,1293.10,4.4,2.09,0.96,1.60,208.33,8.186595492
8000,513,437,60.5,97.1,2.25,4.8,19300,1350,114.0,278000,58800,200,960,76.92,18528,40713.73,70.18,4.8,2.25,0.95,1.61,208.33,0.4550799052
8500,513,437,60.5,97.1,2.25,4.8,19300,1350,114.0,278000,58800,200,960,76.92,18528,38147.39,74.56,4.8,2.25,0.95,1.61,208.33,0.4856950894
9000,513,437,60.5,97.1,2.25,4.8,19300,1350,114.0,278000,58800,200,960,76.92,18528,35891.86,78.95,4.8,2.25,0.95,1.61,208.33,0.5162172966
9500,513,437,60.5,97.1,2.25,4.8,19300,1350,114.0,278000,58800,200,960,76.92,18528,33893.21,83.33,4.8,2.25,0.95,1.61,208.33,0.5466581578
10000,513,437,60.5,97.1,2.25,4.8,19300,1350,114.0,278000,58800,200,960,76.92,18528,32109.38,87.72,4.8,2.25,0.95,1.61,208.33,0.5770276163
150000,513,437,60.5,97.1,2.25,4.8,19300,1350,114.0,278000,58800,200,960,76.92,18528,2085.05,1315.79,4.8,2.25,0.95,1.61,208.33,8.886129498
8000,498,432,55.6,88.9,2.43,5.2,17200,1200,113.0,214000,50200,200,960,76.92,16512,33821.49,70.80,5.2,2.43,0.95,1.60,208.33,0.4882102983
8500,498,432,55.6,88.9,2.43,5.2,17200,1200,113.0,214000,50200,200,960,76.92,16512,31675.36,75.22,5.2,2.43,0.95,1.60,208.33,0.521288396
9000,498,432,55.6,88.9,2.43,5.2,17200,1200,113.0,214000,50200,200,960,76.92,16512,29791.09,79.65,5.2,2.43,0.95,1.60,208.33,0.5542596088
9500,498,432,55.6,88.9,2.43,5.2,17200,1200,113.0,214000,50200,200,960,76.92,16512,28122.91,84.07,5.2,2.43,0.95,1.60,208.33,0.587136895
10000,498,432,55.6,88.9,2.43,5.2,17200,1200,113.0,214000,50200,200,960,76.92,16512,26635.20,88.50,5.2,2.43,0.95,1.60,208.33,0.6199314322
100000,498,432,55.6,88.9,2.43,5.2,17200,1200,113.0,214000,50200,200,960,76.92,16512,2587.58,884.96,5.2,2.43,0.95,1.60,208.33,6.3812534
7000,483,427,51.3,81.5,2.62,5.7,15300,1070,111.0,164000,43000,200,960,76.92,14688,32577.73,63.06,5.7,2.62,0.94,1.59,208.33,0.4508601663
7500,483,427,51.3,81.5,2.62,5.7,15300,1070,111.0,164000,43000,200,960,76.92,14688,30168.38,67.57,5.7,2.62,0.94,1.59,208.33,0.4868674109
8000,483,427,51.3,81.5,2.62,5.7,15300,1070,111.0,164000,43000,200,960,76.92,14688,28099.31,72.07,5.7,2.62,0.94,1.59,208.33,0.5227174237
8500,483,427,51.3,81.5,2.62,5.7,15300,1070,111.0,164000,43000,200,960,76.92,14688,26302.38,76.58,5.7,2.62,0.94,1.59,208.33,0.558428462
9000,483,427,51.3,81.5,2.62,5.7,15300,1070,111.0,164000,43000,200,960,76.92,14688,24726.57,81.08,5.7,2.62,0.94,1.59,208.33,0.594016793
100000,483,427,51.3,81.5,2.62,5.7,15300,1070,111.0,164000,43000,200,960,76.92,14688,2139.07,900.90,5.7,2.62,0.94,1.59,208.33,6.866529548
6500,475,424,47.8,77.1,2.75,6.1,14200,982,110.0,138000,38700,200,960,76.92,13632,31275.25,59.09,6.1,2.75,0.94,1.61,208.33,0.4358717905
7000,475,424,47.8,77.1,2.75,6.1,14200,982,110.0,138000,38700,200,960,76.92,13632,28748.71,63.64,6.1,2.75,0.94,1.61,208.33,0.4741777244
7500,475,424,47.8,77.1,2.75,6.1,14200,982,110.0,138000,38700,200,960,76.92,13632,26609.78,68.18,6.1,2.75,0.94,1.61,208.33,0.5122928438
8000,475,424,47.8,77.1,2.75,6.1,14200,982,110.0,138000,38700,200,960,76.92,13632,24774.76,72.73,6.1,2.75,0.94,1.61,208.33,0.5502374687
8500,475,424,47.8,77.1,2.75,6.1,14200,982,110.0,138000,38700,200,960,76.92,13632,23182.47,77.27,6.1,2.75,0.94,1.61,208.33,0.5880305647
100000,475,424,47.8,77.1,2.75,6.1,14200,982,110.0,138000,38700,200,960,76.92,13632,1879.82,909.09,6.1,2.75,0.94,1.61,208.33,7.251745866
6000,465,422,45.0,72.3,2.92,6.4,13100,903,109.0,114000,34600,200,960,76.92,12576,30105.00,55.05,6.4,2.92,0.93,1.61,208.33,0.4177378734
6500,465,422,45.0,72.3,2.92,6.4,13100,903,109.0,114000,34600,200,960,76.92,12576,27421.21,59.63,6.4,2.92,0.93,1.61,208.33,0.4586230459
7000,465,422,45.0,72.3,2.92,6.4,13100,903,109.0,114000,34600,200,960,76.92,12576,25188.10,64.22,6.4,2.92,0.93,1.61,208.33,0.4992833857
7500,465,422,45.0,72.3,2.92,6.4,13100,903,109.0,114000,34600,200,960,76.92,12576,23300.19,68.81,6.4,2.92,0.93,1.61,208.33,0.5397381634
8000,465,422,45.0,72.3,2.92,6.4,13100,903,109.0,114000,34600,200,960,76.92,12576,21682.48,73.39,6.4,2.92,0.93,1.61,208.33,0.5800075689
100000,465,422,45.0,72.3,2.92,6.4,13100,903,109.0,114000,34600,200,960,76.92,12576,1638.44,917.43,6.4,2.92,0.93,1.61,208.33,7.675588188
6000,455,419,42.2,67.6,3.10,6.9,12100,828,108.0,92400,31200,200,960,76.92,11616,26211.80,55.56,6.9,3.10,0.92,1.60,208.33,0.4431592563
6500,455,419,42.2,67.6,3.10,6.9,12100,828,108.0,92400,31200,200,960,76.92,11616,23845.80,60.19,6.9,3.10,0.92,1.60,208.33,0.4871298061
7000,455,419,42.2,67.6,3.10,6.9,12100,828,108.0,92400,31200,200,960,76.92,11616,21881.44,64.81,6.9,3.10,0.92,1.60,208.33,0.5308608383
7500,455,419,42.2,67.6,3.10,6.9,12100,828,108.0,92400,31200,200,960,76.92,11616,20223.95,69.44,6.9,3.10,0.92,1.60,208.33,0.5743685635
8000,455,419,42.2,67.6,3.10,6.9,12100,828,108.0,92400,31200,200,960,76.92,11616,18806.10,74.07,6.9,3.10,0.92,1.60,208.33,0.6176720133
100000,455,419,42.2,67.6,3.10,6.9,12100,828,108.0,92400,31200,200,960,76.92,11616,1412.55,925.93,6.9,3.10,0.92,1.60,208.33,8.223408639
6000,445,417,39.1,63.0,3.31,7.4,11000,753,108.0,74100,27700,200,960,76.92,10560,22616.05,55.56,7.4,3.31,0.92,1.61,208.33,0.4669249756
6500,445,417,39.1,63.0,3.31,7.4,11000,753,108.0,74100,27700,200,960,76.92,10560,20548.91,60.19,7.4,3.31,0.92,1.61,208.33,0.5138958545
7000,445,417,39.1,63.0,3.31,7.4,11000,753,108.0,74100,27700,200,960,76.92,10560,18836.38,64.81,7.4,3.31,0.92,1.61,208.33,0.560617289
7500,445,417,39.1,63.0,3.31,7.4,11000,753,108.0,74100,27700,200,960,76.92,10560,17394.14,69.44,7.4,3.31,0.92,1.61,208.33,0.6071008428
8000,445,417,39.1,63.0,3.31,7.4,11000,753,108.0,74100,27700,200,960,76.92,10560,16162.53,74.07,7.4,3.31,0.92,1.61,208.33,0.6533632432
100000,445,417,39.1,63.0,3.31,7.4,11000,753,108.0,74100,27700,200,960,76.92,10560,1206.37,925.93,7.4,3.31,0.92,1.61,208.33,8.753537962
5500,434,411,35.8,57.2,3.59,8.1,9880,670,107.0,56600,23900,200,960,76.92,9484.8,21063.52,51.40,8.1,3.59,0.92,1.60,208.33,0.4502950145
6000,434,411,35.8,57.2,3.59,8.1,9880,670,107.0,56600,23900,200,960,76.92,9484.8,18897.18,56.07,8.1,3.59,0.92,1.60,208.33,0.5019160596
6500,434,411,35.8,57.2,3.59,8.1,9880,670,107.0,56600,23900,200,960,76.92,9484.8,17142.46,60.75,8.1,3.59,0.92,1.60,208.33,0.5532928178
7000,434,411,35.8,57.2,3.59,8.1,9880,670,107.0,56600,23900,200,960,76.92,9484.8,15692.61,65.42,8.1,3.59,0.92,1.60,208.33,0.6044118651
7500,434,411,35.8,57.2,3.59,8.1,9880,670,107.0,56600,23900,200,960,76.92,9484.8,14474.50,70.09,8.1,3.59,0.92,1.60,208.33,0.6552765623
100000,434,411,35.8,57.2,3.59,8.1,9880,670,107.0,56600,23900,200,960,76.92,9484.8,994.60,934.58,8.1,3.59,0.92,1.60,208.33,9.536343553
5500,424,409,32.8,52.6,3.89,8.8,8880,599,106.0,43300,20900,200,960,76.92,8524.8,17745.41,51.89,8.8,3.89,0.91,1.60,208.33,0.4803946165
6000,424,409,32.8,52.6,3.89,8.8,8880,599,106.0,43300,20900,200,960,76.92,8524.8,15884.76,56.60,8.8,3.89,0.91,1.60,208.33,0.5366654812
6500,424,409,32.8,52.6,3.89,8.8,8880,599,106.0,43300,20900,200,960,76.92,8524.8,14382.55,61.32,8.8,3.89,0.91,1.60,208.33,0.5927182814
7000,424,409,32.8,52.6,3.89,8.8,8880,599,106.0,43300,20900,200,960,76.92,8524.8,13145.03,66.04,8.8,3.89,0.91,1.60,208.33,0.6485186953
7500,424,409,32.8,52.6,3.89,8.8,8880,599,106.0,43300,20900,200,960,76.92,8524.8,12108.12,70.75,8.8,3.89,0.91,1.60,208.33,0.7040567358
30000,424,409,32.8,52.6,3.89,8.8,8880,599,106.0,43300,20900,200,960,76.92,8524.8,2759.11,283.02,8.8,3.89,0.91,1.60,208.33,3.089687248
5000,417,406,30.0,48.0,4.23,9.7,7980,537,105.0,32900,18200,200,960,76.92,7660.8,16991.38,47.62,9.7,4.23,0.91,1.60,208.33,0.4508638815
5500,417,406,30.0,48.0,4.23,9.7,7980,537,105.0,32900,18200,200,960,76.92,7660.8,14953.37,52.38,9.7,4.23,0.91,1.60,208.33,0.5123125803
6000,417,406,30.0,48.0,4.23,9.7,7980,537,105.0,32900,18200,200,960,76.92,7660.8,13353.05,57.14,9.7,4.23,0.91,1.60,208.33,0.5737116206
6500,417,406,30.0,48.0,4.23,9.7,7980,537,105.0,32900,18200,200,960,76.92,7660.8,12065.31,61.90,9.7,4.23,0.91,1.60,208.33,0.6349442404
7000,417,406,30.0,48.0,4.23,9.7,7980,537,105.0,32900,18200,200,960,76.92,7660.8,11007.73,66.67,9.7,4.23,0.91,1.60,208.33,0.6959475956
30000,417,406,30.0,48.0,4.23,9.7,7980,537,105.0,32900,18200,200,960,76.92,7660.8,2279.44,285.71,9.7,4.23,0.91,1.60,208.33,3.36082963
4500,406,404,27.2,43.7,4.62,10.7,7140,479,104.0,24800,15800,200,960,76.92,6854.4,16621.35,43.27,10.7,4.62,0.90,1.61,208.33,0.4123852675
5000,406,404,27.2,43.7,4.62,10.7,7140,479,104.0,24800,15800,200,960,76.92,6854.4,14310.32,48.08,10.7,4.62,0.90,1.61,208.33,0.4789828386
5500,406,404,27.2,43.7,4.62,10.7,7140,479,104.0,24800,15800,200,960,76.92,6854.4,12555.10,52.88,10.7,4.62,0.90,1.61,208.33,0.5459455032
6000,406,404,27.2,43.7,4.62,10.7,7140,479,104.0,24800,15800,200,960,76.92,6854.4,11181.73,57.69,10.7,4.62,0.90,1.61,208.33,0.612999772
6500,406,404,27.2,43.7,4.62,10.7,7140,479,104.0,24800,15800,200,960,76.92,6854.4,10080.36,62.50,10.7,4.62,0.90,1.61,208.33,0.6799757747
30000,406,404,27.2,43.7,4.62,10.7,7140,479,104.0,24800,15800,200,960,76.92,6854.4,1871.32,288.46,10.7,4.62,0.90,1.61,208.33,3.662878318
4000,399,401,24.9,39.6,5.06,11.6,6390,429,103.0,18600,13800,200,960,76.92,6134.4,16869.64,38.83,11.6,5.06,0.90,1.59,208.33,0.363635586
4500,399,401,24.9,39.6,5.06,11.6,6390,429,103.0,18600,13800,200,960,76.92,6134.4,14114.33,43.69,11.6,5.06,0.90,1.59,208.33,0.4346219961
5000,399,401,24.9,39.6,5.06,11.6,6390,429,103.0,18600,13800,200,960,76.92,6134.4,12103.99,48.54,11.6,5.06,0.90,1.59,208.33,0.5068078947
5500,399,401,24.9,39.6,5.06,11.6,6390,429,103.0,18600,13800,200,960,76.92,6134.4,10582.78,53.40,11.6,5.06,0.90,1.59,208.33,0.5796587509
6000,399,401,24.9,39.6,5.06,11.6,6390,429,103.0,18600,13800,200,960,76.92,6134.4,9396.86,58.25,11.6,5.06,0.90,1.59,208.33,0.652813605
30000,399,401,24.9,39.6,5.06,11.6,6390,429,103.0,18600,13800,200,960,76.92,6134.4,1535.94,291.26,11.6,5.06,0.90,1.59,208.33,3.993898613
4500,394,399,22.6,36.6,5.45,12.8,5820,388,103.0,14500,12300,200,960,76.92,5587.2,12256.22,43.69,12.8,5.45,0.90,1.62,208.33,0.4558666463
5000,394,399,22.6,36.6,5.45,12.8,5820,388,103.0,14500,12300,200,960,76.92,5587.2,10473.66,48.54,12.8,5.45,0.90,1.62,208.33,0.5334527065
5500,394,399,22.6,36.6,5.45,12.8,5820,388,103.0,14500,12300,200,960,76.92,5587.2,9128.84,53.40,12.8,5.45,0.90,1.62,208.33,0.6120384677
6000,394,399,22.6,36.6,5.45,12.8,5820,388,103.0,14500,12300,200,960,76.92,5587.2,8083.61,58.25,12.8,5.45,0.90,1.62,208.33,0.6911763493
6500,394,399,22.6,36.6,5.45,12.8,5820,388,103.0,14500,12300,200,960,76.92,5587.2,7250.85,63.11,12.8,5.45,0.90,1.62,208.33,0.7705584382
30000,394,399,22.6,36.6,5.45,12.8,5820,388,103.0,14500,12300,200,960,76.92,5587.2,1291.62,291.26,12.8,5.45,0.90,1.62,208.33,4.325742051
4500,386,399,21.1,33.4,5.97,13.7,5240,349,102.0,11000,10900,200,960,76.92,5030.4,10556.07,44.12,13.7,5.97,0.88,1.58,208.33,0.476541091
5000,386,399,21.1,33.4,5.97,13.7,5240,349,102.0,11000,10900,200,960,76.92,5030.4,8984.00,49.02,13.7,5.97,0.88,1.58,208.33,0.5599289447
5500,386,399,21.1,33.4,5.97,13.7,5240,349,102.0,11000,10900,200,960,76.92,5030.4,7801.72,53.92,13.7,5.97,0.88,1.58,208.33,0.6447810567
6000,386,399,21.1,33.4,5.97,13.7,5240,349,102.0,11000,10900,200,960,76.92,5030.4,6885.80,58.82,13.7,5.97,0.88,1.58,208.33,0.7305466393
6500,386,399,21.1,33.4,5.97,13.7,5240,349,102.0,11000,10900,200,960,76.92,5030.4,6158.44,63.73,13.7,5.97,0.88,1.58,208.33,0.8168297126
30000,386,399,21.1,33.4,5.97,13.7,5240,349,102.0,11000,10900,200,960,76.92,5030.4,1069.06,294.12,13.7,5.97,0.88,1.58,208.33,4.705428677
4000,381,396,18.9,30.3,6.54,15.3,4700,311,102.0,8200,9560,200,960,76.92,4512,10917.41,39.22,15.3,6.54,0.89,1.60,208.33,0.4132847009
4500,381,396,18.9,30.3,6.54,15.3,4700,311,102.0,8200,9560,200,960,76.92,4512,9016.48,44.12,15.3,6.54,0.89,1.60,208.33,0.5004170426
5000,381,396,18.9,30.3,6.54,15.3,4700,311,102.0,8200,9560,200,960,76.92,4512,7641.28,49.02,15.3,6.54,0.89,1.60,208.33,0.5904767
5500,381,396,18.9,30.3,6.54,15.3,4700,311,102.0,8200,9560,200,960,76.92,4512,6610.08,53.92,15.3,6.54,0.89,1.60,208.33,0.682593873
6000,381,396,18.9,30.3,6.54,15.3,4700,311,102.0,8200,9560,200,960,76.92,4512,5813.65,58.82,15.3,6.54,0.89,1.60,208.33,0.7761041287
30000,381,396,18.9,30.3,6.54,15.3,4700,311,102.0,8200,9560,200,960,76.92,4512,873.44,294.12,15.3,6.54,0.89,1.60,208.33,5.16579137
4000,376,394,17.3,27.7,7.11,16.8,4260,282,101.0,6330,8510,200,960,76.92,4089.6,9578.81,39.60,16.8,7.11,0.88,1.60,208.33,0.4269425116
4500,376,394,17.3,27.7,7.11,16.8,4260,282,101.0,6330,8510,200,960,76.92,4089.6,7880.49,44.55,16.8,7.11,0.88,1.60,208.33,0.5189524807
5000,376,394,17.3,27.7,7.11,16.8,4260,282,101.0,6330,8510,200,960,76.92,4089.6,6654.34,49.50,16.8,7.11,0.88,1.60,208.33,0.6145761416
5500,376,394,17.3,27.7,7.11,16.8,4260,282,101.0,6330,8510,200,960,76.92,4089.6,5736.96,54.46,16.8,7.11,0.88,1.60,208.33,0.7128517784
6000,376,394,17.3,27.7,7.11,16.8,4260,282,101.0,6330,8510,200,960,76.92,4089.6,5030.13,59.41,16.8,7.11,0.88,1.60,208.33,0.8130201201
30000,376,394,17.3,27.7,7.11,16.8,4260,282,101.0,6330,8510,200,960,76.92,4089.6,732.55,297.03,16.8,7.11,0.88,1.60,208.33,5.582671949
3700,373,373,16.4,26.1,7.15,17.7,3830,228,95.5,5120,6850,200,960,76.92,3676.8,8828.43,38.74,17.7,7.15,0.93,1.59,208.33,0.416472786
4200,373,373,16.4,26.1,7.15,17.7,3830,228,95.5,5120,6850,200,960,76.92,3676.8,7127.76,43.98,17.7,7.15,0.93,1.59,208.33,0.5158424471
4700,373,373,16.4,26.1,7.15,17.7,3830,228,95.5,5120,6850,200,960,76.92,3676.8,5930.56,49.21,17.7,7.15,0.93,1.59,208.33,0.6199756034
5200,373,373,16.4,26.1,7.15,17.7,3830,228,95.5,5120,6850,200,960,76.92,3676.8,5052.95,54.45,17.7,7.15,0.93,1.59,208.33,0.7276534433
5700,373,373,16.4,26.1,7.15,17.7,3830,228,95.5,5120,6850,200,960,76.92,3676.8,4388.11,59.69,17.7,7.15,0.93,1.59,208.33,0.8379014446
30000,373,373,16.4,26.1,7.15,17.7,3830,228,95.5,5120,6850,200,960,76.92,3676.8,592.35,314.14,17.7,7.15,0.93,1.59,208.33,6.207175964
3500,368,373,15.0,23.9,7.80,19.3,3470,206,95.0,3900,6100,200,960,76.92,3331.2,8548.80,36.84,19.3,7.80,0.92,1.59,208.33,0.3896685524
4000,368,373,15.0,23.9,7.80,19.3,3470,206,95.0,3900,6100,200,960,76.92,3331.2,6775.39,42.11,19.3,7.80,0.92,1.59,208.33,0.4916616111
4500,368,373,15.0,23.9,7.80,19.3,3470,206,95.0,3900,6100,200,960,76.92,3331.2,5552.35,47.37,19.3,7.80,0.92,1.59,208.33,0.5999624955
5000,368,373,15.0,23.9,7.80,19.3,3470,206,95.0,3900,6100,200,960,76.92,3331.2,4670.94,52.63,19.3,7.80,0.92,1.59,208.33,0.7131761723
5500,368,373,15.0,23.9,7.80,19.3,3470,206,95.0,3900,6100,200,960,76.92,3331.2,4012.83,57.89,19.3,7.80,0.92,1.59,208.33,0.8301369381
30000,368,373,15.0,23.9,7.80,19.3,3470,206,95.0,3900,6100,200,960,76.92,3331.2,492.93,315.79,19.3,7.80,0.92,1.59,208.33,6.757970983
3500,363,371,13.3,21.8,8.49,21.7,3150,186,94.7,2960,5420,200,960,76.92,3024,7525.41,36.96,21.7,8.49,0.92,1.64,208.33,0.4018384946
4000,363,371,13.3,21.8,8.49,21.7,3150,186,94.7,2960,5420,200,960,76.92,3024,5941.21,42.24,21.7,8.49,0.92,1.64,208.33,0.5089869128
4500,363,371,13.3,21.8,8.49,21.7,3150,186,94.7,2960,5420,200,960,76.92,3024,4850.08,47.52,21.7,8.49,0.92,1.64,208.33,0.6234951453
5000,363,371,13.3,21.8,8.49,21.7,3150,186,94.7,2960,5420,200,960,76.92,3024,4064.96,52.80,21.7,8.49,0.92,1.64,208.33,0.7439183965
5500,363,371,13.3,21.8,8.49,21.7,3150,186,94.7,2960,5420,200,960,76.92,3024,3479.82,58.08,21.7,8.49,0.92,1.64,208.33,0.8690106894
30000,363,371,13.3,21.8,8.49,21.7,3150,186,94.7,2960,5420,200,960,76.92,3024,409.54,316.79,21.7,8.49,0.92,1.64,208.33,7.383874912
3500,361,371,12.3,19.9,9.34,23.5,2830,167,94.2,2240,4830,200,960,76.92,2716.8,6625.62,37.15,23.5,9.34,0.92,1.61,208.33,0.4100448479
4000,361,371,12.3,19.9,9.34,23.5,2830,167,94.2,2240,4830,200,960,76.92,2716.8,5211.58,42.46,23.5,9.34,0.92,1.61,208.33,0.5213009628
4500,361,371,12.3,19.9,9.34,23.5,2830,167,94.2,2240,4830,200,960,76.92,2716.8,4238.68,47.77,23.5,9.34,0.92,1.61,208.33,0.6409535187
5000,361,371,12.3,19.9,9.34,23.5,2830,167,94.2,2240,4830,200,960,76.92,2716.8,3539.58,53.08,23.5,9.34,0.92,1.61,208.33,0.7675494611
5500,361,371,12.3,19.9,9.34,23.5,2830,167,94.2,2240,4830,200,960,76.92,2716.8,3019.35,58.39,23.5,9.34,0.92,1.61,208.33,0.8997974757
30000,361,371,12.3,19.9,9.34,23.5,2830,167,94.2,2240,4830,200,960,76.92,2716.8,339.06,318.47,23.5,9.34,0.92,1.61,208.33,8.012634392
3500,356,368,11.2,18.0,10.20,25.9,2570,151,94.0,1690,4300,200,960,76.92,2467.2,5861.77,37.23,25.9,10.20,0.92,1.61,208.33,0.420897085
4000,356,368,11.2,18.0,10.20,25.9,2570,151,94.0,1690,4300,200,960,76.92,2467.2,4595.15,42.55,25.9,10.20,0.92,1.61,208.33,0.5369135283
4500,356,368,11.2,18.0,10.20,25.9,2570,151,94.0,1690,4300,200,960,76.92,2467.2,3724.44,47.87,25.9,10.20,0.92,1.61,208.33,0.6624354021
5000,356,368,11.2,18.0,10.20,25.9,2570,151,94.0,1690,4300,200,960,76.92,2467.2,3099.42,53.19,25.9,10.20,0.92,1.61,208.33,0.7960191515
5500,356,368,11.2,18.0,10.20,25.9,2570,151,94.0,1690,4300,200,960,76.92,2467.2,2634.92,58.51,25.9,10.20,0.92,1.61,208.33,0.9363458667
30000,356,368,11.2,18.0,10.20,25.9,2570,151,94.0,1690,4300,200,960,76.92,2467.2,281.50,319.15,25.9,10.20,0.92,1.61,208.33,8.764361562
2500,363,257,13.0,21.7,5.92,22.4,2280,62,63.0,2110,1800,200,960,76.92,2188.8,4939.54,39.68,22.4,5.92,1.33,1.67,208.33,0.4431180193
3000,363,257,13.0,21.7,5.92,22.4,2280,62,63.0,2110,1800,200,960,76.92,2188.8,3593.94,47.62,22.4,5.92,1.33,1.67,208.33,0.6090257673
3500,363,257,13.0,21.7,5.92,22.4,2280,62,63.0,2110,1800,200,960,76.92,2188.8,2775.87,55.56,22.4,5.92,1.33,1.67,208.33,0.7885098038
4000,363,257,13.0,21.7,5.92,22.4,2280,62,63.0,2110,1800,200,960,76.92,2188.8,2238.95,63.49,22.4,5.92,1.33,1.67,208.33,0.9775997077
4500,363,257,13.0,21.7,5.92,22.4,2280,62,63.0,2110,1800,200,960,76.92,2188.8,1865.63,71.43,22.4,5.92,1.33,1.67,208.33,1.173226085
20000,363,257,13.0,21.7,5.92,22.4,2280,62,63.0,2110,1800,200,960,76.92,2188.8,298.84,317.46,22.4,5.92,1.33,1.67,208.33,7.324346179
2500,361,257,11.4,20.0,6.41,25.4,2060,56,63.0,1610,1610,200,960,76.92,1977.6,4373.07,39.68,25.4,6.41,1.33,1.76,208.33,0.452222429
3000,361,257,11.4,20.0,6.41,25.4,2060,56,63.0,1610,1610,200,960,76.92,1977.6,3165.00,47.62,25.4,6.41,1.33,1.76,208.33,0.6248334953
3500,361,257,11.4,20.0,6.41,25.4,2060,56,63.0,1610,1610,200,960,76.92,1977.6,2431.88,55.56,25.4,6.41,1.33,1.76,208.33,0.8131971634
4000,361,257,11.4,20.0,6.41,25.4,2060,56,63.0,1610,1610,200,960,76.92,1977.6,1951.83,63.49,25.4,6.41,1.33,1.76,208.33,1.013205576
4500,361,257,11.4,20.0,6.41,25.4,2060,56,63.0,1610,1610,200,960,76.92,1977.6,1618.93,71.43,25.4,6.41,1.33,1.76,208.33,1.22154404
20000,361,257,11.4,20.0,6.41,25.4,2060,56,63.0,1610,1610,200,960,76.92,1977.6,249.56,317.46,25.4,6.41,1.33,1.76,208.33,7.924482752
2400,356,254,10.5,18.2,6.97,27.5,1880,50,62.5,1250,1440,200,960,76.92,1804.8,4180.55,38.40,27.5,6.97,1.33,1.74,208.33,0.4317136103
2900,356,254,10.5,18.2,6.97,27.5,1880,50,62.5,1250,1440,200,960,76.92,1804.8,2968.72,46.40,27.5,6.97,1.33,1.74,208.33,0.6079389634
3400,356,254,10.5,18.2,6.97,27.5,1880,50,62.5,1250,1440,200,960,76.92,1804.8,2247.57,54.40,27.5,6.97,1.33,1.74,208.33,0.8030013095
3900,356,254,10.5,18.2,6.97,27.5,1880,50,62.5,1250,1440,200,960,76.92,1804.8,1782.41,62.40,27.5,6.97,1.33,1.74,208.33,1.012561285
4400,356,254,10.5,18.2,6.97,27.5,1880,50,62.5,1250,1440,200,960,76.92,1804.8,1463.80,70.40,27.5,6.97,1.33,1.74,208.33,1.232958416
20000,356,254,10.5,18.2,6.97,27.5,1880,50,62.5,1250,1440,200,960,76.92,1804.8,209.94,320.00,27.5,6.97,1.33,1.74,208.33,8.596874347
2500,353,254,9.5,16.4,7.75,30.4,1670,45,62.2,912,1260,200,960,76.92,1603.2,3360.05,40.19,30.4,7.75,1.33,1.72,208.33,0.4771358624
3000,353,254,9.5,16.4,7.75,30.4,1670,45,62.2,912,1260,200,960,76.92,1603.2,2409.07,48.23,30.4,7.75,1.33,1.72,208.33,0.6654839822
3500,353,254,9.5,16.4,7.75,30.4,1670,45,62.2,912,1260,200,960,76.92,1603.2,1833.49,56.27,30.4,7.75,1.33,1.72,208.33,0.8743973222
4000,353,254,9.5,16.4,7.75,30.4,1670,45,62.2,912,1260,200,960,76.92,1603.2,1457.90,64.31,30.4,7.75,1.33,1.72,208.33,1.09966436
4500,353,254,9.5,16.4,7.75,30.4,1670,45,62.2,912,1260,200,960,76.92,1603.2,1198.55,72.35,30.4,7.75,1.33,1.72,208.33,1.337615202
15000,353,254,9.5,16.4,7.75,30.4,1670,45,62.2,912,1260,200,960,76.92,1603.2,233.25,241.16,30.4,7.75,1.33,1.72,208.33,6.873259752
1900,353,205,9.4,16.8,6.11,30.9,1430,24,48.8,807,682,200,960,76.92,1372.8,3129.89,38.93,30.9,6.11,1.64,1.78,208.33,0.4386093257
2400,353,205,9.4,16.8,6.11,30.9,1430,24,48.8,807,682,200,960,76.92,1372.8,2043.28,49.18,30.9,6.11,1.64,1.78,208.33,0.6718615048
2900,353,205,9.4,16.8,6.11,30.9,1430,24,48.8,807,682,200,960,76.92,1372.8,1465.44,59.43,30.9,6.11,1.64,1.78,208.33,0.9367822163
3400,353,205,9.4,16.8,6.11,30.9,1430,24,48.8,807,682,200,960,76.92,1372.8,1120.53,69.67,30.9,6.11,1.64,1.78,208.33,1.225139062
3900,353,205,9.4,16.8,6.11,30.9,1430,24,48.8,807,682,200,960,76.92,1372.8,897.16,79.92,30.9,6.11,1.64,1.78,208.33,1.530160668
10000,353,205,9.4,16.8,6.11,30.9,1430,24,48.8,807,682,200,960,76.92,1372.8,247.82,204.92,30.9,6.11,1.64,1.78,208.33,5.539601049
1900,351,204,8.6,15.1,6.75,33.6,1280,21,48.5,604,602,200,960,76.92,1228.8,2746.45,39.18,33.6,6.75,1.65,1.75,208.33,0.4474137781
2400,351,204,8.6,15.1,6.75,33.6,1280,21,48.5,604,602,200,960,76.92,1228.8,1783.57,49.48,33.6,6.75,1.65,1.75,208.33,0.6889539701
2900,351,204,8.6,15.1,6.75,33.6,1280,21,48.5,604,602,200,960,76.92,1228.8,1272.17,59.79,33.6,6.75,1.65,1.75,208.33,0.9659074984
3400,351,204,8.6,15.1,6.75,33.6,1280,21,48.5,604,602,200,960,76.92,1228.8,967.46,70.10,33.6,6.75,1.65,1.75,208.33,1.270135066
3900,351,204,8.6,15.1,6.75,33.6,1280,21,48.5,604,602,200,960,76.92,1228.8,770.58,80.41,33.6,6.75,1.65,1.75,208.33,1.59464257
15000,351,204,8.6,15.1,6.75,33.6,1280,21,48.5,604,602,200,960,76.92,1228.8,129.12,309.28,33.6,6.75,1.65,1.75,208.33,9.517064623
1900,348,203,7.8,13.5,7.54,37.4,1140,19,48.0,437,524,200,960,76.92,1094.4,2376.46,39.58,37.4,7.54,1.65,1.74,208.33,0.4605177031
2400,348,203,7.8,13.5,7.54,37.4,1140,19,48.0,437,524,200,960,76.92,1094.4,1535.28,50.00,37.4,7.54,1.65,1.74,208.33,0.7128360336
2900,348,203,7.8,13.5,7.54,37.4,1140,19,48.0,437,524,200,960,76.92,1094.4,1088.98,60.42,37.4,7.54,1.65,1.74,208.33,1.004976036
3400,348,203,7.8,13.5,7.54,37.4,1140,19,48.0,437,524,200,960,76.92,1094.4,823.48,70.83,37.4,7.54,1.65,1.74,208.33,1.329001748
3900,348,203,7.8,13.5,7.54,37.4,1140,19,48.0,437,524,200,960,76.92,1094.4,652.29,81.25,37.4,7.54,1.65,1.74,208.33,1.677785783
5000,348,203,7.8,13.5,7.54,37.4,1140,19,48.0,437,524,200,960,76.92,1094.4,437.06,104.17,37.4,7.54,1.65,1.74,208.33,2.503982664
1500,358,172,7.9,13.1,6.57,39.6,1010,11,39.4,332,330,200,960,76.92,969.6,2294.54,38.07,39.6,6.57,2.01,1.66,208.33,0.4225680775
2000,358,172,7.9,13.1,6.57,39.6,1010,11,39.4,332,330,200,960,76.92,969.6,1330.75,50.76,39.6,6.57,2.01,1.66,208.33,0.7286142558
2500,358,172,7.9,13.1,6.57,39.6,1010,11,39.4,332,330,200,960,76.92,969.6,883.55,63.45,39.6,6.57,2.01,1.66,208.33,1.09738805
3000,358,172,7.9,13.1,6.57,39.6,1010,11,39.4,332,330,200,960,76.92,969.6,639.59,76.14,39.6,6.57,2.01,1.66,208.33,1.515962934
3500,358,172,7.9,13.1,6.57,39.6,1010,11,39.4,332,330,200,960,76.92,969.6,491.54,88.83,39.6,6.57,2.01,1.66,208.33,1.972589679
10000,358,172,7.9,13.1,6.57,39.6,1010,11,39.4,332,330,200,960,76.92,969.6,109.78,253.81,39.6,6.57,2.01,1.66,208.33,8.832089256
1500,356,171,7.2,11.5,7.41,43.1,895,10,38.9,237,287,200,960,76.92,859.2,1985.76,38.56,43.1,7.41,2.01,1.59,208.33,0.4326804868
2000,356,171,7.2,11.5,7.41,43.1,895,10,38.9,237,287,200,960,76.92,859.2,1145.94,51.41,43.1,7.41,2.01,1.59,208.33,0.749775016
2500,356,171,7.2,11.5,7.41,43.1,895,10,38.9,237,287,200,960,76.92,859.2,756.56,64.27,43.1,7.41,2.01,1.59,208.33,1.135663994
3000,356,171,7.2,11.5,7.41,43.1,895,10,38.9,237,287,200,960,76.92,859.2,544.40,77.12,43.1,7.41,2.01,1.59,208.33,1.57824863
3500,356,171,7.2,11.5,7.41,43.1,895,10,38.9,237,287,200,960,76.92,859.2,415.87,89.97,43.1,7.41,2.01,1.59,208.33,2.066028978
5000,356,171,7.2,11.5,7.41,43.1,895,10,38.9,237,287,200,960,76.92,859.2,231.83,128.53,43.1,7.41,2.01,1.59,208.33,3.706165188
1500,351,171,6.9,9.8,8.74,45.4,775,8,37.8,158,238,200,960,76.92,744,1647.55,39.68,45.4,8.74,2.00,1.43,208.33,0.4515784145
2000,351,171,6.9,9.8,8.74,45.4,775,8,37.8,158,238,200,960,76.92,744,946.37,52.91,45.4,8.74,2.00,1.43,208.33,0.7861649289
2500,351,171,6.9,9.8,8.74,45.4,775,8,37.8,158,238,200,960,76.92,744,621.44,66.14,45.4,8.74,2.00,1.43,208.33,1.19721203
3000,351,171,6.9,9.8,8.74,45.4,775,8,37.8,158,238,200,960,76.92,744,444.58,79.37,45.4,8.74,2.00,1.43,208.33,1.67350268
3500,351,171,6.9,9.8,8.74,45.4,775,8,37.8,158,238,200,960,76.92,744,337.58,92.59,45.4,8.74,2.00,1.43,208.33,2.203909368
5000,351,171,6.9,9.8,8.74,45.4,775,8,37.8,158,238,200,960,76.92,744,184.97,132.28,45.4,8.74,2.00,1.43,208.33,4.02217348
1100,353,128,6.5,10.7,5.98,48.1,659,4,27.4,149,109,200,960,76.92,632.64,1402.11,40.15,48.1,5.98,2.67,1.65,208.33,0.4512058143
1600,353,128,6.5,10.7,5.98,48.1,659,4,27.4,149,109,200,960,76.92,632.64,684.74,58.39,48.1,5.98,2.67,1.65,208.33,0.9239173339
2100,353,128,6.5,10.7,5.98,48.1,659,4,27.4,149,109,200,960,76.92,632.64,414.37,76.64,48.1,5.98,2.67,1.65,208.33,1.526765174
2600,353,128,6.5,10.7,5.98,48.1,659,4,27.4,149,109,200,960,76.92,632.64,283.69,94.89,48.1,5.98,2.67,1.65,208.33,2.230044675
3100,353,128,6.5,10.7,5.98,48.1,659,4,27.4,149,109,200,960,76.92,632.64,210.40,113.14,48.1,5.98,2.67,1.65,208.33,3.006847156
5000,353,128,6.5,10.7,5.98,48.1,659,4,27.4,149,109,200,960,76.92,632.64,100.44,182.48,48.1,5.98,2.67,1.65,208.33,6.298713219
1050,348,127,5.8,8.5,7.46,53.3,544,3,26.4,87,84,200,960,76.92,522.24,1187.03,39.77,53.3,7.46,2.67,1.46,208.33,0.4399535527
1550,348,127,5.8,8.5,7.46,53.3,544,3,26.4,87,84,200,960,76.92,522.24,558.14,58.71,53.3,7.46,2.67,1.46,208.33,0.9356846689
2050,348,127,5.8,8.5,7.46,53.3,544,3,26.4,87,84,200,960,76.92,522.24,329.40,77.65,53.3,7.46,2.67,1.46,208.33,1.585436769
2550,348,127,5.8,8.5,7.46,53.3,544,3,26.4,87,84,200,960,76.92,522.24,221.12,96.59,53.3,7.46,2.67,1.46,208.33,2.36182637
3050,348,127,5.8,8.5,7.46,53.3,544,3,26.4,87,84,200,960,76.92,522.24,161.29,115.53,53.3,7.46,2.67,1.46,208.33,3.237914687
6000,348,127,5.8,8.5,7.46,53.3,544,3,26.4,87,84,200,960,76.92,522.24,55.59,227.27,53.3,7.46,2.67,1.46,208.33,9.395275933
5500,427,340,45.2,75.2,2.26,5.5,9880,495,88.1,101000,15300,200,960,76.92,9484.8,22045.39,62.43,5.5,2.26,1.03,1.66,208.33,0.4302395633
6000,427,340,45.2,75.2,2.26,5.5,9880,495,88.1,101000,15300,200,960,76.92,9484.8,20023.66,68.10,5.5,2.26,1.03,1.66,208.33,0.4736796278
6500,427,340,45.2,75.2,2.26,5.5,9880,495,88.1,101000,15300,200,960,76.92,9484.8,18349.66,73.78,5.5,2.26,1.03,1.66,208.33,0.516892383
7000,427,340,45.2,75.2,2.26,5.5,9880,495,88.1,101000,15300,200,960,76.92,9484.8,16939.80,79.46,5.5,2.26,1.03,1.66,208.33,0.5599121264
7500,427,340,45.2,75.2,2.26,5.5,9880,495,88.1,101000,15300,200,960,76.92,9484.8,15735.41,85.13,5.5,2.26,1.03,1.66,208.33,0.6027677979
120000,427,340,45.2,75.2,2.26,5.5,9880,495,88.1,101000,15300,200,960,76.92,9484.8,951.28,1362.09,5.5,2.26,1.03,1.66,208.33,9.970616696
5500,414,335,41.4,68.4,2.45,6.0,8800,437,86.9,77000,13100,200,960,76.92,8448,18212.22,63.29,6.0,2.45,1.03,1.65,208.33,0.46386438
6000,414,335,41.4,68.4,2.45,6.0,8800,437,86.9,77000,13100,200,960,76.92,8448,16525.53,69.04,6.0,2.45,1.03,1.65,208.33,0.511208984
6500,414,335,41.4,68.4,2.45,6.0,8800,437,86.9,77000,13100,200,960,76.92,8448,15131.82,74.80,6.0,2.45,1.03,1.65,208.33,0.5582938479
7000,414,335,41.4,68.4,2.45,6.0,8800,437,86.9,77000,13100,200,960,76.92,8448,13960.04,80.55,6.0,2.45,1.03,1.65,208.33,0.605155827
7500,414,335,41.4,68.4,2.45,6.0,8800,437,86.9,77000,13100,200,960,76.92,8448,12960.50,86.31,6.0,2.45,1.03,1.65,208.33,0.6518268079
100000,414,335,41.4,68.4,2.45,6.0,8800,437,86.9,77000,13100,200,960,76.92,8448,936.58,1150.75,6.0,2.45,1.03,1.65,208.33,9.020020796
5000,404,333,38.9,62.6,2.66,6.4,7880,390,85.9,59500,11300,200,960,76.92,7564.8,17000.39,58.21,6.4,2.66,1.03,1.61,208.33,0.4449779282
5500,404,333,38.9,62.6,2.66,6.4,7880,390,85.9,59500,11300,200,960,76.92,7564.8,15234.55,64.03,6.4,2.66,1.03,1.61,208.33,0.4965556725
6000,404,333,38.9,62.6,2.66,6.4,7880,390,85.9,59500,11300,200,960,76.92,7564.8,13809.39,69.85,6.4,2.66,1.03,1.61,208.33,0.5478012334
6500,404,333,38.9,62.6,2.66,6.4,7880,390,85.9,59500,11300,200,960,76.92,7564.8,12634.21,75.67,6.4,2.66,1.03,1.61,208.33,0.5987552412
7000,404,333,38.9,62.6,2.66,6.4,7880,390,85.9,59500,11300,200,960,76.92,7564.8,11647.90,81.49,6.4,2.66,1.03,1.61,208.33,0.6494561602
100000,404,333,38.9,62.6,2.66,6.4,7880,390,85.9,59500,11300,200,960,76.92,7564.8,777.79,1164.14,6.4,2.66,1.03,1.61,208.33,9.726024488
4700,391,330,35.6,57.1,2.89,7.0,7010,345,84.8,45000,9610,200,960,76.92,6729.6,15118.35,55.42,7.0,2.89,1.01,1.60,208.33,0.445127815
5200,391,330,35.6,57.1,2.89,7.0,7010,345,84.8,45000,9610,200,960,76.92,6729.6,13413.75,61.32,7.0,2.89,1.01,1.60,208.33,0.5016939934
5700,391,330,35.6,57.1,2.89,7.0,7010,345,84.8,45000,9610,200,960,76.92,6729.6,12062.92,67.22,7.0,2.89,1.01,1.60,208.33,0.5578750788
6200,391,330,35.6,57.1,2.89,7.0,7010,345,84.8,45000,9610,200,960,76.92,6729.6,10965.53,73.11,7.0,2.89,1.01,1.60,208.33,0.6137052166
6700,391,330,35.6,57.1,2.89,7.0,7010,345,84.8,45000,9610,200,960,76.92,6729.6,10055.83,79.01,7.0,2.89,1.01,1.60,208.33,0.6692236419
100000,391,330,35.6,57.1,2.89,7.0,7010,345,84.8,45000,9610,200,960,76.92,6729.6,636.21,1179.25,7.0,2.89,1.01,1.60,208.33,10.57764471
4500,384,328,32.8,52.7,3.11,7.6,6330,309,84.1,34900,8380,200,960,76.92,6076.8,13453.33,53.51,7.6,3.11,1.01,1.61,208.33,0.4516948418
5000,384,328,32.8,52.7,3.11,7.6,6330,309,84.1,34900,8380,200,960,76.92,6076.8,11836.61,59.45,7.6,3.11,1.01,1.61,208.33,0.5133902274
5500,384,328,32.8,52.7,3.11,7.6,6330,309,84.1,34900,8380,200,960,76.92,6076.8,10574.31,65.40,7.6,3.11,1.01,1.61,208.33,0.574675872
6000,384,328,32.8,52.7,3.11,7.6,6330,309,84.1,34900,8380,200,960,76.92,6076.8,9561.22,71.34,7.6,3.11,1.01,1.61,208.33,0.6355671286
6500,384,328,32.8,52.7,3.11,7.6,6330,309,84.1,34900,8380,200,960,76.92,6076.8,8729.82,77.29,7.6,3.11,1.01,1.61,208.33,0.696096525
80000,384,328,32.8,52.7,3.11,7.6,6330,309,84.1,34900,8380,200,960,76.92,6076.8,662.94,951.25,7.6,3.11,1.01,1.61,208.33,9.166393844
4000,373,325,30.0,48.2,3.37,8.2,5700,276,83.3,26900,7300,200,960,76.92,5472,13173.40,48.02,8.2,3.37,1.00,1.61,208.33,0.4153824041
4500,373,325,30.0,48.2,3.37,8.2,5700,276,83.3,26900,7300,200,960,76.92,5472,11330.93,54.02,8.2,3.37,1.00,1.61,208.33,0.4829258024
5000,373,325,30.0,48.2,3.37,8.2,5700,276,83.3,26900,7300,200,960,76.92,5472,9946.84,60.02,8.2,3.37,1.00,1.61,208.33,0.5501242281
5500,373,325,30.0,48.2,3.37,8.2,5700,276,83.3,26900,7300,200,960,76.92,5472,8869.98,66.03,8.2,3.37,1.00,1.61,208.33,0.6169121535
6000,373,325,30.0,48.2,3.37,8.2,5700,276,83.3,26900,7300,200,960,76.92,5472,8008.39,72.03,8.2,3.37,1.00,1.61,208.33,0.6832837733
70000,373,325,30.0,48.2,3.37,8.2,5700,276,83.3,26900,7300,200,960,76.92,5472,628.79,840.34,8.2,3.37,1.00,1.61,208.33,8.7024103
4000,366,323,26.9,44.2,3.65,9.2,5100,245,82.6,20300,6340,200,960,76.92,4896,11025.85,48.43,9.2,3.65,1.00,1.64,208.33,0.4440474705
4500,366,323,26.9,44.2,3.65,9.2,5100,245,82.6,20300,6340,200,960,76.92,4896,9451.29,54.48,9.2,3.65,1.00,1.64,208.33,0.5180245751
5000,366,323,26.9,44.2,3.65,9.2,5100,245,82.6,20300,6340,200,960,76.92,4896,8273.86,60.53,9.2,3.65,1.00,1.64,208.33,0.5917434654
5500,366,323,26.9,44.2,3.65,9.2,5100,245,82.6,20300,6340,200,960,76.92,4896,7361.53,66.59,9.2,3.65,1.00,1.64,208.33,0.665078712
6000,366,323,26.9,44.2,3.65,9.2,5100,245,82.6,20300,6340,200,960,76.92,4896,6634.24,72.64,9.2,3.65,1.00,1.64,208.33,0.7379895178
30000,366,323,26.9,44.2,3.65,9.2,5100,245,82.6,20300,6340,200,960,76.92,4896,1205.31,363.20,9.2,3.65,1.00,1.64,208.33,4.062010069
4000,356,320,24.4,39.7,4.03,10.1,4510,215,81.8,14800,5400,200,960,76.92,4329.6,9063.47,48.90,10.1,4.03,0.99,1.63,208.33,0.4776978683
4500,356,320,24.4,39.7,4.03,10.1,4510,215,81.8,14800,5400,200,960,76.92,4329.6,7738.03,55.01,10.1,4.03,0.99,1.63,208.33,0.5595221034
5000,356,320,24.4,39.7,4.03,10.1,4510,215,81.8,14800,5400,200,960,76.92,4329.6,6751.81,61.12,10.1,4.03,0.99,1.63,208.33,0.6412505112
5500,356,320,24.4,39.7,4.03,10.1,4510,215,81.8,14800,5400,200,960,76.92,4329.6,5991.12,67.24,10.1,4.03,0.99,1.63,208.33,0.722669327
6000,356,320,24.4,39.7,4.03,10.1,4510,215,81.8,14800,5400,200,960,76.92,4329.6,5387.20,73.35,10.1,4.03,0.99,1.63,208.33,0.8036826798
30000,356,320,24.4,39.7,4.03,10.1,4510,215,81.8,14800,5400,200,960,76.92,4329.6,964.81,366.75,10.1,4.03,0.99,1.63,208.33,4.487516843
3500,348,318,22.1,35.7,4.46,11.2,3980,189,81.0,10700,4620,200,960,76.92,3820.8,9051.24,43.21,11.2,4.46,0.98,1.61,208.33,0.4221300378
4000,348,318,22.1,35.7,4.46,11.2,3980,189,81.0,10700,4620,200,960,76.92,3820.8,7466.06,49.38,11.2,4.46,0.98,1.61,208.33,0.5117560414
4500,348,318,22.1,35.7,4.46,11.2,3980,189,81.0,10700,4620,200,960,76.92,3820.8,6345.16,55.56,11.2,4.46,0.98,1.61,208.33,0.6021601027
5000,348,318,22.1,35.7,4.46,11.2,3980,189,81.0,10700,4620,200,960,76.92,3820.8,5515.45,61.73,11.2,4.46,0.98,1.61,208.33,0.6927455447
5500,348,318,22.1,35.7,4.46,11.2,3980,189,81.0,10700,4620,200,960,76.92,3820.8,4878.59,67.90,11.2,4.46,0.98,1.61,208.33,0.7831763203
30000,348,318,22.1,35.7,4.46,11.2,3980,189,81.0,10700,4620,200,960,76.92,3820.8,769.88,370.37,11.2,4.46,0.98,1.61,208.33,4.962840305
3500,340,315,20.1,31.8,4.96,12.3,3510,166,80.3,7700,3950,200,960,76.92,3369.6,7510.41,43.59,12.3,4.96,0.98,1.58,208.33,0.4486572244
4000,340,315,20.1,31.8,4.96,12.3,3510,166,80.3,7700,3950,200,960,76.92,3369.6,6159.81,49.81,12.3,4.96,0.98,1.58,208.33,0.5470302146
4500,340,315,20.1,31.8,4.96,12.3,3510,166,80.3,7700,3950,200,960,76.92,3369.6,5209.58,56.04,12.3,4.96,0.98,1.58,208.33,0.6468081555
5000,340,315,20.1,31.8,4.96,12.3,3510,166,80.3,7700,3950,200,960,76.92,3369.6,4509.73,62.27,12.3,4.96,0.98,1.58,208.33,0.7471840672
5500,340,315,20.1,31.8,4.96,12.3,3510,166,80.3,7700,3950,200,960,76.92,3369.6,3975.15,68.49,12.3,4.96,0.98,1.58,208.33,0.8476662313
30000,340,315,20.1,31.8,4.96,12.3,3510,166,80.3,7700,3950,200,960,76.92,3369.6,612.77,373.60,12.3,4.96,0.98,1.58,208.33,5.498973184
3500,333,312,18.0,28.0,5.57,13.7,3050,144,79.5,5370,3330,200,960,76.92,2928,6149.44,44.03,13.7,5.57,0.98,1.56,208.33,0.4761412239
4000,333,312,18.0,28.0,5.57,13.7,3050,144,79.5,5370,3330,200,960,76.92,2928,5011.83,50.31,13.7,5.57,0.98,1.56,208.33,0.5842182067
4500,333,312,18.0,28.0,5.57,13.7,3050,144,79.5,5370,3330,200,960,76.92,2928,4215.41,56.60,13.7,5.57,0.98,1.56,208.33,0.6945947841
5000,333,312,18.0,28.0,5.57,13.7,3050,144,79.5,5370,3330,200,960,76.92,2928,3631.81,62.89,13.7,5.57,0.98,1.56,208.33,0.8062094475
5500,333,312,18.0,28.0,5.57,13.7,3050,144,79.5,5370,3330,200,960,76.92,2928,3188.26,69.18,13.7,5.57,0.98,1.56,208.33,0.9183680145
30000,333,312,18.0,28.0,5.57,13.7,3050,144,79.5,5370,3330,200,960,76.92,2928,477.33,377.36,13.7,5.57,0.98,1.56,208.33,6.134125208
3000,328,310,15.5,25.1,6.17,15.9,2690,125,79.0,3800,2870,200,960,76.92,2582.4,6585.41,37.97,15.9,6.17,0.98,1.62,208.33,0.3921396949
3500,328,310,15.5,25.1,6.17,15.9,2690,125,79.0,3800,2870,200,960,76.92,2582.4,5107.78,44.30,15.9,6.17,0.98,1.62,208.33,0.505582083
4000,328,310,15.5,25.1,6.17,15.9,2690,125,79.0,3800,2870,200,960,76.92,2582.4,4135.96,50.63,15.9,6.17,0.98,1.62,208.33,0.6243769884
4500,328,310,15.5,25.1,6.17,15.9,2690,125,79.0,3800,2870,200,960,76.92,2582.4,3458.63,56.96,15.9,6.17,0.98,1.62,208.33,0.7466539876
5000,328,310,15.5,25.1,6.17,15.9,2690,125,79.0,3800,2870,200,960,76.92,2582.4,2964.63,63.29,15.9,6.17,0.98,1.62,208.33,0.8710704307
30000,328,310,15.5,25.1,6.17,15.9,2690,125,79.0,3800,2870,200,960,76.92,2582.4,374.82,379.75,15.9,6.17,0.98,1.62,208.33,6.889789906
3000,323,310,14.0,22.9,6.76,17.7,2410,112,78.5,2850,2530,200,960,76.92,2313.6,5712.55,38.22,17.7,6.76,0.97,1.64,208.33,0.4050027231
3500,323,310,14.0,22.9,6.76,17.7,2410,112,78.5,2850,2530,200,960,76.92,2313.6,4406.36,44.59,17.7,6.76,0.97,1.64,208.33,0.5250592365
4000,323,310,14.0,22.9,6.76,17.7,2410,112,78.5,2850,2530,200,960,76.92,2313.6,3549.60,50.96,17.7,6.76,0.97,1.64,208.33,0.6517908669
4500,323,310,14.0,22.9,6.76,17.7,2410,112,78.5,2850,2530,200,960,76.92,2313.6,2954.32,57.32,17.7,6.76,0.97,1.64,208.33,0.7831256699
5000,323,310,14.0,22.9,6.76,17.7,2410,112,78.5,2850,2530,200,960,76.92,2313.6,2521.62,63.69,17.7,6.76,0.97,1.64,208.33,0.9175061079
30000,323,310,14.0,22.9,6.76,17.7,2410,112,78.5,2850,2530,200,960,76.92,2313.6,307.82,382.17,17.7,6.76,0.97,1.64,208.33,7.51596567
3000,318,307,13.1,20.5,7.48,18.9,2160,100,78.0,2120,2220,200,960,76.92,2073.6,4946.13,38.46,18.9,7.48,0.97,1.57,208.33,0.4192365766
3500,318,307,13.1,20.5,7.48,18.9,2160,100,78.0,2120,2220,200,960,76.92,2073.6,3794.94,44.87,18.9,7.48,0.97,1.57,208.33,0.5464114295
4000,318,307,13.1,20.5,7.48,18.9,2160,100,78.0,2120,2220,200,960,76.92,2073.6,3041.57,51.28,18.9,7.48,0.97,1.57,208.33,0.6817530483
4500,318,307,13.1,20.5,7.48,18.9,2160,100,78.0,2120,2220,200,960,76.92,2073.6,2519.52,57.69,18.9,7.48,0.97,1.57,208.33,0.8230134426
5000,318,307,13.1,20.5,7.48,18.9,2160,100,78.0,2120,2220,200,960,76.92,2073.6,2141.20,64.10,18.9,7.48,0.97,1.57,208.33,0.9684273995
30000,318,307,13.1,20.5,7.48,18.9,2160,100,78.0,2120,2220,200,960,76.92,2073.6,251.42,384.62,18.9,7.48,0.97,1.57,208.33,8.247537305
3000,315,307,11.9,18.7,8.22,20.7,1950,90,77.5,1600,1970,200,960,76.92,1872,4334.11,38.71,20.7,8.22,0.97,1.57,208.33,0.4319222407
3500,315,307,11.9,18.7,8.22,20.7,1950,90,77.5,1600,1970,200,960,76.92,1872,3309.26,45.16,20.7,8.22,0.97,1.57,208.33,0.5656860502
4000,315,307,11.9,18.7,8.22,20.7,1950,90,77.5,1600,1970,200,960,76.92,1872,2639.78,51.61,20.7,8.22,0.97,1.57,208.33,0.7091511642
4500,315,307,11.9,18.7,8.22,20.7,1950,90,77.5,1600,1970,200,960,76.92,1872,2176.88,58.06,20.7,8.22,0.97,1.57,208.33,0.8599459849
5000,315,307,11.9,18.7,8.22,20.7,1950,90,77.5,1600,1970,200,960,76.92,1872,1842.28,64.52,20.7,8.22,0.97,1.57,208.33,1.016133193
30000,315,307,11.9,18.7,8.22,20.7,1950,90,77.5,1600,1970,200,960,76.92,1872,207.62,387.10,20.7,8.22,0.97,1.57,208.33,9.016321425
3000,312,305,10.9,17.0,8.99,22.6,1770,81,77.2,1220,1760,200,960,76.92,1699.2,3829.58,38.86,22.6,8.99,0.97,1.56,208.33,0.443704329
3500,312,305,10.9,17.0,8.99,22.6,1770,81,77.2,1220,1760,200,960,76.92,1699.2,2911.22,45.34,22.6,8.99,0.97,1.56,208.33,0.5836722516
4000,312,305,10.9,17.0,8.99,22.6,1770,81,77.2,1220,1760,200,960,76.92,1699.2,2312.17,51.81,22.6,8.99,0.97,1.56,208.33,0.7348930425
4500,312,305,10.9,17.0,8.99,22.6,1770,81,77.2,1220,1760,200,960,76.92,1699.2,1898.71,58.29,22.6,8.99,0.97,1.56,208.33,0.8949220974
5000,312,305,10.9,17.0,8.99,22.6,1770,81,77.2,1220,1760,200,960,76.92,1699.2,1600.47,64.77,22.6,8.99,0.97,1.56,208.33,1.06168997
30000,312,305,10.9,17.0,8.99,22.6,1770,81,77.2,1220,1760,200,960,76.92,1699.2,172.80,388.60,22.6,8.99,0.97,1.56,208.33,9.833074055
3000,307,305,9.9,15.4,9.92,24.9,1590,72,76.7,907,1550,200,960,76.92,1526.4,3341.42,39.11,24.9,9.92,0.96,1.55,208.33,0.4568120157
3500,307,305,9.9,15.4,9.92,24.9,1590,72,76.7,907,1550,200,960,76.92,1526.4,2529.27,45.63,24.9,9.92,0.96,1.55,208.33,0.6034938974
4000,307,305,9.9,15.4,9.92,24.9,1590,72,76.7,907,1550,200,960,76.92,1526.4,2000.15,52.15,24.9,9.92,0.96,1.55,208.33,0.7631446485
4500,307,305,9.9,15.4,9.92,24.9,1590,72,76.7,907,1550,200,960,76.92,1526.4,1635.51,58.67,24.9,9.92,0.96,1.55,208.33,0.9332880342
5000,307,305,9.9,15.4,9.92,24.9,1590,72,76.7,907,1550,200,960,76.92,1526.4,1372.97,65.19,24.9,9.92,0.96,1.55,208.33,1.111753301
30000,307,305,9.9,15.4,9.92,24.9,1590,72,76.7,907,1550,200,960,76.92,1526.4,141.20,391.13,24.9,9.92,0.96,1.55,208.33,10.80986447
2500,310,254,9.1,16.2,7.82,27.0,1420,45,63.8,874,959,200,960,76.92,1363.2,2987.74,39.18,27.0,7.82,1.16,1.78,208.33,0.456264452
3000,310,254,9.1,16.2,7.82,27.0,1420,45,63.8,874,959,200,960,76.92,1363.2,2156.14,47.02,27.0,7.82,1.16,1.78,208.33,0.6322401687
3500,310,254,9.1,16.2,7.82,27.0,1420,45,63.8,874,959,200,960,76.92,1363.2,1651.93,54.86,27.0,7.82,1.16,1.78,208.33,0.8252158427
4000,310,254,9.1,16.2,7.82,27.0,1420,45,63.8,874,959,200,960,76.92,1363.2,1322.15,62.70,27.0,7.82,1.16,1.78,208.33,1.031050303
4500,310,254,9.1,16.2,7.82,27.0,1420,45,63.8,874,959,200,960,76.92,1363.2,1093.78,70.53,27.0,7.82,1.16,1.78,208.33,1.246322629
10000,310,254,9.1,16.2,7.82,27.0,1420,45,63.8,874,959,200,960,76.92,1363.2,360.39,156.74,27.0,7.82,1.16,1.78,208.33,3.782575734
2400,307,254,8.8,14.6,8.69,28.1,1280,40,63.0,658,849,200,960,76.92,1228.8,2831.06,38.10,28.1,8.69,1.15,1.67,208.33,0.4340427215
2900,307,254,8.8,14.6,8.69,28.1,1280,40,63.0,658,849,200,960,76.92,1228.8,2004.00,46.03,28.1,8.69,1.15,1.67,208.33,0.6131751229
3400,307,254,8.8,14.6,8.69,28.1,1280,40,63.0,658,849,200,960,76.92,1228.8,1512.22,53.97,28.1,8.69,1.15,1.67,208.33,0.8125816257
3900,307,254,8.8,14.6,8.69,28.1,1280,40,63.0,658,849,200,960,76.92,1228.8,1195.36,61.90,28.1,8.69,1.15,1.67,208.33,1.027975651
4400,307,254,8.8,14.6,8.69,28.1,1280,40,63.0,658,849,200,960,76.92,1228.8,978.62,69.84,28.1,8.69,1.15,1.67,208.33,1.255644898
15000,307,254,8.8,14.6,8.69,28.1,1280,40,63.0,658,849,200,960,76.92,1228.8,186.76,238.10,28.1,8.69,1.15,1.67,208.33,6.579555431
1900,310,205,9.4,16.2,6.31,26.8,1180,23,49.8,712,505,200,960,76.92,1132.8,2695.51,38.15,26.8,6.31,1.43,1.73,208.33,0.4202549807
2400,310,205,9.4,16.2,6.31,26.8,1180,23,49.8,712,505,200,960,76.92,1132.8,1770.68,48.19,26.8,6.31,1.43,1.73,208.33,0.6397541957
2900,310,205,9.4,16.2,6.31,26.8,1180,23,49.8,712,505,200,960,76.92,1132.8,1278.04,58.23,26.8,6.31,1.43,1.73,208.33,0.8863560159
3400,310,205,9.4,16.2,6.31,26.8,1180,23,49.8,712,505,200,960,76.92,1132.8,983.28,68.27,26.8,6.31,1.43,1.73,208.33,1.152063868
3900,310,205,9.4,16.2,6.31,26.8,1180,23,49.8,712,505,200,960,76.92,1132.8,791.82,78.31,26.8,6.31,1.43,1.73,208.33,1.430627823
12000,310,205,9.4,16.2,6.31,26.8,1180,23,49.8,712,505,200,960,76.92,1132.8,184.28,240.96,26.8,6.31,1.43,1.73,208.33,6.147181385
1900,307,204,8.5,14.6,7.00,29.6,1050,21,49.5,524,443,200,960,76.92,1008,2348.30,38.38,29.6,7.00,1.43,1.71,208.33,0.4292466649
2400,307,204,8.5,14.6,7.00,29.6,1050,21,49.5,524,443,200,960,76.92,1008,1533.01,48.48,29.6,7.00,1.43,1.71,208.33,0.6575280008
2900,307,204,8.5,14.6,7.00,29.6,1050,21,49.5,524,443,200,960,76.92,1008,1099.47,58.59,29.6,7.00,1.43,1.71,208.33,0.9168087554
3400,307,204,8.5,14.6,7.00,29.6,1050,21,49.5,524,443,200,960,76.92,1008,840.68,68.69,29.6,7.00,1.43,1.71,208.33,1.199032673
3900,307,204,8.5,14.6,7.00,29.6,1050,21,49.5,524,443,200,960,76.92,1008,673.09,78.79,29.6,7.00,1.43,1.71,208.33,1.497572576
10000,307,204,8.5,14.6,7.00,29.6,1050,21,49.5,524,443,200,960,76.92,1008,185.91,202.02,29.6,7.00,1.43,1.71,208.33,5.422036362
2000,302,203,7.5,13.1,7.77,33.6,934,18,49.3,377,387,200,960,76.92,896.64,1851.42,40.57,33.6,7.77,1.42,1.74,208.33,0.4842979664
2500,302,203,7.5,13.1,7.77,33.6,934,18,49.3,377,387,200,960,76.92,896.64,1228.06,50.71,33.6,7.77,1.42,1.74,208.33,0.7301282418
3000,302,203,7.5,13.1,7.77,33.6,934,18,49.3,377,387,200,960,76.92,896.64,888.07,60.85,33.6,7.77,1.42,1.74,208.33,1.009651415
3500,302,203,7.5,13.1,7.77,33.6,934,18,49.3,377,387,200,960,76.92,896.64,681.80,70.99,33.6,7.77,1.42,1.74,208.33,1.315109242
4000,302,203,7.5,13.1,7.77,33.6,934,18,49.3,377,387,200,960,76.92,896.64,546.78,81.14,33.6,7.77,1.42,1.74,208.33,1.639866757
10000,302,203,7.5,13.1,7.77,33.6,934,18,49.3,377,387,200,960,76.92,896.64,151.12,202.84,33.6,7.77,1.42,1.74,208.33,5.933344445
1500,318,167,7.6,13.2,6.31,36.2,839,10,39.1,308,236,200,960,76.92,805.44,1882.36,38.36,36.2,6.31,1.82,1.74,208.33,0.4278877376
2000,318,167,7.6,13.2,6.31,36.2,839,10,39.1,308,236,200,960,76.92,805.44,1100.30,51.15,36.2,6.31,1.82,1.74,208.33,0.7320199005
2500,318,167,7.6,13.2,6.31,36.2,839,10,39.1,308,236,200,960,76.92,805.44,736.91,63.94,36.2,6.31,1.82,1.74,208.33,1.092995782
3000,318,167,7.6,13.2,6.31,36.2,839,10,39.1,308,236,200,960,76.92,805.44,538.21,76.73,36.2,6.31,1.82,1.74,208.33,1.496506188
3500,318,167,7.6,13.2,6.31,36.2,839,10,39.1,308,236,200,960,76.92,805.44,417.24,89.51,36.2,6.31,1.82,1.74,208.33,1.930405895
4000,318,167,7.6,13.2,6.31,36.2,839,10,39.1,308,236,200,960,76.92,805.44,337.70,102.30,36.2,6.31,1.82,1.74,208.33,2.385102103
1500,312,166,6.6,11.2,7.41,41.8,706,8,38.6,190,193,200,960,76.92,677.76,1529.70,38.86,41.8,7.41,1.81,1.70,208.33,0.4430673988
2000,312,166,6.6,11.2,7.41,41.8,706,8,38.6,190,193,200,960,76.92,677.76,886.65,51.81,41.8,7.41,1.81,1.70,208.33,0.7644085094
2500,312,166,6.6,11.2,7.41,41.8,706,8,38.6,190,193,200,960,76.92,677.76,588.30,64.77,41.8,7.41,1.81,1.70,208.33,1.152058944
3000,312,166,6.6,11.2,7.41,41.8,706,8,38.6,190,193,200,960,76.92,677.76,425.57,77.72,41.8,7.41,1.81,1.70,208.33,1.592586456
3500,312,166,6.6,11.2,7.41,41.8,706,8,38.6,190,193,200,960,76.92,677.76,326.83,90.67,41.8,7.41,1.81,1.70,208.33,2.073718343
4000,312,166,6.6,11.2,7.41,41.8,706,8,38.6,190,193,200,960,76.92,677.76,262.19,103.63,41.8,7.41,1.81,1.70,208.33,2.584986452
1400,310,165,5.8,9.7,8.54,47.2,610,7,38.4,125,163,200,960,76.92,585.6,1470.51,36.46,47.2,8.54,1.82,1.65,208.33,0.3982295215
1900,310,165,5.8,9.7,8.54,47.2,610,7,38.4,125,163,200,960,76.92,585.6,816.78,49.48,47.2,8.54,1.82,1.65,208.33,0.7169652899
2400,310,165,5.8,9.7,8.54,47.2,610,7,38.4,125,163,200,960,76.92,585.6,526.54,62.50,47.2,8.54,1.82,1.65,208.33,1.112171017
2900,310,165,5.8,9.7,8.54,47.2,610,7,38.4,125,163,200,960,76.92,585.6,372.61,75.52,47.2,8.54,1.82,1.65,208.33,1.571622084
3400,310,165,5.8,9.7,8.54,47.2,610,7,38.4,125,163,200,960,76.92,585.6,281.09,88.54,47.2,8.54,1.82,1.65,208.33,2.083336606
4000,310,165,5.8,9.7,8.54,47.2,610,7,38.4,125,163,200,960,76.92,585.6,212.86,104.17,47.2,8.54,1.82,1.65,208.33,2.751048052
850,312,102,6.6,10.8,4.74,41.8,480,2,21.5,122,44,200,960,76.92,460.8,1085.71,39.53,41.8,4.74,2.95,1.63,208.33,0.4244212187
1350,312,102,6.6,10.8,4.74,41.8,480,2,21.5,122,44,200,960,76.92,460.8,453.52,62.79,41.8,4.74,2.95,1.63,208.33,1.016053025
1850,312,102,6.6,10.8,4.74,41.8,480,2,21.5,122,44,200,960,76.92,460.8,258.35,86.05,41.8,4.74,2.95,1.63,208.33,1.783593648
2350,312,102,6.6,10.8,4.74,41.8,480,2,21.5,122,44,200,960,76.92,460.8,172.87,109.30,41.8,4.74,2.95,1.63,208.33,2.665655807
2850,312,102,6.6,10.8,4.74,41.8,480,2,21.5,122,44,200,960,76.92,460.8,127.45,132.56,41.8,4.74,2.95,1.63,208.33,3.615467874
4000,312,102,6.6,10.8,4.74,41.8,480,2,21.5,122,44,200,960,76.92,460.8,78.00,186.05,41.8,4.74,2.95,1.63,208.33,5.907640097
850,310,102,6.0,8.9,5.72,46.2,405,2,20.9,75,35,200,960,76.92,388.8,866.21,40.67,46.2,5.72,2.95,1.49,208.33,0.4488542221
1350,310,102,6.0,8.9,5.72,46.2,405,2,20.9,75,35,200,960,76.92,388.8,357.86,64.59,46.2,5.72,2.95,1.49,208.33,1.086447228
1850,310,102,6.0,8.9,5.72,46.2,405,2,20.9,75,35,200,960,76.92,388.8,201.25,88.52,46.2,5.72,2.95,1.49,208.33,1.9319565
2350,310,102,6.0,8.9,5.72,46.2,405,2,20.9,75,35,200,960,76.92,388.8,132.91,112.44,46.2,5.72,2.95,1.49,208.33,2.925292619
2850,310,102,6.0,8.9,5.72,46.2,405,2,20.9,75,35,200,960,76.92,388.8,96.82,136.36,46.2,5.72,2.95,1.49,208.33,4.015832983
4000,310,102,6.0,8.9,5.72,46.2,405,2,20.9,75,35,200,960,76.92,388.8,57.95,191.39,46.2,5.72,2.95,1.49,208.33,6.708858025
800,305,101,5.6,6.7,7.53,49.4,329,1,19.6,43,26,200,960,76.92,315.84,719.05,40.82,49.4,7.53,2.95,1.20,208.33,0.439245586
1300,305,101,5.6,6.7,7.53,49.4,329,1,19.6,43,26,200,960,76.92,315.84,280.99,66.33,49.4,7.53,2.95,1.20,208.33,1.124011379
1800,305,101,5.6,6.7,7.53,49.4,329,1,19.6,43,26,200,960,76.92,315.84,153.01,91.84,49.4,7.53,2.95,1.20,208.33,2.06412748
2300,305,101,5.6,6.7,7.53,49.4,329,1,19.6,43,26,200,960,76.92,315.84,98.70,117.35,49.4,7.53,2.95,1.20,208.33,3.200104675
2800,305,101,5.6,6.7,7.53,49.4,329,1,19.6,43,26,200,960,76.92,315.84,70.55,142.86,49.4,7.53,2.95,1.20,208.33,4.476728883
4000,305,101,5.6,6.7,7.53,49.4,329,1,19.6,43,26,200,960,76.92,315.84,40.15,204.08,49.4,7.53,2.95,1.20,208.33,7.866569225
800,302,101,5.1,5.7,8.82,54.3,285,1,19.1,29,22,200,960,76.92,273.6,598.32,41.88,54.3,8.82,2.93,1.13,208.33,0.4572835102
1300,302,101,5.1,5.7,8.82,54.3,285,1,19.1,29,22,200,960,76.92,273.6,232.58,68.06,54.3,8.82,2.93,1.13,208.33,1.176349102
1800,302,101,5.1,5.7,8.82,54.3,285,1,19.1,29,22,200,960,76.92,273.6,125.80,94.24,54.3,8.82,2.93,1.13,208.33,2.174937225
2300,302,101,5.1,5.7,8.82,54.3,285,1,19.1,29,22,200,960,76.92,273.6,80.53,120.42,54.3,8.82,2.93,1.13,208.33,3.397368901
2800,302,101,5.1,5.7,8.82,54.3,285,1,19.1,29,22,200,960,76.92,273.6,57.13,146.60,54.3,8.82,2.93,1.13,208.33,4.789114366
4000,302,101,5.1,5.7,8.82,54.3,285,1,19.1,29,22,200,960,76.92,273.6,31.98,209.42,54.3,8.82,2.93,1.13,208.33,8.55579005
3000,290,264,19.2,31.7,4.17,10.4,2410,98,68.1,6290,1620,200,960,76.92,2313.6,5569.19,44.05,10.4,4.17,0.98,1.65,208.33,0.4154281106
3500,290,264,19.2,31.7,4.17,10.4,2410,98,68.1,6290,1620,200,960,76.92,2313.6,4497.49,51.40,10.4,4.17,0.98,1.65,208.33,0.514419954
4000,290,264,19.2,31.7,4.17,10.4,2410,98,68.1,6290,1620,200,960,76.92,2313.6,3770.23,58.74,10.4,4.17,0.98,1.65,208.33,0.6136496096
4500,290,264,19.2,31.7,4.17,10.4,2410,98,68.1,6290,1620,200,960,76.92,2313.6,3246.89,66.08,10.4,4.17,0.98,1.65,208.33,0.7125598551
5000,290,264,19.2,31.7,4.17,10.4,2410,98,68.1,6290,1620,200,960,76.92,2313.6,2853.07,73.42,10.4,4.17,0.98,1.65,208.33,0.8109161367
30000,290,264,19.2,31.7,4.17,10.4,2410,98,68.1,6290,1620,200,960,76.92,2313.6,424.44,440.53,10.4,4.17,0.98,1.65,208.33,5.450974949
3000,282,262,17.3,28.4,4.62,11.6,2130,86,67.3,4540,1380,200,960,76.92,2044.8,4598.96,44.58,11.6,4.62,0.97,1.64,208.33,0.4446218162
3500,282,262,17.3,28.4,4.62,11.6,2130,86,67.3,4540,1380,200,960,76.92,2044.8,3691.21,52.01,11.6,4.62,0.97,1.64,208.33,0.5539645087
4000,282,262,17.3,28.4,4.62,11.6,2130,86,67.3,4540,1380,200,960,76.92,2044.8,3079.05,59.44,11.6,4.62,0.97,1.64,208.33,0.6641018045
4500,282,262,17.3,28.4,4.62,11.6,2130,86,67.3,4540,1380,200,960,76.92,2044.8,2641.13,66.86,11.6,4.62,0.97,1.64,208.33,0.7742154686
5000,282,262,17.3,28.4,4.62,11.6,2130,86,67.3,4540,1380,200,960,76.92,2044.8,2313.37,74.29,11.6,4.62,0.97,1.64,208.33,0.8839066715
30000,282,262,17.3,28.4,4.62,11.6,2130,86,67.3,4540,1380,200,960,76.92,2044.8,338.06,445.77,11.6,4.62,0.97,1.64,208.33,6.048548615
3000,274,262,15.4,25.3,5.18,13.0,1850,75,66.8,3130,1160,200,960,76.92,1776,3726.31,44.91,13.0,5.18,0.95,1.64,208.33,0.4766112936
3500,274,262,15.4,25.3,5.18,13.0,1850,75,66.8,3130,1160,200,960,76.92,1776,2968.32,52.40,13.0,5.18,0.95,1.64,208.33,0.5983178906
4000,274,262,15.4,25.3,5.18,13.0,1850,75,66.8,3130,1160,200,960,76.92,1776,2460.67,59.88,13.0,5.18,0.95,1.64,208.33,0.7217559363
4500,274,262,15.4,25.3,5.18,13.0,1850,75,66.8,3130,1160,200,960,76.92,1776,2099.95,67.37,13.0,5.18,0.95,1.64,208.33,0.8457351778
5000,274,262,15.4,25.3,5.18,13.0,1850,75,66.8,3130,1160,200,960,76.92,1776,1831.68,74.85,13.0,5.18,0.95,1.64,208.33,0.9696020872
40000,274,262,15.4,25.3,5.18,13.0,1850,75,66.8,3130,1160,200,960,76.92,1776,195.45,598.80,13.0,5.18,0.95,1.64,208.33,9.086576124
2700,269,259,13.5,22.1,5.86,14.8,1600,64,66.0,2130,975,200,960,76.92,1536,3569.83,40.91,14.8,5.86,0.95,1.64,208.33,0.4302723568
3200,269,259,13.5,22.1,5.86,14.8,1600,64,66.0,2130,975,200,960,76.92,1536,2731.24,48.48,14.8,5.86,0.95,1.64,208.33,0.5623815051
3700,269,259,13.5,22.1,5.86,14.8,1600,64,66.0,2130,975,200,960,76.92,1536,2197.39,56.06,14.8,5.86,0.95,1.64,208.33,0.6990103275
4200,269,259,13.5,22.1,5.86,14.8,1600,64,66.0,2130,975,200,960,76.92,1536,1832.98,63.64,14.8,5.86,0.95,1.64,208.33,0.8379791456
4700,269,259,13.5,22.1,5.86,14.8,1600,64,66.0,2130,975,200,960,76.92,1536,1570.65,71.21,14.8,5.86,0.95,1.64,208.33,0.9779380435
30000,269,259,13.5,22.1,5.86,14.8,1600,64,66.0,2130,975,200,960,76.92,1536,200.11,454.55,14.8,5.86,0.95,1.64,208.33,7.675601241
2700,264,257,11.9,19.5,6.58,16.7,1400,56,65.8,1480,832,200,960,76.92,1344,2965.33,41.03,16.7,6.58,0.95,1.64,208.33,0.4532381634
3200,264,257,11.9,19.5,6.58,16.7,1400,56,65.8,1480,832,200,960,76.92,1344,2249.88,48.63,16.7,6.58,0.95,1.64,208.33,0.597364056
3700,264,257,11.9,19.5,6.58,16.7,1400,56,65.8,1480,832,200,960,76.92,1344,1796.74,56.23,16.7,6.58,0.95,1.64,208.33,0.7480228164
4200,264,257,11.9,19.5,6.58,16.7,1400,56,65.8,1480,832,200,960,76.92,1344,1489.14,63.83,16.7,6.58,0.95,1.64,208.33,0.902535016
4700,264,257,11.9,19.5,6.58,16.7,1400,56,65.8,1480,832,200,960,76.92,1344,1268.99,71.43,16.7,6.58,0.95,1.64,208.33,1.059111633
30000,264,257,11.9,19.5,6.58,16.7,1400,56,65.8,1480,832,200,960,76.92,1344,155.86,455.93,16.7,6.58,0.95,1.64,208.33,8.622914997
2500,259,257,10.7,17.3,7.41,18.7,1220,48,65.3,1030,709,200,960,76.92,1171.2,2817.10,38.28,18.7,7.41,0.94,1.62,208.33,0.4157469796
3000,259,257,10.7,17.3,7.41,18.7,1220,48,65.3,1030,709,200,960,76.92,1171.2,2065.74,45.94,18.7,7.41,0.94,1.62,208.33,0.5669631981
3500,259,257,10.7,17.3,7.41,18.7,1220,48,65.3,1030,709,200,960,76.92,1171.2,1607.52,53.60,18.7,7.41,0.94,1.62,208.33,0.7285740142
4000,259,257,10.7,17.3,7.41,18.7,1220,48,65.3,1030,709,200,960,76.92,1171.2,1305.63,61.26,18.7,7.41,0.94,1.62,208.33,0.8970399709
4500,259,257,10.7,17.3,7.41,18.7,1220,48,65.3,1030,709,200,960,76.92,1171.2,1094.79,68.91,18.7,7.41,0.94,1.62,208.33,1.069792999
25000,259,257,10.7,17.3,7.41,18.7,1220,48,65.3,1030,709,200,960,76.92,1171.2,146.04,382.85,18.7,7.41,0.94,1.62,208.33,8.01976198
2500,257,254,9.4,15.6,8.15,21.2,1090,43,65.0,758,623,200,960,76.92,1046.4,2435.31,38.46,21.2,8.15,0.95,1.66,208.33,0.429677916
3000,257,254,9.4,15.6,8.15,21.2,1090,43,65.0,758,623,200,960,76.92,1046.4,1774.20,46.15,21.2,8.15,0.95,1.66,208.33,0.5897857825
3500,257,254,9.4,15.6,8.15,21.2,1090,43,65.0,758,623,200,960,76.92,1046.4,1372.08,53.85,21.2,8.15,0.95,1.66,208.33,0.7626350629
4000,257,254,9.4,15.6,8.15,21.2,1090,43,65.0,758,623,200,960,76.92,1046.4,1108.01,61.54,21.2,8.15,0.95,1.66,208.33,0.944399176
4500,257,254,9.4,15.6,8.15,21.2,1090,43,65.0,758,623,200,960,76.92,1046.4,924.26,69.23,21.2,8.15,0.95,1.66,208.33,1.132150944
25000,257,254,9.4,15.6,8.15,21.2,1090,43,65.0,758,623,200,960,76.92,1046.4,118.38,384.62,21.2,8.15,0.95,1.66,208.33,8.838981002
2500,254,254,8.6,14.2,8.93,23.1,990,39,64.5,579,556,200,960,76.92,950.4,2154.37,38.76,23.1,8.93,0.94,1.65,208.33,0.4411493857
3000,254,254,8.6,14.2,8.93,23.1,990,39,64.5,579,556,200,960,76.92,950.4,1561.26,46.51,23.1,8.93,0.94,1.65,208.33,0.6087376042
3500,254,254,8.6,14.2,8.93,23.1,990,39,64.5,579,556,200,960,76.92,950.4,1201.18,54.26,23.1,8.93,0.94,1.65,208.33,0.791222019
4000,254,254,8.6,14.2,8.93,23.1,990,39,64.5,579,556,200,960,76.92,950.4,965.26,62.02,23.1,8.93,0.94,1.65,208.33,0.9846019266
4500,254,254,8.6,14.2,8.93,23.1,990,39,64.5,579,556,200,960,76.92,950.4,801.56,69.77,23.1,8.93,0.94,1.65,208.33,1.185683163
10000,254,254,8.6,14.2,8.93,23.1,990,39,64.5,579,556,200,960,76.92,950.4,270.47,155.04,23.1,8.93,0.94,1.65,208.33,3.513946053
2000,257,204,8.9,15.8,6.47,22.5,900,22,51.1,629,322,200,960,76.92,864,1974.10,39.14,22.5,6.47,1.18,1.77,208.33,0.4376683027
2500,257,204,8.9,15.8,6.47,22.5,900,22,51.1,629,322,200,960,76.92,864,1343.81,48.92,22.5,6.47,1.18,1.77,208.33,0.642948976
3000,257,204,8.9,15.8,6.47,22.5,900,22,51.1,629,322,200,960,76.92,864,997.19,58.71,22.5,6.47,1.18,1.77,208.33,0.8664315468
3500,257,204,8.9,15.8,6.47,22.5,900,22,51.1,629,322,200,960,76.92,864,784.57,68.49,22.5,6.47,1.18,1.77,208.33,1.10123733
4000,257,204,8.9,15.8,6.47,22.5,900,22,51.1,629,322,200,960,76.92,864,643.53,78.28,22.5,6.47,1.18,1.77,208.33,1.342602852
5000,257,204,8.9,15.8,6.47,22.5,900,22,51.1,629,322,200,960,76.92,864,471.19,97.85,22.5,6.47,1.18,1.77,208.33,1.833647716
2000,252,203,8.0,13.5,7.53,25.0,767,19,50.3,406,266,200,960,76.92,736.32,1604.17,39.76,25.0,7.53,1.17,1.68,208.33,0.4590032613
2500,252,203,8.0,13.5,7.53,25.0,767,19,50.3,406,266,200,960,76.92,736.32,1080.74,49.70,25.0,7.53,1.17,1.68,208.33,0.6813098521
3000,252,203,8.0,13.5,7.53,25.0,767,19,50.3,406,266,200,960,76.92,736.32,794.00,59.64,25.0,7.53,1.17,1.68,208.33,0.9273533763
3500,252,203,8.0,13.5,7.53,25.0,767,19,50.3,406,266,200,960,76.92,736.32,618.98,69.58,25.0,7.53,1.17,1.68,208.33,1.189562675
4000,252,203,8.0,13.5,7.53,25.0,767,19,50.3,406,266,200,960,76.92,736.32,503.56,79.52,25.0,7.53,1.17,1.68,208.33,1.462237764
5000,252,203,8.0,13.5,7.53,25.0,767,19,50.3,406,266,200,960,76.92,736.32,363.80,99.40,25.0,7.53,1.17,1.68,208.33,2.02397213
2000,247,202,7.4,11.0,9.15,27.1,636,15,49.3,243,212,200,960,76.92,610.56,1259.88,40.57,27.1,9.15,1.17,1.50,208.33,0.4846175713
2500,247,202,7.4,11.0,9.15,27.1,636,15,49.3,243,212,200,960,76.92,610.56,840.00,50.71,27.1,9.15,1.17,1.50,208.33,0.7268599256
3000,247,202,7.4,11.0,9.15,27.1,636,15,49.3,243,212,200,960,76.92,610.56,610.70,60.85,27.1,9.15,1.17,1.50,208.33,0.9997752359
3500,247,202,7.4,11.0,9.15,27.1,636,15,49.3,243,212,200,960,76.92,610.56,471.33,70.99,27.1,9.15,1.17,1.50,208.33,1.295391426
4000,247,202,7.4,11.0,9.15,27.1,636,15,49.3,243,212,200,960,76.92,610.56,379.90,81.14,27.1,9.15,1.17,1.50,208.33,1.607175262
5000,247,202,7.4,11.0,9.15,27.1,636,15,49.3,243,212,200,960,76.92,610.56,270.14,101.42,27.1,9.15,1.17,1.50,208.33,2.260196676
1300,267,148,7.6,13.0,5.70,29.5,600,7,34.8,259,111,200,960,76.92,576,1443.48,37.36,29.5,5.70,1.72,1.70,208.33,0.3990354476
1800,267,148,7.6,13.0,5.70,29.5,600,7,34.8,259,111,200,960,76.92,576,797.59,51.72,29.5,5.70,1.72,1.70,208.33,0.7221728347
2300,267,148,7.6,13.0,5.70,29.5,600,7,34.8,259,111,200,960,76.92,576,522.49,66.09,29.5,5.70,1.72,1.70,208.33,1.102406274
2800,267,148,7.6,13.0,5.70,29.5,600,7,34.8,259,111,200,960,76.92,576,379.14,80.46,29.5,5.70,1.72,1.70,208.33,1.519210133
3300,267,148,7.6,13.0,5.70,29.5,600,7,34.8,259,111,200,960,76.92,576,294.22,94.83,29.5,5.70,1.72,1.70,208.33,1.957687628
5000,267,148,7.6,13.0,5.70,29.5,600,7,34.8,259,111,200,960,76.92,576,164.36,143.68,29.5,5.70,1.72,1.70,208.33,3.504433834
1500,262,147,6.6,11.2,6.56,34.0,513,6,34.5,167,93,200,960,76.92,492.48,911.85,43.48,34.0,6.56,1.71,1.70,208.33,0.540088517
2000,262,147,6.6,11.2,6.56,34.0,513,6,34.5,167,93,200,960,76.92,492.48,539.46,57.97,34.0,6.56,1.71,1.70,208.33,0.9129063436
2500,262,147,6.6,11.2,6.56,34.0,513,6,34.5,167,93,200,960,76.92,492.48,365.94,72.46,34.0,6.56,1.71,1.70,208.33,1.345776986
3000,262,147,6.6,11.2,6.56,34.0,513,6,34.5,167,93,200,960,76.92,492.48,270.65,86.96,34.0,6.56,1.71,1.70,208.33,1.81959406
3500,262,147,6.6,11.2,6.56,34.0,513,6,34.5,167,93,200,960,76.92,492.48,212.30,101.45,34.0,6.56,1.71,1.70,208.33,2.319702971
5000,262,147,6.6,11.2,6.56,34.0,513,6,34.5,167,93,200,960,76.92,492.48,126.62,144.93,34.0,6.56,1.71,1.70,208.33,3.889403994
1400,259,146,6.1,9.1,7.99,36.9,426,5,33.8,100,74,200,960,76.92,408.96,820.36,41.42,36.9,7.99,1.71,1.50,208.33,0.4985116074
1900,259,146,6.1,9.1,7.99,36.9,426,5,33.8,100,74,200,960,76.92,408.96,462.58,56.21,36.9,7.99,1.71,1.50,208.33,0.8840904785
2400,259,146,6.1,9.1,7.99,36.9,426,5,33.8,100,74,200,960,76.92,408.96,303.37,71.01,36.9,7.99,1.71,1.50,208.33,1.34807632
2900,259,146,6.1,9.1,7.99,36.9,426,5,33.8,100,74,200,960,76.92,408.96,218.60,85.80,36.9,7.99,1.71,1.50,208.33,1.870840585
3400,259,146,6.1,9.1,7.99,36.9,426,5,33.8,100,74,200,960,76.92,408.96,167.91,100.59,36.9,7.99,1.71,1.50,208.33,2.435585736
5000,259,146,6.1,9.1,7.99,36.9,426,5,33.8,100,74,200,960,76.92,408.96,93.15,147.93,36.9,7.99,1.71,1.50,208.33,4.390435508
800,259,102,6.4,10.0,5.09,35.4,354,2,22.2,97,28,200,960,76.92,339.84,941.26,36.04,35.4,5.09,2.44,1.58,208.33,0.3610487327
1300,259,102,6.4,10.0,5.09,35.4,354,2,22.2,97,28,200,960,76.92,339.84,379.07,58.56,35.4,5.09,2.44,1.58,208.33,0.8965176103
1800,259,102,6.4,10.0,5.09,35.4,354,2,22.2,97,28,200,960,76.92,339.84,213.95,81.08,35.4,5.09,2.44,1.58,208.33,1.588406141
2300,259,102,6.4,10.0,5.09,35.4,354,2,22.2,97,28,200,960,76.92,339.84,143.13,103.60,35.4,5.09,2.44,1.58,208.33,2.374373576
2800,259,102,6.4,10.0,5.09,35.4,354,2,22.2,97,28,200,960,76.92,339.84,105.85,126.13,35.4,5.09,2.44,1.58,208.33,3.210649685
5000,259,102,6.4,10.0,5.09,35.4,354,2,22.2,97,28,200,960,76.92,339.84,48.42,225.23,35.4,5.09,2.44,1.58,208.33,7.019276572
900,257,102,6.1,8.4,6.08,36.9,306,1,21.5,65,23,200,960,76.92,293.76,613.44,41.86,36.9,6.08,2.44,1.38,208.33,0.4788734603
1400,257,102,6.1,8.4,6.08,36.9,306,1,21.5,65,23,200,960,76.92,293.76,267.88,65.12,36.9,6.08,2.44,1.38,208.33,1.096596953
1900,257,102,6.1,8.4,6.08,36.9,306,1,21.5,65,23,200,960,76.92,293.76,155.96,88.37,36.9,6.08,2.44,1.38,208.33,1.883591023
2400,257,102,6.1,8.4,6.08,36.9,306,1,21.5,65,23,200,960,76.92,293.76,105.72,111.63,36.9,6.08,2.44,1.38,208.33,2.778769305
2900,257,102,6.1,8.4,6.08,36.9,306,1,21.5,65,23,200,960,76.92,293.76,78.61,134.88,36.9,6.08,2.44,1.38,208.33,3.736728057
5000,257,102,6.1,8.4,6.08,36.9,306,1,21.5,65,23,200,960,76.92,293.76,36.93,232.56,36.9,6.08,2.44,1.38,208.33,7.954749562
870,254,102,5.8,6.9,7.41,38.5,262,1,20.6,43,18,200,960,76.92,251.52,523.64,42.23,38.5,7.41,2.42,1.18,208.33,0.4803328609
1370,254,102,5.8,6.9,7.41,38.5,262,1,20.6,43,18,200,960,76.92,251.52,221.13,66.50,38.5,7.41,2.42,1.18,208.33,1.137454043
1870,254,102,5.8,6.9,7.41,38.5,262,1,20.6,43,18,200,960,76.92,251.52,126.02,90.78,38.5,7.41,2.42,1.18,208.33,1.995946991
2370,254,102,5.8,6.9,7.41,38.5,262,1,20.6,43,18,200,960,76.92,251.52,84.05,115.05,38.5,7.41,2.42,1.18,208.33,2.992445668
2870,254,102,5.8,6.9,7.41,38.5,262,1,20.6,43,18,200,960,76.92,251.52,61.71,139.32,38.5,7.41,2.42,1.18,208.33,4.075894587
3000,254,102,5.8,6.9,7.41,38.5,262,1,20.6,43,18,200,960,76.92,251.52,57.60,145.63,38.5,7.41,2.42,1.18,208.33,4.367038406
800,251,101,4.8,5.4,9.43,46.6,206,1,19.9,23,14,200,960,76.92,197.76,459.64,40.20,46.6,9.43,2.43,1.11,208.33,0.4302495056
1300,251,101,4.8,5.4,9.43,46.6,206,1,19.9,23,14,200,960,76.92,197.76,179.67,65.33,46.6,9.43,2.43,1.11,208.33,1.100713221
1800,251,101,4.8,5.4,9.43,46.6,206,1,19.9,23,14,200,960,76.92,197.76,97.87,90.45,46.6,9.43,2.43,1.11,208.33,2.020695122
2300,251,101,4.8,5.4,9.43,46.6,206,1,19.9,23,14,200,960,76.92,197.76,63.15,115.58,46.6,9.43,2.43,1.11,208.33,3.131671953
2800,251,101,4.8,5.4,9.43,46.6,206,1,19.9,23,14,200,960,76.92,197.76,45.16,140.70,46.6,9.43,2.43,1.11,208.33,4.379463261
3000,251,101,4.8,5.4,9.43,46.6,206,1,19.9,23,14,200,960,76.92,197.76,40.31,150.75,46.6,9.43,2.43,1.11,208.33,4.906581184
2500,229,210,14.5,23.7,4.43,11.1,1150,37,53.8,2100,387,200,960,76.92,1104,2382.26,46.47,11.1,4.43,0.98,1.63,208.33,0.463425476
3000,229,210,14.5,23.7,4.43,11.1,1150,37,53.8,2100,387,200,960,76.92,1104,1849.97,55.76,11.1,4.43,0.98,1.63,208.33,0.5967662149
3500,229,210,14.5,23.7,4.43,11.1,1150,37,53.8,2100,387,200,960,76.92,1104,1511.50,65.06,11.1,4.43,0.98,1.63,208.33,0.7304006024
4000,229,210,14.5,23.7,4.43,11.1,1150,37,53.8,2100,387,200,960,76.92,1104,1278.67,74.35,11.1,4.43,0.98,1.63,208.33,0.8633995771
4500,229,210,14.5,23.7,4.43,11.1,1150,37,53.8,2100,387,200,960,76.92,1104,1109.05,83.64,11.1,4.43,0.98,1.63,208.33,0.9954477731
30000,229,210,14.5,23.7,4.43,11.1,1150,37,53.8,2100,387,200,960,76.92,1104,150.18,557.62,11.1,4.43,0.98,1.63,208.33,7.351297485
2200,222,209,13.0,20.6,5.07,12.4,980,31,53.3,1390,317,200,960,76.92,940.8,2274.75,41.28,12.4,5.07,0.96,1.59,208.33,0.4135842029
2700,222,209,13.0,20.6,5.07,12.4,980,31,53.3,1390,317,200,960,76.92,940.8,1674.37,50.66,12.4,5.07,0.96,1.59,208.33,0.5618826623
3200,222,209,13.0,20.6,5.07,12.4,980,31,53.3,1390,317,200,960,76.92,940.8,1319.02,60.04,12.4,5.07,0.96,1.59,208.33,0.7132543065
3700,222,209,13.0,20.6,5.07,12.4,980,31,53.3,1390,317,200,960,76.92,940.8,1087.25,69.42,12.4,5.07,0.96,1.59,208.33,0.8653043593
4200,222,209,13.0,20.6,5.07,12.4,980,31,53.3,1390,317,200,960,76.92,940.8,925.14,78.80,12.4,5.07,0.96,1.59,208.33,1.016924984
30000,222,209,13.0,20.6,5.07,12.4,980,31,53.3,1390,317,200,960,76.92,940.8,112.60,562.85,12.4,5.07,0.96,1.59,208.33,8.35537739
2000,216,206,10.2,17.4,5.92,15.9,803,25,52.8,816,250,200,960,76.92,770.88,1997.04,37.88,15.9,5.92,0.96,1.71,208.33,0.3860109611
2500,216,206,10.2,17.4,5.92,15.9,803,25,52.8,816,250,200,960,76.92,770.88,1394.06,47.35,15.9,5.92,0.96,1.71,208.33,0.5529729825
3000,216,206,10.2,17.4,5.92,15.9,803,25,52.8,816,250,200,960,76.92,770.88,1058.23,56.82,15.9,5.92,0.96,1.71,208.33,0.7284601181
3500,216,206,10.2,17.4,5.92,15.9,803,25,52.8,816,250,200,960,76.92,770.88,849.10,66.29,15.9,5.92,0.96,1.71,208.33,0.9078748128
4000,216,206,10.2,17.4,5.92,15.9,803,25,52.8,816,250,200,960,76.92,770.88,708.11,75.76,15.9,5.92,0.96,1.71,208.33,1.088638836
10000,216,206,10.2,17.4,5.92,15.9,803,25,52.8,816,250,200,960,76.92,770.88,240.88,189.39,15.9,5.92,0.96,1.71,208.33,3.200235896
2000,210,205,9.1,14.2,7.21,17.6,652,20,51.8,466,195,200,960,76.92,625.92,1510.54,38.61,17.6,7.21,0.96,1.56,208.33,0.4143676511
2500,210,205,9.1,14.2,7.21,17.6,652,20,51.8,466,195,200,960,76.92,625.92,1037.92,48.26,17.6,7.21,0.96,1.56,208.33,0.6030509969
3000,210,205,9.1,14.2,7.21,17.6,652,20,51.8,466,195,200,960,76.92,625.92,776.93,57.92,17.6,7.21,0.96,1.56,208.33,0.8056308794
3500,210,205,9.1,14.2,7.21,17.6,652,20,51.8,466,195,200,960,76.92,625.92,616.01,67.57,17.6,7.21,0.96,1.56,208.33,1.016086491
4000,210,205,9.1,14.2,7.21,17.6,652,20,51.8,466,195,200,960,76.92,625.92,508.65,77.22,17.6,7.21,0.96,1.56,208.33,1.230554124
10000,210,205,9.1,14.2,7.21,17.6,652,20,51.8,466,195,200,960,76.92,625.92,165.62,193.05,17.6,7.21,0.96,1.56,208.33,3.779174304
2000,206,204,7.9,12.6,8.10,20.5,569,18,51.6,320,166,200,960,76.92,546.24,1263.68,38.76,20.5,8.10,0.95,1.60,208.33,0.4322615581
2500,206,204,7.9,12.6,8.10,20.5,569,18,51.6,320,166,200,960,76.92,546.24,859.71,48.45,20.5,8.10,0.95,1.60,208.33,0.6353794867
3000,206,204,7.9,12.6,8.10,20.5,569,18,51.6,320,166,200,960,76.92,546.24,637.60,58.14,20.5,8.10,0.95,1.60,208.33,0.8567076318
3500,206,204,7.9,12.6,8.10,20.5,569,18,51.6,320,166,200,960,76.92,546.24,501.40,67.83,20.5,8.10,0.95,1.60,208.33,1.08942583
4000,206,204,7.9,12.6,8.10,20.5,569,18,51.6,320,166,200,960,76.92,546.24,411.08,77.52,20.5,8.10,0.95,1.60,208.33,1.328788668
10000,206,204,7.9,12.6,8.10,20.5,569,18,51.6,320,166,200,960,76.92,546.24,129.32,193.80,20.5,8.10,0.95,1.60,208.33,4.223952354
2000,203,203,7.2,11.0,9.19,22.3,498,15,51.3,223,142,200,960,76.92,478.08,1066.59,38.99,22.3,9.19,0.95,1.53,208.33,0.4482333465
2500,203,203,7.2,11.0,9.19,22.3,498,15,51.3,223,142,200,960,76.92,478.08,719.38,48.73,22.3,9.19,0.95,1.53,208.33,0.6645716487
3000,203,203,7.2,11.0,9.19,22.3,498,15,51.3,223,142,200,960,76.92,478.08,529.10,58.48,22.3,9.19,0.95,1.53,208.33,0.9035649364
3500,203,203,7.2,11.0,9.19,22.3,498,15,51.3,223,142,200,960,76.92,478.08,412.91,68.23,22.3,9.19,0.95,1.53,208.33,1.157842312
4000,203,203,7.2,11.0,9.19,22.3,498,15,51.3,223,142,200,960,76.92,478.08,336.22,77.97,22.3,9.19,0.95,1.53,208.33,1.421905053
10000,203,203,7.2,11.0,9.19,22.3,498,15,51.3,223,142,200,960,76.92,478.08,102.03,194.93,22.3,9.19,0.95,1.53,208.33,4.685514523
1500,205,166,7.2,11.8,7.03,22.3,446,9,41.1,224,84,200,960,76.92,428.16,1110.73,36.50,22.3,7.03,1.16,1.63,208.33,0.385474886
2000,205,166,7.2,11.8,7.03,22.3,446,9,41.1,224,84,200,960,76.92,428.16,669.33,48.66,22.3,7.03,1.16,1.63,208.33,0.6396807434
2500,205,166,7.2,11.8,7.03,22.3,446,9,41.1,224,84,200,960,76.92,428.16,462.45,60.83,22.3,7.03,1.16,1.63,208.33,0.9258446443
3000,205,166,7.2,11.8,7.03,22.3,446,9,41.1,224,84,200,960,76.92,428.16,347.89,72.99,22.3,7.03,1.16,1.63,208.33,1.230718608
3500,205,166,7.2,11.8,7.03,22.3,446,9,41.1,224,84,200,960,76.92,428.16,277.03,85.16,22.3,7.03,1.16,1.63,208.33,1.545550122
15000,205,166,7.2,11.8,7.03,22.3,446,9,41.1,224,84,200,960,76.92,428.16,49.42,364.96,22.3,7.03,1.16,1.63,208.33,8.663456882
1500,201,165,6.2,10.2,8.12,25.9,379,8,40.9,144,70,200,960,76.92,363.84,909.71,36.67,25.9,8.12,1.16,1.63,208.33,0.3999516666
2000,201,165,6.2,10.2,8.12,25.9,379,8,40.9,144,70,200,960,76.92,363.84,541.41,48.90,25.9,8.12,1.16,1.63,208.33,0.6720264961
2500,201,165,6.2,10.2,8.12,25.9,379,8,40.9,144,70,200,960,76.92,363.84,369.50,61.12,25.9,8.12,1.16,1.63,208.33,0.9846763284
3000,201,165,6.2,10.2,8.12,25.9,379,8,40.9,144,70,200,960,76.92,363.84,274.86,73.35,25.9,8.12,1.16,1.63,208.33,1.323709851
3500,201,165,6.2,10.2,8.12,25.9,379,8,40.9,144,70,200,960,76.92,363.84,216.73,85.57,25.9,8.12,1.16,1.63,208.33,1.678760075
15000,201,165,6.2,10.2,8.12,25.9,379,8,40.9,144,70,200,960,76.92,363.84,36.62,366.75,25.9,8.12,1.16,1.63,208.33,9.936324122
1200,210,134,6.4,10.2,6.59,27.5,334,4,32.0,117,41,200,960,76.92,320.64,788.44,37.50,27.5,6.59,1.49,1.60,208.33,0.4066759412
1700,210,134,6.4,10.2,6.59,27.5,334,4,32.0,117,41,200,960,76.92,320.64,419.38,53.13,27.5,6.59,1.49,1.60,208.33,0.7645605245
2200,210,134,6.4,10.2,6.59,27.5,334,4,32.0,117,41,200,960,76.92,320.64,270.25,68.75,27.5,6.59,1.49,1.60,208.33,1.186449271
2700,210,134,6.4,10.2,6.59,27.5,334,4,32.0,117,41,200,960,76.92,320.64,194.72,84.38,27.5,6.59,1.49,1.60,208.33,1.646708993
3200,210,134,6.4,10.2,6.59,27.5,334,4,32.0,117,41,200,960,76.92,320.64,150.69,100.00,27.5,6.59,1.49,1.60,208.33,2.127853346
9000,210,134,6.4,10.2,6.59,27.5,334,4,32.0,117,41,200,960,76.92,320.64,41.24,281.25,27.5,6.59,1.49,1.60,208.33,7.774100588
1200,207,133,5.8,8.4,7.95,29.9,279,3,31.2,72,33,200,960,76.92,267.84,627.83,38.46,29.9,7.95,1.49,1.43,208.33,0.4266151192
1700,207,133,5.8,8.4,7.95,29.9,279,3,31.2,72,33,200,960,76.92,267.84,329.57,54.49,29.9,7.95,1.49,1.43,208.33,0.8127036116
2200,207,133,5.8,8.4,7.95,29.9,279,3,31.2,72,33,200,960,76.92,267.84,209.48,70.51,29.9,7.95,1.49,1.43,208.33,1.278604993
2700,207,133,5.8,8.4,7.95,29.9,279,3,31.2,72,33,200,960,76.92,267.84,148.99,86.54,29.9,7.95,1.49,1.43,208.33,1.797700376
3200,207,133,5.8,8.4,7.95,29.9,279,3,31.2,72,33,200,960,76.92,267.84,113.99,102.56,29.9,7.95,1.49,1.43,208.33,2.349734502
6000,207,133,5.8,8.4,7.95,29.9,279,3,31.2,72,33,200,960,76.92,267.84,47.77,192.31,29.9,7.95,1.49,1.43,208.33,5.606293308
900,206,102,6.2,8.0,6.37,28.1,223,1,22.3,57,14,200,960,76.92,214.08,476.65,40.36,28.1,6.37,1.94,1.29,208.33,0.4491328384
1400,206,102,6.2,8.0,6.37,28.1,223,1,22.3,57,14,200,960,76.92,214.08,212.41,62.78,28.1,6.37,1.94,1.29,208.33,1.007882245
1900,206,102,6.2,8.0,6.37,28.1,223,1,22.3,57,14,200,960,76.92,214.08,126.37,85.20,28.1,6.37,1.94,1.29,208.33,1.69405739
2400,206,102,6.2,8.0,6.37,28.1,223,1,22.3,57,14,200,960,76.92,214.08,87.40,107.62,28.1,6.37,1.94,1.29,208.33,2.449292816
2900,206,102,6.2,8.0,6.37,28.1,223,1,22.3,57,14,200,960,76.92,214.08,66.14,130.04,28.1,6.37,1.94,1.29,208.33,3.237008997
5000,206,102,6.2,8.0,6.37,28.1,223,1,22.3,57,14,200,960,76.92,214.08,32.48,224.22,28.1,6.37,1.94,1.29,208.33,6.591594106
900,203,102,5.8,6.5,7.84,29.9,187,1,21.4,36,11,200,960,76.92,179.52,375.65,42.06,29.9,7.84,1.93,1.11,208.33,0.477891096
1400,203,102,5.8,6.5,7.84,29.9,187,1,21.4,36,11,200,960,76.92,179.52,165.31,65.42,29.9,7.84,1.93,1.11,208.33,1.085938961
1900,203,102,5.8,6.5,7.84,29.9,187,1,21.4,36,11,200,960,76.92,179.52,97.06,88.79,29.9,7.84,1.93,1.11,208.33,1.849530611
2400,203,102,5.8,6.5,7.84,29.9,187,1,21.4,36,11,200,960,76.92,179.52,66.33,112.15,29.9,7.84,1.93,1.11,208.33,2.706558943
2900,203,102,5.8,6.5,7.84,29.9,187,1,21.4,36,11,200,960,76.92,179.52,49.68,135.51,29.9,7.84,1.93,1.11,208.33,3.613821012
7000,203,102,5.8,6.5,7.84,29.9,187,1,21.4,36,11,200,960,76.92,179.52,15.97,327.10,29.9,7.84,1.93,1.11,208.33,11.24229409
800,200,100,4.3,5.2,9.61,40.5,145,1,21.4,18,8,200,960,76.92,139.2,352.35,37.38,40.5,9.61,1.95,1.20,208.33,0.3950616399
1300,200,100,4.3,5.2,9.61,40.5,145,1,21.4,18,8,200,960,76.92,139.2,138.85,60.75,40.5,9.61,1.95,1.20,208.33,1.00250604
1800,200,100,4.3,5.2,9.61,40.5,145,1,21.4,18,8,200,960,76.92,139.2,76.41,84.11,40.5,9.61,1.95,1.20,208.33,1.821830328
2300,200,100,4.3,5.2,9.61,40.5,145,1,21.4,18,8,200,960,76.92,139.2,49.84,107.48,40.5,9.61,1.95,1.20,208.33,2.792990728
2800,200,100,4.3,5.2,9.61,40.5,145,1,21.4,18,8,200,960,76.92,139.2,36.02,130.84,40.5,9.61,1.95,1.20,208.33,3.864648412
5700,200,100,4.3,5.2,9.61,40.5,145,1,21.4,18,8,200,960,76.92,139.2,13.01,266.36,40.5,9.61,1.95,1.20,208.33,10.70000933
1550,162,154,8.1,11.5,6.68,15.5,310,7,38.6,192,40,200,960,76.92,297.6,693.30,40.16,15.5,6.68,0.98,1.42,208.33,0.4292486521
2050,162,154,8.1,11.5,6.68,15.5,310,7,38.6,192,40,200,960,76.92,297.6,439.77,53.11,15.5,6.68,0.98,1.42,208.33,0.6767147756
2550,162,154,8.1,11.5,6.68,15.5,310,7,38.6,192,40,200,960,76.92,297.6,316.48,66.06,15.5,6.68,0.98,1.42,208.33,0.9403527248
3050,162,154,8.1,11.5,6.68,15.5,310,7,38.6,192,40,200,960,76.92,297.6,245.89,79.02,15.5,6.68,0.98,1.42,208.33,1.210278884
3550,162,154,8.1,11.5,6.68,15.5,310,7,38.6,192,40,200,960,76.92,297.6,200.86,91.97,15.5,6.68,0.98,1.42,208.33,1.48161087
20000,162,154,8.1,11.5,6.68,15.5,310,7,38.6,192,40,200,960,76.92,297.6,30.04,518.13,15.5,6.68,0.98,1.42,208.33,9.906091717
1500,157,153,6.6,9.3,8.25,19.1,246,6,38.1,100,30,200,960,76.92,236.16,534.61,39.37,19.1,8.25,0.97,1.40,208.33,0.4417415898
2000,157,153,6.6,9.3,8.25,19.1,246,6,38.1,100,30,200,960,76.92,236.16,325.89,52.49,19.1,8.25,0.97,1.40,208.33,0.7246587355
2500,157,153,6.6,9.3,8.25,19.1,246,6,38.1,100,30,200,960,76.92,236.16,227.61,65.62,19.1,8.25,0.97,1.40,208.33,1.037543971
3000,157,153,6.6,9.3,8.25,19.1,246,6,38.1,100,30,200,960,76.92,236.16,172.86,78.74,19.1,8.25,0.97,1.40,208.33,1.36618561
3500,157,153,6.6,9.3,8.25,19.1,246,6,38.1,100,30,200,960,76.92,236.16,138.75,91.86,19.1,8.25,0.97,1.40,208.33,1.702022451
15000,157,153,6.6,9.3,8.25,19.1,246,6,38.1,100,30,200,960,76.92,236.16,25.75,393.70,19.1,8.25,0.97,1.40,208.33,9.17085883
1400,152,152,5.8,6.6,11.50,21.6,177,4,36.8,42,21,200,960,76.92,169.92,400.14,38.04,21.6,11.50,0.96,1.13,208.33,0.4246532573
1900,152,152,5.8,6.6,11.50,21.6,177,4,36.8,42,21,200,960,76.92,169.92,229.29,51.63,21.6,11.50,0.96,1.13,208.33,0.7410720636
2400,152,152,5.8,6.6,11.50,21.6,177,4,36.8,42,21,200,960,76.92,169.92,152.98,65.22,21.6,11.50,0.96,1.13,208.33,1.110741032
2900,152,152,5.8,6.6,11.50,21.6,177,4,36.8,42,21,200,960,76.92,169.92,112.11,78.80,21.6,11.50,0.96,1.13,208.33,1.515644726
3400,152,152,5.8,6.6,11.50,21.6,177,4,36.8,42,21,200,960,76.92,169.92,87.48,92.39,21.6,11.50,0.96,1.13,208.33,1.942327615
10000,152,152,5.8,6.6,11.50,21.6,177,4,36.8,42,21,200,960,76.92,169.92,21.86,271.74,21.6,11.50,0.96,1.13,208.33,7.77345101
1000,160,102,6.6,10.2,4.98,19.1,192,2,24.6,93,10,200,960,76.92,184.32,413.79,40.65,19.1,4.98,1.47,1.55,208.33,0.4454484988
1500,160,102,6.6,10.2,4.98,19.1,192,2,24.6,93,10,200,960,76.92,184.32,211.68,60.98,19.1,4.98,1.47,1.55,208.33,0.8707627591
2000,160,102,6.6,10.2,4.98,19.1,192,2,24.6,93,10,200,960,76.92,184.32,138.00,81.30,19.1,4.98,1.47,1.55,208.33,1.335663631
2500,160,102,6.6,10.2,4.98,19.1,192,2,24.6,93,10,200,960,76.92,184.32,101.80,101.63,19.1,4.98,1.47,1.55,208.33,1.810619905
3000,160,102,6.6,10.2,4.98,19.1,192,2,24.6,93,10,200,960,76.92,184.32,80.67,121.95,19.1,4.98,1.47,1.55,208.33,2.284762763
10000,160,102,6.6,10.2,4.98,19.1,192,2,24.6,93,10,200,960,76.92,184.32,21.39,406.50,19.1,4.98,1.47,1.55,208.33,8.616398838
900,153,102,5.8,7.1,7.14,21.6,136,1,23.3,38,7,200,960,76.92,130.56,314.30,38.63,21.6,7.14,1.43,1.22,208.33,0.4153987794
1400,153,102,5.8,7.1,7.14,21.6,136,1,23.3,38,7,200,960,76.92,130.56,143.21,60.09,21.6,7.14,1.43,1.22,208.33,0.9116899207
1900,153,102,5.8,7.1,7.14,21.6,136,1,23.3,38,7,200,960,76.92,130.56,87.08,81.55,21.6,7.14,1.43,1.22,208.33,1.49924717
2400,153,102,5.8,7.1,7.14,21.6,136,1,23.3,38,7,200,960,76.92,130.56,61.37,103.00,21.6,7.14,1.43,1.22,208.33,2.12747329
2900,153,102,5.8,7.1,7.14,21.6,136,1,23.3,38,7,200,960,76.92,130.56,47.14,124.46,21.6,7.14,1.43,1.22,208.33,2.769846865
7000,153,102,5.8,7.1,7.14,21.6,136,1,23.3,38,7,200,960,76.92,130.56,16.46,300.43,21.6,7.14,1.43,1.22,208.33,7.933381958
900,150,100,4.3,5.5,9.16,29.2,102,1,23.0,17,5,200,960,76.92,97.92,222.09,39.13,29.2,9.16,1.45,1.26,208.33,0.4409066739
1400,150,100,4.3,5.5,9.16,29.2,102,1,23.0,17,5,200,960,76.92,97.92,98.14,60.87,29.2,9.16,1.45,1.26,208.33,0.9977655706
1900,150,100,4.3,5.5,9.16,29.2,102,1,23.0,17,5,200,960,76.92,97.92,57.88,82.61,29.2,9.16,1.45,1.26,208.33,1.691840745
2400,150,100,4.3,5.5,9.16,29.2,102,1,23.0,17,5,200,960,76.92,97.92,39.71,104.35,29.2,9.16,1.45,1.26,208.33,2.465622073
2900,150,100,4.3,5.5,9.16,29.2,102,1,23.0,17,5,200,960,76.92,97.92,29.85,126.09,29.2,9.16,1.45,1.26,208.33,3.280472607
5000,150,100,4.3,5.5,9.16,29.2,102,1,23.0,17,5,200,960,76.92,97.92,14.42,217.39,29.2,9.16,1.45,1.26,208.33,6.791145386
900,148,100,4.3,5.0,10.10,29.1,94,1,22.6,14,4,200,960,76.92,90.144,198.70,39.82,29.1,10.10,1.43,1.15,208.33,0.4536681946
1400,148,100,4.3,5.0,10.10,29.1,94,1,22.6,14,4,200,960,76.92,90.144,87.41,61.95,29.1,10.10,1.43,1.15,208.33,1.031258862
1900,148,100,4.3,5.0,10.10,29.1,94,1,22.6,14,4,200,960,76.92,90.144,51.30,84.07,29.1,10.10,1.43,1.15,208.33,1.757071107
2400,148,100,4.3,5.0,10.10,29.1,94,1,22.6,14,4,200,960,76.92,90.144,35.05,106.19,29.1,10.10,1.43,1.15,208.33,2.57217529
2900,148,100,4.3,5.0,10.10,29.1,94,1,22.6,14,4,200,960,76.92,90.144,26.24,128.32,29.1,10.10,1.43,1.15,208.33,3.435456206
5000,148,100,4.3,5.0,10.10,29.1,94,1,22.6,14,4,200,960,76.92,90.144,12.55,221.24,29.1,10.10,1.43,1.15,208.33,7.182398291
1400,131,128,6.9,10.9,5.85,13.7,190,4,32.5,132,14,200,960,76.92,182.4,396.61,43.08,13.7,5.85,0.94,1.59,208.33,0.4598965132
1900,131,128,6.9,10.9,5.85,13.7,190,4,32.5,132,14,200,960,76.92,182.4,250.83,58.46,13.7,5.85,0.94,1.59,208.33,0.7271757428
2400,131,128,6.9,10.9,5.85,13.7,190,4,32.5,132,14,200,960,76.92,182.4,182.16,73.85,13.7,5.85,0.94,1.59,208.33,1.001294082
2900,131,128,6.9,10.9,5.85,13.7,190,4,32.5,132,14,200,960,76.92,182.4,143.05,89.23,13.7,5.85,0.94,1.59,208.33,1.275081152
3400,131,128,6.9,10.9,5.85,13.7,190,4,32.5,132,14,200,960,76.92,182.4,117.95,104.62,13.7,5.85,0.94,1.59,208.33,1.546457741
15000,131,128,6.9,10.9,5.85,13.7,190,4,32.5,132,14,200,960,76.92,182.4,24.24,461.54,13.7,5.85,0.94,1.59,208.33,7.523441692
1200,127,127,6.1,9.1,6.94,15.4,158,3,32.0,80,11,200,960,76.92,151.68,394.04,37.50,15.4,6.94,0.93,1.50,208.33,0.3849333366
1700,127,127,6.1,9.1,6.94,15.4,158,3,32.0,80,11,200,960,76.92,151.68,223.30,53.13,15.4,6.94,0.93,1.50,208.33,0.679267596
2200,127,127,6.1,9.1,6.94,15.4,158,3,32.0,80,11,200,960,76.92,151.68,152.32,68.75,15.4,6.94,0.93,1.50,208.33,0.9957753655
2700,127,127,6.1,9.1,6.94,15.4,158,3,32.0,80,11,200,960,76.92,151.68,115.03,84.38,15.4,6.94,0.93,1.50,208.33,1.318620986
3200,127,127,6.1,9.1,6.94,15.4,158,3,32.0,80,11,200,960,76.92,151.68,92.41,100.00,15.4,6.94,0.93,1.50,208.33,1.641393806
15000,127,127,6.1,9.1,6.94,15.4,158,3,32.0,80,11,200,960,76.92,151.68,17.15,468.75,15.4,6.94,0.93,1.50,208.33,8.844148112
1100,106,103,7.1,8.8,5.88,10.6,103,2,25.4,63,4,200,960,76.92,98.88,222.39,43.31,10.6,5.88,0.94,1.23,208.33,0.4446329587
1600,106,103,7.1,8.8,5.88,10.6,103,2,25.4,63,4,200,960,76.92,98.88,128.39,62.99,10.6,5.88,0.94,1.23,208.33,0.770146205
2100,106,103,7.1,8.8,5.88,10.6,103,2,25.4,63,4,200,960,76.92,98.88,89.81,82.68,10.6,5.88,0.94,1.23,208.33,1.101046251
2600,106,103,7.1,8.8,5.88,10.6,103,2,25.4,63,4,200,960,76.92,98.88,69.21,102.36,10.6,5.88,0.94,1.23,208.33,1.428797157
3100,106,103,7.1,8.8,5.88,10.6,103,2,25.4,63,4,200,960,76.92,98.88,56.43,122.05,10.6,5.88,0.94,1.23,208.33,1.752299853
15000,106,103,7.1,8.8,5.88,10.6,103,2,25.4,63,4,200,960,76.92,98.88,10.87,590.55,10.6,5.88,0.94,1.23,208.33,9.099563434
4500,1140,409,31.0,55.1,3.71,35.0,32800,633,90.4,55800,186000,200,690,76.92,22632,48727.66,49.78,35.0,3.71,2.65,1.78,289.86,0.4644590289
8000,1140,409,31.0,55.1,3.71,35.0,32800,633,90.4,55800,186000,200,690,76.92,22632,18330.69,88.50,35.0,3.71,2.65,1.78,289.86,1.234650845
12000,1140,409,31.0,55.1,3.71,35.0,32800,633,90.4,55800,186000,200,690,76.92,22632,10093.65,132.74,35.0,3.71,2.65,1.78,289.86,2.242201521
16000,1140,409,31.0,55.1,3.71,35.0,32800,633,90.4,55800,186000,200,690,76.92,22632,6925.69,176.99,35.0,3.71,2.65,1.78,289.86,3.267830923
18000,1140,409,31.0,55.1,3.71,35.0,32800,633,90.4,55800,186000,200,690,76.92,22632,5992.20,199.12,35.0,3.71,2.65,1.78,289.86,3.776912533
20000,1140,409,31.0,55.1,3.71,35.0,32800,633,90.4,55800,186000,200,690,76.92,22632,5284.89,221.24,35.0,3.71,2.65,1.78,289.86,4.282400816
4500,1130,406,27.9,50.0,4.06,38.7,29500,562,89.9,41600,163000,200,690,76.92,20355,42362.69,50.06,38.7,4.06,2.66,1.79,289.86,0.4804936076
8000,1130,406,27.9,50.0,4.06,38.7,29500,562,89.9,41600,163000,200,690,76.92,20355,15643.91,88.99,38.7,4.06,2.66,1.79,289.86,1.301144954
12000,1130,406,27.9,50.0,4.06,38.7,29500,562,89.9,41600,163000,200,690,76.92,20355,8476.16,133.48,38.7,4.06,2.66,1.79,289.86,2.401441672
16000,1130,406,27.9,50.0,4.06,38.7,29500,562,89.9,41600,163000,200,690,76.92,20355,5757.03,177.98,38.7,4.06,2.66,1.79,289.86,3.535674777
18000,1130,406,27.9,50.0,4.06,38.7,29500,562,89.9,41600,163000,200,690,76.92,20355,4963.62,200.22,38.7,4.06,2.66,1.79,289.86,4.100840394
20000,1130,406,27.9,50.0,4.06,38.7,29500,562,89.9,41600,163000,200,690,76.92,20355,4365.59,222.47,38.7,4.06,2.66,1.79,289.86,4.662601614
4500,1120,404,26.2,44.9,4.50,41.0,26500,499,88.6,31100,144000,200,690,76.92,18285,37032.45,50.79,41.0,4.50,2.66,1.71,289.86,0.4937561923
8000,1120,404,26.2,44.9,4.50,41.0,26500,499,88.6,31100,144000,200,690,76.92,18285,13434.57,90.29,41.0,4.50,2.66,1.71,289.86,1.361040715
12000,1120,404,26.2,44.9,4.50,41.0,26500,499,88.6,31100,144000,200,690,76.92,18285,7159.12,135.44,41.0,4.50,2.66,1.71,289.86,2.554083335
16000,1120,404,26.2,44.9,4.50,41.0,26500,499,88.6,31100,144000,200,690,76.92,18285,4809.12,180.59,41.0,4.50,2.66,1.71,289.86,3.802152498
18000,1120,404,26.2,44.9,4.50,41.0,26500,499,88.6,31100,144000,200,690,76.92,18285,4130.12,203.16,41.0,4.50,2.66,1.71,289.86,4.427229556
20000,1120,404,26.2,44.9,4.50,41.0,26500,499,88.6,31100,144000,200,690,76.92,18285,3621.12,225.73,41.0,4.50,2.66,1.71,289.86,5.049542586
4500,1110,401,22.0,39.9,5.02,48.6,23100,433,88.6,21200,124000,200,690,76.92,15939,31522.07,50.79,48.6,5.02,2.67,1.82,289.86,0.505645729
8000,1110,401,22.0,39.9,5.02,48.6,23100,433,88.6,21200,124000,200,690,76.92,15939,11181.47,90.29,48.6,5.02,2.67,1.82,289.86,1.425483673
12000,1110,401,22.0,39.9,5.02,48.6,23100,433,88.6,21200,124000,200,690,76.92,15939,5824.48,135.44,48.6,5.02,2.67,1.82,289.86,2.736551996
16000,1110,401,22.0,39.9,5.02,48.6,23100,433,88.6,21200,124000,200,690,76.92,15939,3849.91,180.59,48.6,5.02,2.67,1.82,289.86,4.140099756
18000,1110,401,22.0,39.9,5.02,48.6,23100,433,88.6,21200,124000,200,690,76.92,15939,3286.73,203.16,48.6,5.02,2.67,1.82,289.86,4.849498667
20000,1110,401,22.0,39.9,5.02,48.6,23100,433,88.6,21200,124000,200,690,76.92,15939,2867.71,225.73,48.6,5.02,2.67,1.82,289.86,5.558089667
4200,1100,401,19.9,36.0,5.57,53.5,20800,384,88.1,15500,109000,200,690,76.92,14352,31422.13,47.67,53.5,5.57,2.65,1.81,289.86,0.4567481797
8000,1100,401,19.9,36.0,5.57,53.5,20800,384,88.1,15500,109000,200,690,76.92,14352,9620.92,90.81,53.5,5.57,2.65,1.81,289.86,1.491748466
12000,1100,401,19.9,36.0,5.57,53.5,20800,384,88.1,15500,109000,200,690,76.92,14352,4926.20,136.21,53.5,5.57,2.65,1.81,289.86,2.913402147
16000,1100,401,19.9,36.0,5.57,53.5,20800,384,88.1,15500,109000,200,690,76.92,14352,3213.86,181.61,53.5,5.57,2.65,1.81,289.86,4.465658207
18000,1100,401,19.9,36.0,5.57,53.5,20800,384,88.1,15500,109000,200,690,76.92,14352,2730.00,204.31,53.5,5.57,2.65,1.81,289.86,5.257134326
20000,1100,401,19.9,36.0,5.57,53.5,20800,384,88.1,15500,109000,200,690,76.92,14352,2372.04,227.01,53.5,5.57,2.65,1.81,289.86,6.050496524
4000,1090,401,18.0,31.1,6.45,58.8,18000,331,87.1,10400,92900,200,690,76.92,12420,29312.74,45.92,58.8,6.45,2.64,1.73,289.86,0.4237065031
8000,1090,401,18.0,31.1,6.45,58.8,18000,331,87.1,10400,92900,200,690,76.92,12420,8013.37,91.85,58.8,6.45,2.64,1.73,289.86,1.549910613
12000,1090,401,18.0,31.1,6.45,58.8,18000,331,87.1,10400,92900,200,690,76.92,12420,4018.07,137.77,58.8,6.45,2.64,1.73,289.86,3.091035044
16000,1090,401,18.0,31.1,6.45,58.8,18000,331,87.1,10400,92900,200,690,76.92,12420,2577.07,183.70,58.8,6.45,2.64,1.73,289.86,4.819420974
18000,1090,401,18.0,31.1,6.45,58.8,18000,331,87.1,10400,92900,200,690,76.92,12420,2174.21,206.66,58.8,6.45,2.64,1.73,289.86,5.712424377
20000,1090,401,18.0,31.1,6.45,58.8,18000,331,87.1,10400,92900,200,690,76.92,12420,1878.18,229.62,58.8,6.45,2.64,1.73,289.86,6.612767397
5000,1110,429,50.0,89.7,2.39,20.4,50500,1190,98.0,245000,309000,200,690,76.92,34845,83503.22,51.02,20.4,2.39,2.38,1.79,289.86,0.4172892846
8000,1110,429,50.0,89.7,2.39,20.4,50500,1190,98.0,245000,309000,200,690,76.92,34845,42276.63,81.63,20.4,2.39,2.38,1.79,289.86,0.8242142338
12000,1110,429,50.0,89.7,2.39,20.4,50500,1190,98.0,245000,309000,200,690,76.92,34845,25419.38,122.45,20.4,2.39,2.38,1.79,289.86,1.370804349
16000,1110,429,50.0,89.7,2.39,20.4,50500,1190,98.0,245000,309000,200,690,76.92,34845,18283.23,163.27,20.4,2.39,2.38,1.79,289.86,1.90584504
18000,1110,429,50.0,89.7,2.39,20.4,50500,1190,98.0,245000,309000,200,690,76.92,34845,16059.21,183.67,20.4,2.39,2.38,1.79,289.86,2.16978297
20000,1110,429,50.0,89.7,2.39,20.4,50500,1190,98.0,245000,309000,200,690,76.92,34845,14328.05,204.08,20.4,2.39,2.38,1.79,289.86,2.431943435
4500,1090,424,45.5,82.2,2.58,22.2,45200,1050,96.5,185000,268000,200,690,76.92,31188,84191.33,46.63,22.2,2.58,2.38,1.81,289.86,0.3704419578
8000,1090,424,45.5,82.2,2.58,22.2,45200,1050,96.5,185000,268000,200,690,76.92,31188,35359.03,82.90,22.2,2.58,2.38,1.81,289.86,0.8820378518
12000,1090,424,45.5,82.2,2.58,22.2,45200,1050,96.5,185000,268000,200,690,76.92,31188,21029.62,124.35,22.2,2.58,2.38,1.81,289.86,1.483051304
16000,1090,424,45.5,82.2,2.58,22.2,45200,1050,96.5,185000,268000,200,690,76.92,31188,15047.65,165.80,22.2,2.58,2.38,1.81,289.86,2.072615851
18000,1090,424,45.5,82.2,2.58,22.2,45200,1050,96.5,185000,268000,200,690,76.92,31188,13196.51,186.53,22.2,2.58,2.38,1.81,289.86,2.363351581
20000,1090,424,45.5,82.2,2.58,22.2,45200,1050,96.5,185000,268000,200,690,76.92,31188,11760.16,207.25,22.2,2.58,2.38,1.81,289.86,2.652005265
4500,1070,417,39.1,70.0,2.98,25.6,38000,849,94.5,115000,212000,200,690,76.92,26220,64740.21,47.62,25.6,2.98,2.40,1.79,289.86,0.405003298
8000,1070,417,39.1,70.0,2.98,25.6,38000,849,94.5,115000,212000,200,690,76.92,26220,26293.41,84.66,25.6,2.98,2.40,1.79,289.86,0.9972080083
12000,1070,417,39.1,70.0,2.98,25.6,38000,849,94.5,115000,212000,200,690,76.92,26220,15320.39,126.98,25.6,2.98,2.40,1.79,289.86,1.711445186
16000,1070,417,39.1,70.0,2.98,25.6,38000,849,94.5,115000,212000,200,690,76.92,26220,10850.97,169.31,25.6,2.98,2.40,1.79,289.86,2.416373818
18000,1070,417,39.1,70.0,2.98,25.6,38000,849,94.5,115000,212000,200,690,76.92,26220,9486.13,190.48,25.6,2.98,2.40,1.79,289.86,2.764035645
20000,1070,417,39.1,70.0,2.98,25.6,38000,849,94.5,115000,212000,200,690,76.92,26220,8433.55,211.64,25.6,2.98,2.40,1.79,289.86,3.109010644
4500,1050,411,34.0,59.7,3.44,29.1,32100,703,92.7,73700,171000,200,690,76.92,22149,51253.58,48.54,29.1,3.44,2.41,1.76,289.86,0.4321454082
8000,1050,411,34.0,59.7,3.44,29.1,32100,703,92.7,73700,171000,200,690,76.92,22149,20178.99,86.30,29.1,3.44,2.41,1.76,289.86,1.09762657
12000,1050,411,34.0,59.7,3.44,29.1,32100,703,92.7,73700,171000,200,690,76.92,22149,11511.68,129.45,29.1,3.44,2.41,1.76,289.86,1.92404649
16000,1050,411,34.0,59.7,3.44,29.1,32100,703,92.7,73700,171000,200,690,76.92,22149,8062.39,172.60,29.1,3.44,2.41,1.76,289.86,2.74720106
18000,1050,411,34.0,59.7,3.44,29.1,32100,703,92.7,73700,171000,200,690,76.92,22149,7023.23,194.17,29.1,3.44,2.41,1.76,289.86,3.153677531
20000,1050,411,34.0,59.7,3.44,29.1,32100,703,92.7,73700,171000,200,690,76.92,22149,6226.99,215.75,29.1,3.44,2.41,1.76,289.86,3.556934532
4500,1040,409,31.0,55.9,3.66,31.7,29500,641,92.5,59100,155000,200,690,76.92,20355,45908.48,48.65,31.7,3.66,2.41,1.80,289.86,0.4433820981
8000,1040,409,31.0,55.9,3.66,31.7,29500,641,92.5,59100,155000,200,690,76.92,20355,17788.60,86.49,31.7,3.66,2.41,1.80,289.86,1.144272236
12000,1040,409,31.0,55.9,3.66,31.7,29500,641,92.5,59100,155000,200,690,76.92,20355,10029.43,129.73,31.7,3.66,2.41,1.80,289.86,2.02952735
16000,1040,409,31.0,55.9,3.66,31.7,29500,641,92.5,59100,155000,200,690,76.92,20355,6978.33,172.97,31.7,3.66,2.41,1.80,289.86,2.916886387
18000,1040,409,31.0,55.9,3.66,31.7,29500,641,92.5,59100,155000,200,690,76.92,20355,6065.95,194.59,31.7,3.66,2.41,1.80,289.86,3.355618378
20000,1040,409,31.0,55.9,3.66,31.7,29500,641,92.5,59100,155000,200,690,76.92,20355,5369.41,216.22,31.7,3.66,2.41,1.80,289.86,3.790920167
4000,1030,409,29.5,52.0,3.93,33.2,27500,591,91.4,48300,142000,200,690,76.92,18975,51545.05,43.76,33.2,3.93,2.39,1.76,289.86,0.3681245662
8000,1030,409,29.5,52.0,3.93,33.2,27500,591,91.4,48300,142000,200,690,76.92,18975,15912.94,87.53,33.2,3.93,2.39,1.76,289.86,1.19242561
12000,1030,409,29.5,52.0,3.93,33.2,27500,591,91.4,48300,142000,200,690,76.92,18975,8872.19,131.29,33.2,3.93,2.39,1.76,289.86,2.138705805
16000,1030,409,29.5,52.0,3.93,33.2,27500,591,91.4,48300,142000,200,690,76.92,18975,6133.34,175.05,33.2,3.93,2.39,1.76,289.86,3.093747106
18000,1030,409,29.5,52.0,3.93,33.2,27500,591,91.4,48300,142000,200,690,76.92,18975,5320.04,196.94,33.2,3.93,2.39,1.76,289.86,3.566701978
20000,1030,409,29.5,52.0,3.93,33.2,27500,591,91.4,48300,142000,200,690,76.92,18975,4701.34,218.82,33.2,3.93,2.39,1.76,289.86,4.036081645
4000,1030,406,28.4,50.9,3.99,34.5,26900,574,91.4,45400,138000,200,690,76.92,18561,49933.83,43.76,34.5,3.99,2.41,1.79,289.86,0.3717119218
8000,1030,406,28.4,50.9,3.99,34.5,26900,574,91.4,45400,138000,200,690,76.92,18561,15343.15,87.53,34.5,3.99,2.41,1.79,289.86,1.209725298
12000,1030,406,28.4,50.9,3.99,34.5,26900,574,91.4,45400,138000,200,690,76.92,18561,8526.37,131.29,34.5,3.99,2.41,1.79,289.86,2.176894277
16000,1030,406,28.4,50.9,3.99,34.5,26900,574,91.4,45400,138000,200,690,76.92,18561,5882.79,175.05,34.5,3.99,2.41,1.79,289.86,3.155137467
18000,1030,406,28.4,50.9,3.99,34.5,26900,574,91.4,45400,138000,200,690,76.92,18561,5099.38,196.94,34.5,3.99,2.41,1.79,289.86,3.63985105
20000,1030,406,28.4,50.9,3.99,34.5,26900,574,91.4,45400,138000,200,690,76.92,18561,4504.05,218.82,34.5,3.99,2.41,1.79,289.86,4.120953643
4000,1020,404,25.4,45.9,4.40,38.4,23900,508,90.9,33000,120000,200,690,76.92,16491,43188.72,44.00,38.4,4.40,2.41,1.81,289.86,0.3818357761
8000,1020,404,25.4,45.9,4.40,38.4,23900,508,90.9,33000,120000,200,690,76.92,16491,12952.59,88.01,38.4,4.40,2.41,1.81,289.86,1.273181281
12000,1020,404,25.4,45.9,4.40,38.4,23900,508,90.9,33000,120000,200,690,76.92,16491,7070.54,132.01,38.4,4.40,2.41,1.81,289.86,2.332353276
16000,1020,404,25.4,45.9,4.40,38.4,23900,508,90.9,33000,120000,200,690,76.92,16491,4825.27,176.02,38.4,4.40,2.41,1.81,289.86,3.417631342
18000,1020,404,25.4,45.9,4.40,38.4,23900,508,90.9,33000,120000,200,690,76.92,16491,4167.16,198.02,38.4,4.40,2.41,1.81,289.86,3.957370227
20000,1020,404,25.4,45.9,4.40,38.4,23900,508,90.9,33000,120000,200,690,76.92,16491,3669.91,220.02,38.4,4.40,2.41,1.81,289.86,4.493568276
4000,1010,401,23.6,41.8,4.80,41.0,21800,454,89.9,25500,107000,200,690,76.92,15042,38175.63,44.49,41.0,4.80,2.41,1.77,289.86,0.3940210401
8000,1010,401,23.6,41.8,4.80,41.0,21800,454,89.9,25500,107000,200,690,76.92,15042,11244.45,88.99,41.0,4.80,2.41,1.77,289.86,1.337726417
12000,1010,401,23.6,41.8,4.80,41.0,21800,454,89.9,25500,107000,200,690,76.92,15042,6050.93,133.48,41.0,4.80,2.41,1.77,289.86,2.485900226
16000,1010,401,23.6,41.8,4.80,41.0,21800,454,89.9,25500,107000,200,690,76.92,15042,4091.48,177.98,41.0,4.80,2.41,1.77,289.86,3.676416741
18000,1010,401,23.6,41.8,4.80,41.0,21800,454,89.9,25500,107000,200,690,76.92,15042,3522.07,200.22,41.0,4.80,2.41,1.77,289.86,4.270789284
20000,1010,401,23.6,41.8,4.80,41.0,21800,454,89.9,25500,107000,200,690,76.92,15042,3093.83,222.47,41.0,4.80,2.41,1.77,289.86,4.861930622
4000,1010,401,21.1,39.9,5.03,46.0,20500,433,90.9,21400,102000,200,690,76.92,14145,36117.94,44.00,46.0,5.03,2.42,1.89,289.86,0.3916336492
8000,1010,401,21.1,39.9,5.03,46.0,20500,433,90.9,21400,102000,200,690,76.92,14145,10479.83,88.01,46.0,5.03,2.42,1.89,289.86,1.349735429
12000,1010,401,21.1,39.9,5.03,46.0,20500,433,90.9,21400,102000,200,690,76.92,14145,5568.62,132.01,46.0,5.03,2.42,1.89,289.86,2.540127217
16000,1010,401,21.1,39.9,5.03,46.0,20500,433,90.9,21400,102000,200,690,76.92,14145,3733.36,176.02,46.0,5.03,2.42,1.89,289.86,3.788809221
18000,1010,401,21.1,39.9,5.03,46.0,20500,433,90.9,21400,102000,200,690,76.92,14145,3203.98,198.02,46.0,5.03,2.42,1.89,289.86,4.414823783
20000,1010,401,21.1,39.9,5.03,46.0,20500,433,90.9,21400,102000,200,690,76.92,14145,2807.50,220.02,46.0,5.03,2.42,1.89,289.86,5.038282142
4000,1000,401,19.1,36.1,5.55,50.5,18400,385,90.2,15900,89700,200,690,76.92,12696,31649.97,44.35,50.5,5.55,2.40,1.89,289.86,0.4011378283
8000,1000,401,19.1,36.1,5.55,50.5,18400,385,90.2,15900,89700,200,690,76.92,12696,9016.66,88.69,50.5,5.55,2.40,1.89,289.86,1.408060219
12000,1000,401,19.1,36.1,5.55,50.5,18400,385,90.2,15900,89700,200,690,76.92,12696,4713.09,133.04,50.5,5.55,2.40,1.89,289.86,2.693772873
16000,1000,401,19.1,36.1,5.55,50.5,18400,385,90.2,15900,89700,200,690,76.92,12696,3123.21,177.38,50.5,5.55,2.40,1.89,289.86,4.065053941
18000,1000,401,19.1,36.1,5.55,50.5,18400,385,90.2,15900,89700,200,690,76.92,12696,2668.87,199.56,50.5,5.55,2.40,1.89,289.86,4.75706233
20000,1000,401,19.1,36.1,5.55,50.5,18400,385,90.2,15900,89700,200,690,76.92,12696,2330.45,221.73,50.5,5.55,2.40,1.89,289.86,5.44787283
4000,991,401,16.5,31.1,6.45,58.2,15800,334,89.9,10300,76300,200,690,76.92,10902,26863.79,44.49,58.2,6.45,2.39,1.88,289.86,0.4058250855
8000,991,401,16.5,31.1,6.45,58.2,15800,334,89.9,10300,76300,200,690,76.92,10902,7457.14,88.99,58.2,6.45,2.39,1.88,289.86,1.461954408
12000,991,401,16.5,31.1,6.45,58.2,15800,334,89.9,10300,76300,200,690,76.92,10902,3800.38,133.48,58.2,6.45,2.39,1.88,289.86,2.868657367
16000,991,401,16.5,31.1,6.45,58.2,15800,334,89.9,10300,76300,200,690,76.92,10902,2470.18,177.98,58.2,6.45,2.39,1.88,289.86,4.413436404
18000,991,401,16.5,31.1,6.45,58.2,15800,334,89.9,10300,76300,200,690,76.92,10902,2095.23,200.22,58.2,6.45,2.39,1.88,289.86,5.20323778
20000,991,401,16.5,31.1,6.45,58.2,15800,334,89.9,10300,76300,200,690,76.92,10902,1818.26,222.47,58.2,6.45,2.39,1.88,289.86,5.995828196
4000,983,401,16.5,27.1,7.39,57.9,14200,289,87.6,7620,66100,200,690,76.92,9798,23126.26,45.66,57.9,7.39,2.38,1.64,289.86,0.423674124
8000,983,401,16.5,27.1,7.39,57.9,14200,289,87.6,7620,66100,200,690,76.92,9798,6336.49,91.32,57.9,7.39,2.38,1.64,289.86,1.546282287
12000,983,401,16.5,27.1,7.39,57.9,14200,289,87.6,7620,66100,200,690,76.92,9798,3185.11,136.99,57.9,7.39,2.38,1.64,289.86,3.076187912
16000,983,401,16.5,27.1,7.39,57.9,14200,289,87.6,7620,66100,200,690,76.92,9798,2047.09,182.65,57.9,7.39,2.38,1.64,289.86,4.786300544
18000,983,401,16.5,27.1,7.39,57.9,14200,289,87.6,7620,66100,200,690,76.92,9798,1728.55,205.48,57.9,7.39,2.38,1.64,289.86,5.668347165
20000,983,401,16.5,27.1,7.39,57.9,14200,289,87.6,7620,66100,200,690,76.92,9798,1494.29,228.31,57.9,7.39,2.38,1.64,289.86,6.55694574
3500,1060,315,36.1,64.3,2.45,27.6,28000,334,67.1,71600,82200,200,690,76.92,19320,41617.85,52.16,27.6,2.45,3.16,1.78,289.86,0.464223851
8000,1060,315,36.1,45.7,3.45,28.1,28000,334,67.1,71600,82200,200,690,76.92,19320,11924.18,119.23,28.1,3.45,3.22,1.26,289.86,1.620237845
12000,1060,315,36.1,35.4,4.45,28.4,28000,334,67.1,71600,82200,200,690,76.92,19320,7219.92,178.84,28.4,4.45,3.25,0.98,289.86,2.675929042
16000,1060,315,36.1,28.9,5.45,28.6,28000,334,67.1,71600,82200,200,690,76.92,19320,5209.88,238.45,28.6,5.45,3.27,0.80,289.86,3.708336585
18000,1060,315,36.1,24.4,6.45,28.7,28000,334,67.1,71600,82200,200,690,76.92,19320,4580.58,268.26,28.7,6.45,3.29,0.68,289.86,4.217806935
20000,1060,315,36.1,21.1,7.45,28.8,28000,334,67.1,71600,82200,200,690,76.92,19320,4089.75,298.06,28.8,7.45,3.30,0.59,289.86,4.724006244
3200,1040,310,31.0,54.2,2.86,28.0,23400,268,65.3,43700,64700,200,690,76.92,16146,37466.54,49.00,28.0,2.86,3.18,1.75,289.86,0.4309445169
8000,1040,310,31.0,54.2,2.86,28.0,23400,268,65.3,43700,64700,200,690,76.92,16146,8717.22,122.51,28.0,2.86,3.18,1.75,289.86,1.852196949
12000,1040,310,31.0,54.2,2.86,28.0,23400,268,65.3,43700,64700,200,690,76.92,16146,5175.33,183.77,28.0,2.86,3.18,1.75,289.86,3.119802227
16000,1040,310,31.0,54.2,2.86,28.0,23400,268,65.3,43700,64700,200,690,76.92,16146,3700.00,245.02,28.0,2.86,3.18,1.75,289.86,4.363783145
18000,1040,310,31.0,54.2,2.86,28.0,23400,268,65.3,43700,64700,200,690,76.92,16146,3243.98,275.65,28.0,2.86,3.18,1.75,289.86,4.977216657
20000,1040,310,31.0,54.2,2.86,28.0,23400,268,65.3,43700,64700,200,690,76.92,16146,2890.33,306.28,28.0,2.86,3.18,1.75,289.86,5.586219253
3000,1040,307,30.0,53.9,2.85,29.0,23100,266,65.5,42900,64200,200,690,76.92,15939,41714.82,45.80,29.0,2.85,3.21,1.80,289.86,0.3820944022
5000,1040,307,30.0,53.9,2.85,29.0,23100,266,65.5,42900,64200,200,690,76.92,15939,17367.85,76.34,29.0,2.85,3.21,1.80,289.86,0.9177299986
8000,1040,307,30.0,53.9,2.85,29.0,23100,266,65.5,42900,64200,200,690,76.92,15939,8622.02,122.14,29.0,2.85,3.21,1.80,289.86,1.848638696
10000,1040,307,30.0,53.9,2.85,29.0,23100,266,65.5,42900,64200,200,690,76.92,15939,6415.14,152.67,29.0,2.85,3.21,1.80,289.86,2.484591837
12000,1040,307,30.0,53.9,2.85,29.0,23100,266,65.5,42900,64200,200,690,76.92,15939,5114.31,183.21,29.0,2.85,3.21,1.80,289.86,3.11654856
15000,1040,307,30.0,53.9,2.85,29.0,23100,266,65.5,42900,64200,200,690,76.92,15939,3933.34,229.01,29.0,2.85,3.21,1.80,289.86,4.052277295
3000,1030,305,26.9,49.0,3.11,32.2,20800,234,64.8,31900,55900,200,690,76.92,14352,35999.08,46.30,32.2,3.11,3.22,1.82,289.86,0.3986768776
5000,1030,305,26.9,49.0,3.11,32.2,20800,234,64.8,31900,55900,200,690,76.92,14352,14756.25,77.16,32.2,3.11,3.22,1.82,289.86,0.972604516
8000,1030,305,26.9,49.0,3.11,32.2,20800,234,64.8,31900,55900,200,690,76.92,14352,7193.44,123.46,32.2,3.11,3.22,1.82,289.86,1.995150424
10000,1030,305,26.9,49.0,3.11,32.2,20800,234,64.8,31900,55900,200,690,76.92,14352,5310.11,154.32,32.2,3.11,3.22,1.82,289.86,2.702767649
12000,1030,305,26.9,49.0,3.11,32.2,20800,234,64.8,31900,55900,200,690,76.92,14352,4210.17,185.19,32.2,3.11,3.22,1.82,289.86,3.408889157
15000,1030,305,26.9,49.0,3.11,32.2,20800,234,64.8,31900,55900,200,690,76.92,14352,3220.64,231.48,32.2,3.11,3.22,1.82,289.86,4.456261144
3000,1020,305,26.2,46.1,3.31,33.3,19500,217,64.0,27100,51600,200,690,76.92,13455,33084.73,46.88,33.3,3.31,3.19,1.76,289.86,0.4066830798
5000,1020,305,26.2,46.1,3.31,33.3,19500,217,64.0,27100,51600,200,690,76.92,13455,13456.91,78.13,33.3,3.31,3.19,1.76,289.86,0.9998580686
8000,1020,305,26.2,46.1,3.31,33.3,19500,217,64.0,27100,51600,200,690,76.92,13455,6497.86,125.00,33.3,3.31,3.19,1.76,289.86,2.070680943
10000,1020,305,26.2,46.1,3.31,33.3,19500,217,64.0,27100,51600,200,690,76.92,13455,4776.06,156.25,33.3,3.31,3.19,1.76,289.86,2.817178314
12000,1020,305,26.2,46.1,3.31,33.3,19500,217,64.0,27100,51600,200,690,76.92,13455,3775.19,187.50,33.3,3.31,3.19,1.76,289.86,3.564058571
15000,1020,305,26.2,46.1,3.31,33.3,19500,217,64.0,27100,51600,200,690,76.92,13455,2879.13,234.38,33.3,3.31,3.19,1.76,289.86,4.673279062
3000,1020,302,24.4,43.8,3.45,35.6,18500,205,64.0,23400,48600,200,690,76.92,12765,31005.47,46.88,35.6,3.45,3.23,1.79,289.86,0.4117015376
5000,1020,302,24.4,43.8,3.45,35.6,18500,205,64.0,23400,48600,200,690,76.92,12765,12513.55,78.13,35.6,3.45,3.23,1.79,289.86,1.020094396
8000,1020,302,24.4,43.8,3.45,35.6,18500,205,64.0,23400,48600,200,690,76.92,12765,5982.91,125.00,35.6,3.45,3.23,1.79,289.86,2.133578459
10000,1020,302,24.4,43.8,3.45,35.6,18500,205,64.0,23400,48600,200,690,76.92,12765,4377.40,156.25,35.6,3.45,3.23,1.79,289.86,2.916116584
12000,1020,302,24.4,43.8,3.45,35.6,18500,205,64.0,23400,48600,200,690,76.92,12765,3448.63,187.50,35.6,3.45,3.23,1.79,289.86,3.701465295
15000,1020,302,24.4,43.8,3.45,35.6,18500,205,64.0,23400,48600,200,690,76.92,12765,2621.33,234.38,35.6,3.45,3.23,1.79,289.86,4.869668548
3000,1010,302,21.1,40.1,3.77,41.2,16600,185,64.5,17200,43200,200,690,76.92,11454,27420.30,46.51,41.2,3.77,3.21,1.90,289.86,0.4177196478
5000,1010,302,21.1,40.1,3.77,41.2,16600,185,64.5,17200,43200,200,690,76.92,11454,10893.53,77.52,41.2,3.77,3.21,1.90,289.86,1.051450226
8000,1010,302,21.1,40.1,3.77,41.2,16600,185,64.5,17200,43200,200,690,76.92,11454,5099.23,124.03,41.2,3.77,3.21,1.90,289.86,2.246221723
10000,1010,302,21.1,40.1,3.77,41.2,16600,185,64.5,17200,43200,200,690,76.92,11454,3692.61,155.04,41.2,3.77,3.21,1.90,289.86,3.101867028
12000,1010,302,21.1,40.1,3.77,41.2,16600,185,64.5,17200,43200,200,690,76.92,11454,2887.06,186.05,41.2,3.77,3.21,1.90,289.86,3.967363267
15000,1010,302,21.1,40.1,3.77,41.2,16600,185,64.5,17200,43200,200,690,76.92,11454,2177.31,232.56,41.2,3.77,3.21,1.90,289.86,5.260614666
3000,1000,300,19.1,36.0,4.17,45.6,14800,162,63.8,12700,37900,200,690,76.92,10212,23799.42,47.02,45.6,4.17,3.21,1.88,289.86,0.4290860799
5000,1000,300,19.1,36.0,4.17,45.6,14800,162,63.8,12700,37900,200,690,76.92,10212,9334.42,78.37,45.6,4.17,3.21,1.88,289.86,1.094015883
8000,1000,300,19.1,36.0,4.17,45.6,14800,162,63.8,12700,37900,200,690,76.92,10212,4289.49,125.39,45.6,4.17,3.21,1.88,289.86,2.380704159
10000,1000,300,19.1,36.0,4.17,45.6,14800,162,63.8,12700,37900,200,690,76.92,10212,3076.77,156.74,45.6,4.17,3.21,1.88,289.86,3.319068428
12000,1000,300,19.1,36.0,4.17,45.6,14800,162,63.8,12700,37900,200,690,76.92,10212,2388.06,188.09,45.6,4.17,3.21,1.88,289.86,4.276280482
15000,1000,300,19.1,36.0,4.17,45.6,14800,162,63.8,12700,37900,200,690,76.92,10212,1787.08,235.11,45.6,4.17,3.21,1.88,289.86,5.714362477
3000,991,300,16.5,30.5,4.92,52.6,12700,138,63.2,8030,31700,200,690,76.92,8763,19829.53,47.47,52.6,4.92,3.20,1.85,289.86,0.4419167152
5000,991,300,16.5,30.5,4.92,52.6,12700,138,63.2,8030,31700,200,690,76.92,8763,7638.85,79.11,52.6,4.92,3.20,1.85,289.86,1.14716148
7000,991,300,16.5,30.5,4.92,52.6,12700,138,63.2,8030,31700,200,690,76.92,8763,4251.57,110.76,52.6,4.92,3.20,1.85,289.86,2.061120646
8000,991,300,16.5,30.5,4.92,52.6,12700,138,63.2,8030,31700,200,690,76.92,8763,3413.67,126.58,52.6,4.92,3.20,1.85,289.86,2.567028311
10000,991,300,16.5,30.5,4.92,52.6,12700,138,63.2,8030,31700,200,690,76.92,8763,2410.94,158.23,52.6,4.92,3.20,1.85,289.86,3.634676295
12000,991,300,16.5,30.5,4.92,52.6,12700,138,63.2,8030,31700,200,690,76.92,8763,1848.21,189.87,52.6,4.92,3.20,1.85,289.86,4.741347299
3000,980,300,16.5,26.0,5.76,52.6,11400,118,61.0,5830,26800,200,690,76.92,7866,16762.35,49.18,52.6,5.76,3.18,1.58,289.86,0.4692660571
5000,980,300,16.5,26.0,5.76,52.6,11400,118,61.0,5830,26800,200,690,76.92,7866,6403.40,81.97,52.6,5.76,3.18,1.58,289.86,1.228409514
7000,980,300,16.5,26.0,5.76,52.6,11400,118,61.0,5830,26800,200,690,76.92,7866,3530.64,114.75,52.6,5.76,3.18,1.58,289.86,2.227925611
8000,980,300,16.5,26.0,5.76,52.6,11400,118,61.0,5830,26800,200,690,76.92,7866,2821.96,131.15,52.6,5.76,3.18,1.58,289.86,2.787423942
10000,980,300,16.5,26.0,5.76,52.6,11400,118,61.0,5830,26800,200,690,76.92,7866,1976.66,163.93,52.6,5.76,3.18,1.58,289.86,3.979449244
12000,980,300,16.5,26.0,5.76,52.6,11400,118,61.0,5830,26800,200,690,76.92,7866,1504.86,196.72,52.6,5.76,3.18,1.58,289.86,5.227050196
3000,970,300,16.0,21.1,7.11,54.3,9800,95,58.2,3900,21500,200,690,76.92,6762,13412.80,51.55,54.3,7.11,3.16,1.32,289.86,0.5041452552
5000,970,300,16.0,21.1,7.11,54.3,9800,95,58.2,3900,21500,200,690,76.92,6762,5078.85,85.91,54.3,7.11,3.16,1.32,289.86,1.33140278
7000,970,300,16.0,21.1,7.11,54.3,9800,95,58.2,3900,21500,200,690,76.92,6762,2771.76,120.27,54.3,7.11,3.16,1.32,289.86,2.439604391
8000,970,300,16.0,21.1,7.11,54.3,9800,95,58.2,3900,21500,200,690,76.92,6762,2204.11,137.46,54.3,7.11,3.16,1.32,289.86,3.0679054
10000,970,300,16.0,21.1,7.11,54.3,9800,95,58.2,3900,21500,200,690,76.92,6762,1529.22,171.82,54.3,7.11,3.16,1.32,289.86,4.421848106
11000,970,300,16.0,21.1,7.11,54.3,9800,95,58.2,3900,21500,200,690,76.92,6762,1317.63,189.00,54.3,7.11,3.16,1.32,289.86,5.131928364
6000,1090,472,76.7,115.1,2.05,10.8,67700,2060,108.0,595000,494000,200,690,76.92,46713,118837.09,55.56,10.8,2.05,2.07,1.50,289.86,0.3930843375
8000,1090,472,76.7,115.1,2.05,10.8,67700,2060,108.0,595000,494000,200,690,76.92,46713,81557.76,74.07,10.8,2.05,2.07,1.50,289.86,0.5727596901
10000,1090,472,76.7,115.1,2.05,10.8,67700,2060,108.0,595000,494000,200,690,76.92,46713,62243.97,92.59,10.8,2.05,2.07,1.50,289.86,0.7504823731
12000,1090,472,76.7,115.1,2.05,10.8,67700,2060,108.0,595000,494000,200,690,76.92,46713,50458.96,111.11,10.8,2.05,2.07,1.50,289.86,0.9257621656
15000,1090,472,76.7,115.1,2.05,10.8,67700,2060,108.0,595000,494000,200,690,76.92,46713,39419.57,138.89,10.8,2.05,2.07,1.50,289.86,1.185020628
20000,1090,472,76.7,115.1,2.05,10.8,67700,2060,108.0,595000,494000,200,690,76.92,46713,28999.87,185.19,10.8,2.05,2.07,1.50,289.86,1.610800498
6000,1090,462,64.0,114.9,2.01,12.9,64200,1910,109.0,516000,459000,200,690,76.92,44298,107966.94,55.05,12.9,2.01,2.11,1.80,289.86,0.4102922473
8000,1090,462,64.0,114.9,2.01,12.9,64200,1910,109.0,516000,459000,200,690,76.92,44298,73782.45,73.39,12.9,2.01,2.11,1.80,289.86,0.6003867033
10000,1090,462,64.0,114.9,2.01,12.9,64200,1910,109.0,516000,459000,200,690,76.92,44298,56163.34,91.74,12.9,2.01,2.11,1.80,289.86,0.7887350737
12000,1090,462,64.0,114.9,2.01,12.9,64200,1910,109.0,516000,459000,200,690,76.92,44298,45454.51,110.09,12.9,2.01,2.11,1.80,289.86,0.9745567524
15000,1090,462,64.0,114.9,2.01,12.9,64200,1910,109.0,516000,459000,200,690,76.92,44298,35456.70,137.61,12.9,2.01,2.11,1.80,289.86,1.249354776
20000,1090,462,64.0,114.9,2.01,12.9,64200,1910,109.0,516000,459000,200,690,76.92,44298,26051.22,183.49,12.9,2.01,2.11,1.80,289.86,1.700419215
6000,1080,457,60.5,108.8,2.10,13.7,60000,1750,107.0,437000,414000,200,690,76.92,41400,96298.44,56.07,13.7,2.10,2.13,1.80,289.86,0.4299135182
8000,1080,457,60.5,108.8,2.10,13.7,60000,1750,107.0,437000,414000,200,690,76.92,41400,65546.80,74.77,13.7,2.10,2.13,1.80,289.86,0.6316098234
10000,1080,457,60.5,108.8,2.10,13.7,60000,1750,107.0,437000,414000,200,690,76.92,41400,49771.32,93.46,13.7,2.10,2.13,1.80,289.86,0.831804322
12000,1080,457,60.5,108.8,2.10,13.7,60000,1750,107.0,437000,414000,200,690,76.92,41400,40217.81,112.15,13.7,2.10,2.13,1.80,289.86,1.029394799
15000,1080,457,60.5,108.8,2.10,13.7,60000,1750,107.0,437000,414000,200,690,76.92,41400,31326.58,140.19,13.7,2.10,2.13,1.80,289.86,1.321561321
20000,1080,457,60.5,108.8,2.10,13.7,60000,1750,107.0,437000,414000,200,690,76.92,41400,22988.32,186.92,13.7,2.10,2.13,1.80,289.86,1.800914897
6000,1060,452,55.1,99.1,2.28,15.0,53600,1540,106.0,327000,357000,200,690,76.92,36984,80508.03,56.60,15.0,2.28,2.13,1.80,289.86,0.4593827448
8000,1060,452,55.1,99.1,2.28,15.0,53600,1540,106.0,327000,357000,200,690,76.92,36984,54293.75,75.47,15.0,2.28,2.13,1.80,289.86,0.6811833775
10000,1060,452,55.1,99.1,2.28,15.0,53600,1540,106.0,327000,357000,200,690,76.92,36984,40985.55,94.34,15.0,2.28,2.13,1.80,289.86,0.9023669177
12000,1060,452,55.1,99.1,2.28,15.0,53600,1540,106.0,327000,357000,200,690,76.92,36984,32992.92,113.21,15.0,2.28,2.13,1.80,289.86,1.120967616
15000,1060,452,55.1,99.1,2.28,15.0,53600,1540,106.0,327000,357000,200,690,76.92,36984,25608.88,141.51,15.0,2.28,2.13,1.80,289.86,1.444186387
20000,1060,452,55.1,99.1,2.28,15.0,53600,1540,106.0,327000,357000,200,690,76.92,36984,18735.68,188.68,15.0,2.28,2.13,1.80,289.86,1.973987837
6000,1040,447,50.0,90.1,2.48,16.3,47700,1340,104.0,247000,303000,200,690,76.92,32913,67011.32,57.69,16.3,2.48,2.13,1.80,289.86,0.491155826
8000,1040,447,50.0,90.1,2.48,16.3,47700,1340,104.0,247000,303000,200,690,76.92,32913,44837.39,76.92,16.3,2.48,2.13,1.80,289.86,0.7340525514
10000,1040,447,50.0,90.1,2.48,16.3,47700,1340,104.0,247000,303000,200,690,76.92,32913,33673.99,96.15,16.3,2.48,2.13,1.80,289.86,0.9774012892
12000,1040,447,50.0,90.1,2.48,16.3,47700,1340,104.0,247000,303000,200,690,76.92,32913,27015.71,115.38,16.3,2.48,2.13,1.80,289.86,1.218290946
15000,1040,447,50.0,90.1,2.48,16.3,47700,1340,104.0,247000,303000,200,690,76.92,32913,20903.05,144.23,16.3,2.48,2.13,1.80,289.86,1.57455454
20000,1040,447,50.0,90.1,2.48,16.3,47700,1340,104.0,247000,303000,200,690,76.92,32913,15250.57,192.31,16.3,2.48,2.13,1.80,289.86,2.158148141
5500,1010,437,40.9,73.8,2.96,19.9,38200,1040,102.0,136000,227000,200,690,76.92,26358,54253.73,53.92,19.9,2.96,2.14,1.80,289.86,0.485828325
8000,1010,437,40.9,73.8,2.96,19.9,38200,1040,102.0,136000,227000,200,690,76.92,26358,31004.24,78.43,19.9,2.96,2.14,1.80,289.86,0.8501418148
10000,1010,437,40.9,73.8,2.96,19.9,38200,1040,102.0,136000,227000,200,690,76.92,26358,22943.70,98.04,19.9,2.96,2.14,1.80,289.86,1.148812116
12000,1010,437,40.9,73.8,2.96,19.9,38200,1040,102.0,136000,227000,200,690,76.92,26358,18222.76,117.65,19.9,2.96,2.14,1.80,289.86,1.446433277
15000,1010,437,40.9,73.8,2.96,19.9,38200,1040,102.0,136000,227000,200,690,76.92,26358,13963.68,147.06,19.9,2.96,2.14,1.80,289.86,1.88761149
20000,1010,437,40.9,73.8,2.96,19.9,38200,1040,102.0,136000,227000,200,690,76.92,26358,10099.75,196.08,19.9,2.96,2.14,1.80,289.86,2.609766314
5000,998,434,38.1,68.0,3.19,21.4,34900,937,101.0,107000,202000,200,690,76.92,24081,55407.20,49.50,21.4,3.19,2.14,1.79,289.86,0.4346185697
8000,998,434,38.1,68.0,3.19,21.4,34900,937,101.0,107000,202000,200,690,76.92,24081,26780.33,79.21,21.4,3.19,2.14,1.79,289.86,0.8992047088
10000,998,434,38.1,68.0,3.19,21.4,34900,937,101.0,107000,202000,200,690,76.92,24081,19692.87,99.01,21.4,3.19,2.14,1.79,289.86,1.222828521
12000,998,434,38.1,68.0,3.19,21.4,34900,937,101.0,107000,202000,200,690,76.92,24081,15571.03,118.81,21.4,3.19,2.14,1.79,289.86,1.546526228
15000,998,434,38.1,68.0,3.19,21.4,34900,937,101.0,107000,202000,200,690,76.92,24081,11878.98,148.51,21.4,3.19,2.14,1.79,289.86,2.027194437
20000,998,434,38.1,68.0,3.19,21.4,34900,937,101.0,107000,202000,200,690,76.92,24081,8557.00,198.02,21.4,3.19,2.14,1.79,289.86,2.814187718
5000,988,432,34.5,62.1,3.48,23.6,31300,828,99.6,80700,178000,200,690,76.92,21597,47678.69,50.20,23.6,3.48,2.14,1.80,289.86,0.452969673
8000,988,432,34.5,62.1,3.48,23.6,31300,828,99.6,80700,178000,200,690,76.92,21597,22641.87,80.32,23.6,3.48,2.14,1.80,289.86,0.9538522225
10000,988,432,34.5,62.1,3.48,23.6,31300,828,99.6,80700,178000,200,690,76.92,21597,16512.55,100.40,23.6,3.48,2.14,1.80,289.86,1.307913961
12000,988,432,34.5,62.1,3.48,23.6,31300,828,99.6,80700,178000,200,690,76.92,21597,12978.40,120.48,23.6,3.48,2.14,1.80,289.86,1.664072665
15000,988,432,34.5,62.1,3.48,23.6,31300,828,99.6,80700,178000,200,690,76.92,21597,9841.28,150.60,23.6,3.48,2.14,1.80,289.86,2.194530702
20000,988,432,34.5,62.1,3.48,23.6,31300,828,99.6,80700,178000,200,690,76.92,21597,7048.97,200.80,23.6,3.48,2.14,1.80,289.86,3.06385145
4500,975,427,31.0,55.7,3.83,26.3,28000,728,98.6,59100,154000,200,690,76.92,19320,48803.39,45.64,26.3,3.83,2.15,1.80,289.86,0.3958741024
8000,975,427,31.0,55.7,3.83,26.3,28000,728,98.6,59100,154000,200,690,76.92,19320,18926.01,81.14,26.3,3.83,2.15,1.80,289.86,1.02081719
10000,975,427,31.0,55.7,3.83,26.3,28000,728,98.6,59100,154000,200,690,76.92,19320,13677.59,101.42,26.3,3.83,2.15,1.80,289.86,1.412529913
12000,975,427,31.0,55.7,3.83,26.3,28000,728,98.6,59100,154000,200,690,76.92,19320,10677.42,121.70,26.3,3.83,2.15,1.80,289.86,1.809426388
15000,975,427,31.0,55.7,3.83,26.3,28000,728,98.6,59100,154000,200,690,76.92,19320,8039.60,152.13,26.3,3.83,2.15,1.80,289.86,2.403104216
20000,975,427,31.0,55.7,3.83,26.3,28000,728,98.6,59100,154000,200,690,76.92,19320,5719.54,202.84,26.3,3.83,2.15,1.80,289.86,3.377892606
4500,965,424,28.4,51.0,4.16,28.6,25400,653,97.8,45400,137000,200,690,76.92,17526,42898.29,46.01,28.6,4.16,2.16,1.79,289.86,0.408547791
8000,965,424,28.4,51.0,4.16,28.6,25400,653,97.8,45400,137000,200,690,76.92,17526,16332.37,81.80,28.6,4.16,2.16,1.79,289.86,1.073083747
10000,965,424,28.4,51.0,4.16,28.6,25400,653,97.8,45400,137000,200,690,76.92,17526,11707.66,102.25,28.6,4.16,2.16,1.79,289.86,1.496968238
12000,965,424,28.4,51.0,4.16,28.6,25400,653,97.8,45400,137000,200,690,76.92,17526,9082.62,122.70,28.6,4.16,2.16,1.79,289.86,1.929619592
15000,965,424,28.4,51.0,4.16,28.6,25400,653,97.8,45400,137000,200,690,76.92,17526,6793.35,153.37,28.6,4.16,2.16,1.79,289.86,2.579876719
20000,965,424,28.4,51.0,4.16,28.6,25400,653,97.8,45400,137000,200,690,76.92,17526,4801.17,204.50,28.6,4.16,2.16,1.79,289.86,3.650357872
4500,958,422,25.9,47.0,4.49,31.4,23100,591,97.3,35100,122000,200,690,76.92,15939,37982.24,46.25,31.4,4.49,2.16,1.81,289.86,0.4196434941
8000,958,422,25.9,47.0,4.49,31.4,23100,591,97.3,35100,122000,200,690,76.92,15939,14218.42,82.22,31.4,4.49,2.16,1.81,289.86,1.121010379
10000,958,422,25.9,47.0,4.49,31.4,23100,591,97.3,35100,122000,200,690,76.92,15939,10112.64,102.77,31.4,4.49,2.16,1.81,289.86,1.576145933
12000,958,422,25.9,47.0,4.49,31.4,23100,591,97.3,35100,122000,200,690,76.92,15939,7796.64,123.33,31.4,4.49,2.16,1.81,289.86,2.044342063
15000,958,422,25.9,47.0,4.49,31.4,23100,591,97.3,35100,122000,200,690,76.92,15939,5791.99,154.16,31.4,4.49,2.16,1.81,289.86,2.751901901
20000,958,422,25.9,47.0,4.49,31.4,23100,591,97.3,35100,122000,200,690,76.92,15939,4065.30,205.55,31.4,4.49,2.16,1.81,289.86,3.920743292
4600,947,424,24.0,42.7,4.96,33.9,21000,541,97.0,26800,111000,200,690,76.92,14490,32792.43,47.42,33.9,4.96,2.13,1.78,289.86,0.4418702139
8000,947,424,24.0,42.7,4.96,33.9,21000,541,97.0,26800,111000,200,690,76.92,14490,12532.48,82.47,33.9,4.96,2.13,1.78,289.86,1.156195654
10000,947,424,24.0,42.7,4.96,33.9,21000,541,97.0,26800,111000,200,690,76.92,14490,8828.02,103.09,33.9,4.96,2.13,1.78,289.86,1.641365341
12000,947,424,24.0,42.7,4.96,33.9,21000,541,97.0,26800,111000,200,690,76.92,14490,6752.81,123.71,33.9,4.96,2.13,1.78,289.86,2.145772977
15000,947,424,24.0,42.7,4.96,33.9,21000,541,97.0,26800,111000,200,690,76.92,14490,4972.20,154.64,33.9,4.96,2.13,1.78,289.86,2.914203481
20000,947,424,24.0,42.7,4.96,33.9,21000,541,97.0,26800,111000,200,690,76.92,14490,3457.55,206.19,33.9,4.96,2.13,1.78,289.86,4.190831708
4500,942,422,22.5,39.9,5.29,36.2,19500,499,96.5,21900,102000,200,690,76.92,13455,31154.14,46.63,36.2,5.29,2.14,1.77,289.86,0.431884812
8000,942,422,22.5,39.9,5.29,36.2,19500,499,96.5,21900,102000,200,690,76.92,13455,11295.27,82.90,36.2,5.29,2.14,1.77,289.86,1.191206904
10000,942,422,22.5,39.9,5.29,36.2,19500,499,96.5,21900,102000,200,690,76.92,13455,7906.28,103.63,36.2,5.29,2.14,1.77,289.86,1.701811206
12000,942,422,22.5,39.9,5.29,36.2,19500,499,96.5,21900,102000,200,690,76.92,13455,6015.61,124.35,36.2,5.29,2.14,1.77,289.86,2.236679204
15000,942,422,22.5,39.9,5.29,36.2,19500,499,96.5,21900,102000,200,690,76.92,13455,4402.11,155.44,36.2,5.29,2.14,1.77,289.86,3.056488711
20000,942,422,22.5,39.9,5.29,36.2,19500,499,96.5,21900,102000,200,690,76.92,13455,3040.73,207.25,36.2,5.29,2.14,1.77,289.86,4.424923874
4600,937,422,21.3,36.7,5.75,38.2,18000,454,95.5,17300,91800,200,690,76.92,12420,26816.52,48.17,38.2,5.75,2.13,1.72,289.86,0.4631473858
8000,937,422,21.3,36.7,5.75,38.2,18000,454,95.5,17300,91800,200,690,76.92,12420,10000.75,83.77,38.2,5.75,2.13,1.72,289.86,1.241906508
10000,937,422,21.3,36.7,5.75,38.2,18000,454,95.5,17300,91800,200,690,76.92,12420,6952.26,104.71,38.2,5.75,2.13,1.72,289.86,1.786469286
12000,937,422,21.3,36.7,5.75,38.2,18000,454,95.5,17300,91800,200,690,76.92,12420,5258.51,125.65,38.2,5.75,2.13,1.72,289.86,2.361887213
15000,937,422,21.3,36.7,5.75,38.2,18000,454,95.5,17300,91800,200,690,76.92,12420,3821.10,157.07,38.2,5.75,2.13,1.72,289.86,3.250376212
20000,937,422,21.3,36.7,5.75,38.2,18000,454,95.5,17300,91800,200,690,76.92,12420,2618.83,209.42,38.2,5.75,2.13,1.72,289.86,4.742584575
4500,932,419,20.3,34.3,6.11,40.1,16900,420,95.0,14400,84900,200,690,76.92,11661,25676.36,47.37,40.1,6.11,2.14,1.69,289.86,0.4541530858
8000,932,419,20.3,34.3,6.11,40.1,16900,420,95.0,14400,84900,200,690,76.92,11661,9101.37,84.21,40.1,6.11,2.14,1.69,289.86,1.281235298
10000,932,419,20.3,34.3,6.11,40.1,16900,420,95.0,14400,84900,200,690,76.92,11661,6293.06,105.26,40.1,6.11,2.14,1.69,289.86,1.852992899
12000,932,419,20.3,34.3,6.11,40.1,16900,420,95.0,14400,84900,200,690,76.92,11661,4737.35,126.32,40.1,6.11,2.14,1.69,289.86,2.461500529
15000,932,419,20.3,34.3,6.11,40.1,16900,420,95.0,14400,84900,200,690,76.92,11661,3422.57,157.89,40.1,6.11,2.14,1.69,289.86,3.407089545
20000,932,419,20.3,34.3,6.11,40.1,16900,420,95.0,14400,84900,200,690,76.92,11661,2330.25,210.53,40.1,6.11,2.14,1.69,289.86,5.004180274
4500,927,419,19.3,32.0,6.54,42.2,15800,391,94.2,11900,78400,200,690,76.92,10902,23658.69,47.77,42.2,6.54,2.14,1.66,289.86,0.46080328
8000,927,419,19.3,32.0,6.54,42.2,15800,391,94.2,11900,78400,200,690,76.92,10902,8305.82,84.93,42.2,6.54,2.14,1.66,289.86,1.312573695
10000,927,419,19.3,32.0,6.54,42.2,15800,391,94.2,11900,78400,200,690,76.92,10902,5711.54,106.16,42.2,6.54,2.14,1.66,289.86,1.908768186
12000,927,419,19.3,32.0,6.54,42.2,15800,391,94.2,11900,78400,200,690,76.92,10902,4278.38,127.39,42.2,6.54,2.14,1.66,289.86,2.548159488
15000,927,419,19.3,32.0,6.54,42.2,15800,391,94.2,11900,78400,200,690,76.92,10902,3072.04,159.24,42.2,6.54,2.14,1.66,289.86,3.548782912
20000,927,419,19.3,32.0,6.54,42.2,15800,391,94.2,11900,78400,200,690,76.92,10902,2076.57,212.31,42.2,6.54,2.14,1.66,289.86,5.249999656
3600,993,323,36.1,65.1,2.48,22.9,26400,367,70.6,71600,78900,200,690,76.92,18216,41001.10,50.99,22.9,2.48,2.87,1.80,289.86,0.4442807122
8000,993,323,36.1,65.1,2.48,22.9,26400,367,70.6,71600,78900,200,690,76.92,18216,12420.03,113.31,22.9,2.48,2.87,1.80,289.86,1.466662962
10000,993,323,36.1,65.1,2.48,22.9,26400,367,70.6,71600,78900,200,690,76.92,18216,9371.95,141.64,22.9,2.48,2.87,1.80,289.86,1.943671806
12000,993,323,36.1,65.1,2.48,22.9,26400,367,70.6,71600,78900,200,690,76.92,18216,7542.35,169.97,22.9,2.48,2.87,1.80,289.86,2.415162389
15000,993,323,36.1,65.1,2.48,22.9,26400,367,70.6,71600,78900,200,690,76.92,18216,5852.89,212.46,22.9,2.48,2.87,1.80,289.86,3.112305985
18000,993,323,36.1,65.1,2.48,22.9,26400,367,70.6,71600,78900,200,690,76.92,18216,4793.50,254.96,22.9,2.48,2.87,1.80,289.86,3.800148802
3500,980,320,33.0,58.8,2.72,25.0,23600,325,69.9,53700,69000,200,690,76.92,16284,37019.86,50.07,25.0,2.72,2.88,1.78,289.86,0.4398719613
8000,980,320,33.0,58.8,2.72,25.0,23600,325,69.9,53700,69000,200,690,76.92,16284,10376.20,114.45,25.0,2.72,2.88,1.78,289.86,1.569360704
10000,980,320,33.0,58.8,2.72,25.0,23600,325,69.9,53700,69000,200,690,76.92,16284,7776.34,143.06,25.0,2.72,2.88,1.78,289.86,2.094045381
12000,980,320,33.0,58.8,2.72,25.0,23600,325,69.9,53700,69000,200,690,76.92,16284,6229.95,171.67,25.0,2.72,2.88,1.78,289.86,2.613825228
15000,980,320,33.0,58.8,2.72,25.0,23600,325,69.9,53700,69000,200,690,76.92,16284,4813.91,214.59,25.0,2.72,2.88,1.78,289.86,3.382693907
18000,980,320,33.0,58.8,2.72,25.0,23600,325,69.9,53700,69000,200,690,76.92,16284,3932.48,257.51,25.0,2.72,2.88,1.78,289.86,4.140897538
3500,970,315,30.0,54.1,2.91,27.5,21300,284,68.6,40900,59600,200,690,76.92,14697,31643.33,51.02,27.5,2.91,2.91,1.80,289.86,0.464458076
8000,970,315,30.0,54.1,2.91,27.5,21300,284,68.6,40900,59600,200,690,76.92,14697,8655.89,116.62,27.5,2.91,2.91,1.80,289.86,1.697918811
10000,970,315,30.0,54.1,2.91,27.5,21300,284,68.6,40900,59600,200,690,76.92,14697,6448.66,145.77,27.5,2.91,2.91,1.80,289.86,2.279077032
12000,970,315,30.0,54.1,2.91,27.5,21300,284,68.6,40900,59600,200,690,76.92,14697,5145.59,174.93,27.5,2.91,2.91,1.80,289.86,2.856234064
15000,970,315,30.0,54.1,2.91,27.5,21300,284,68.6,40900,59600,200,690,76.92,14697,3960.78,218.66,27.5,2.91,2.91,1.80,289.86,3.710634745
18000,970,315,30.0,54.1,2.91,27.5,21300,284,68.6,40900,59600,200,690,76.92,14697,3227.99,262.39,27.5,2.91,2.91,1.80,289.86,4.552994281
3300,960,312,26.9,48.9,3.19,30.6,19000,251,68.1,30300,52100,200,690,76.92,13110,30320.09,48.46,30.6,3.19,2.92,1.82,289.86,0.4323865207
8000,960,312,26.9,48.9,3.19,30.6,19000,251,68.1,30300,52100,200,690,76.92,13110,7232.76,117.47,30.6,3.19,2.92,1.82,289.86,1.812587094
10000,960,312,26.9,48.9,3.19,30.6,19000,251,68.1,30300,52100,200,690,76.92,13110,5344.30,146.84,30.6,3.19,2.92,1.82,289.86,2.453079202
12000,960,312,26.9,48.9,3.19,30.6,19000,251,68.1,30300,52100,200,690,76.92,13110,4240.16,176.21,30.6,3.19,2.92,1.82,289.86,3.091860899
15000,960,312,26.9,48.9,3.19,30.6,19000,251,68.1,30300,52100,200,690,76.92,13110,3245.76,220.26,30.6,3.19,2.92,1.82,289.86,4.039110145
16000,960,312,26.9,48.9,3.19,30.6,19000,251,68.1,30300,52100,200,690,76.92,13110,3012.55,234.95,30.6,3.19,2.92,1.82,289.86,4.351800279
3200,951,310,24.4,43.9,3.53,33.8,17000,220,67.3,22000,45100,200,690,76.92,11730,27493.14,47.55,33.8,3.53,2.93,1.80,289.86,0.426651814
8000,951,310,24.4,43.9,3.53,33.8,17000,220,67.3,22000,45100,200,690,76.92,11730,5991.94,118.87,33.8,3.53,2.93,1.80,289.86,1.957630717
10000,951,310,24.4,43.9,3.53,33.8,17000,220,67.3,22000,45100,200,690,76.92,11730,4387.05,148.59,33.8,3.53,2.93,1.80,289.86,2.673776526
12000,951,310,24.4,43.9,3.53,33.8,17000,220,67.3,22000,45100,200,690,76.92,11730,3457.99,178.31,33.8,3.53,2.93,1.80,289.86,3.392147874
15000,951,310,24.4,43.9,3.53,33.8,17000,220,67.3,22000,45100,200,690,76.92,11730,2629.78,222.88,33.8,3.53,2.93,1.80,289.86,4.460448363
16000,951,310,24.4,43.9,3.53,33.8,17000,220,67.3,22000,45100,200,690,76.92,11730,2436.97,237.74,33.8,3.53,2.93,1.80,289.86,4.813357786
3200,943,307,22.1,39.8,3.86,37.3,15300,195,66.5,16500,39700,200,690,76.92,10557,23990.38,48.12,37.3,3.86,2.94,1.80,289.86,0.4400513058
8000,943,307,22.1,39.8,3.86,37.3,15300,195,66.5,16500,39700,200,690,76.92,10557,5073.24,120.30,37.3,3.86,2.94,1.80,289.86,2.080919531
10000,943,307,22.1,39.8,3.86,37.3,15300,195,66.5,16500,39700,200,690,76.92,10557,3682.45,150.38,37.3,3.86,2.94,1.80,289.86,2.866844546
12000,943,307,22.1,39.8,3.86,37.3,15300,195,66.5,16500,39700,200,690,76.92,10557,2884.19,180.45,37.3,3.86,2.94,1.80,289.86,3.660299332
15000,943,307,22.1,39.8,3.86,37.3,15300,195,66.5,16500,39700,200,690,76.92,10557,2179.15,225.56,37.3,3.86,2.94,1.80,289.86,4.844539422
16000,943,307,22.1,39.8,3.86,37.3,15300,195,66.5,16500,39700,200,690,76.92,10557,2016.15,240.60,37.3,3.86,2.94,1.80,289.86,5.236224936
3000,932,310,21.1,34.6,4.48,39.1,13700,171,65.5,11700,34400,200,690,76.92,9453,23313.56,45.80,39.1,4.48,2.89,1.64,289.86,0.4054721251
8000,932,310,21.1,34.6,4.48,39.1,13700,171,65.5,11700,34400,200,690,76.92,9453,4212.91,122.14,39.1,4.48,2.89,1.64,289.86,2.24381477
10000,932,310,21.1,34.6,4.48,39.1,13700,171,65.5,11700,34400,200,690,76.92,9453,3024.34,152.67,39.1,4.48,2.89,1.64,289.86,3.125640035
12000,932,310,21.1,34.6,4.48,39.1,13700,171,65.5,11700,34400,200,690,76.92,9453,2348.87,183.21,39.1,4.48,2.89,1.64,289.86,4.024480703
15000,932,310,21.1,34.6,4.48,39.1,13700,171,65.5,11700,34400,200,690,76.92,9453,1758.97,229.01,39.1,4.48,2.89,1.64,289.86,5.374165406
16000,932,310,21.1,34.6,4.48,39.1,13700,171,65.5,11700,34400,200,690,76.92,9453,1623.77,244.27,39.1,4.48,2.89,1.64,289.86,5.82164117
3000,927,307,19.4,31.9,4.81,42.4,12600,156,65.0,9240,31200,200,690,76.92,8694,21060.02,46.15,42.4,4.81,2.92,1.64,289.86,0.4128200371
4500,927,307,19.4,31.9,4.81,42.4,12600,156,65.0,9240,31200,200,690,76.92,8694,9895.17,69.23,42.4,4.81,2.92,1.64,289.86,0.8786105332
6000,927,307,19.4,31.9,4.81,42.4,12600,156,65.0,9240,31200,200,690,76.92,8694,5961.99,92.31,42.4,4.81,2.92,1.64,289.86,1.458237935
8000,927,307,19.4,31.9,4.81,42.4,12600,156,65.0,9240,31200,200,690,76.92,8694,3716.77,123.08,42.4,4.81,2.92,1.64,289.86,2.339130022
9000,927,307,19.4,31.9,4.81,42.4,12600,156,65.0,9240,31200,200,690,76.92,8694,3097.97,138.46,42.4,4.81,2.92,1.64,289.86,2.806350307
10000,927,307,19.4,31.9,4.81,42.4,12600,156,65.0,9240,31200,200,690,76.92,8694,2647.74,153.85,42.4,4.81,2.92,1.64,289.86,3.283555489
3000,922,307,18.4,30.0,5.12,44.8,11800,144,64.8,7700,28700,200,690,76.92,8142,19320.16,46.30,44.8,5.12,2.91,1.63,289.86,0.4214251139
4500,922,307,18.4,30.0,5.12,44.8,11800,144,64.8,7700,28700,200,690,76.92,8142,9036.52,69.44,44.8,5.12,2.91,1.63,289.86,0.9010108085
6000,922,307,18.4,30.0,5.12,44.8,11800,144,64.8,7700,28700,200,690,76.92,8142,5417.43,92.59,44.8,5.12,2.91,1.63,289.86,1.502926832
8000,922,307,18.4,30.0,5.12,44.8,11800,144,64.8,7700,28700,200,690,76.92,8142,3355.76,123.46,44.8,5.12,2.91,1.63,289.86,2.426275381
9000,922,307,18.4,30.0,5.12,44.8,11800,144,64.8,7700,28700,200,690,76.92,8142,2789.07,138.89,44.8,5.12,2.91,1.63,289.86,2.919256384
10000,922,307,18.4,30.0,5.12,44.8,11800,144,64.8,7700,28700,200,690,76.92,8142,2377.54,154.32,44.8,5.12,2.91,1.63,289.86,3.424550882
3000,919,305,17.3,27.9,5.47,47.7,10900,133,64.3,6290,26500,200,690,76.92,7521,17753.06,46.66,47.7,5.47,2.92,1.61,289.86,0.4236452958
4500,919,305,17.3,27.9,5.47,47.7,10900,133,64.3,6290,26500,200,690,76.92,7521,8260.54,69.98,47.7,5.47,2.92,1.61,289.86,0.9104733205
6000,919,305,17.3,27.9,5.47,47.7,10900,133,64.3,6290,26500,200,690,76.92,7521,4923.37,93.31,47.7,5.47,2.92,1.61,289.86,1.527610726
8000,919,305,17.3,27.9,5.47,47.7,10900,133,64.3,6290,26500,200,690,76.92,7521,3026.50,124.42,47.7,5.47,2.92,1.61,289.86,2.485046117
9000,919,305,17.3,27.9,5.47,47.7,10900,133,64.3,6290,26500,200,690,76.92,7521,2506.63,139.97,47.7,5.47,2.92,1.61,289.86,3.000443335
10000,919,305,17.3,27.9,5.47,47.7,10900,133,64.3,6290,26500,200,690,76.92,7521,2129.92,155.52,47.7,5.47,2.92,1.61,289.86,3.531110434
3000,914,305,16.5,25.9,5.88,49.9,10200,123,63.5,5160,24200,200,690,76.92,7038,16251.04,47.24,49.9,5.88,2.91,1.57,289.86,0.4330799835
4500,914,305,16.5,25.9,5.88,49.9,10200,123,63.5,5160,24200,200,690,76.92,7038,7530.23,70.87,49.9,5.88,2.91,1.57,289.86,0.9346327361
6000,914,305,16.5,25.9,5.88,49.9,10200,123,63.5,5160,24200,200,690,76.92,7038,4466.71,94.49,49.9,5.88,2.91,1.57,289.86,1.575657969
8000,914,305,16.5,25.9,5.88,49.9,10200,123,63.5,5160,24200,200,690,76.92,7038,2728.24,125.98,49.9,5.88,2.91,1.57,289.86,2.579683853
9000,914,305,16.5,25.9,5.88,49.9,10200,123,63.5,5160,24200,200,690,76.92,7038,2252.85,141.73,49.9,5.88,2.91,1.57,289.86,3.124043971
10000,914,305,16.5,25.9,5.88,49.9,10200,123,63.5,5160,24200,200,690,76.92,7038,1908.97,157.48,49.9,5.88,2.91,1.57,289.86,3.686814373
3000,912,305,15.9,23.9,6.37,51.9,9520,112,62.7,4200,22100,200,690,76.92,6568.8,14763.10,47.85,51.9,6.37,2.91,1.51,289.86,0.4449473311
4500,912,305,15.9,23.9,6.37,51.9,9520,112,62.7,4200,22100,200,690,76.92,6568.8,6812.82,71.77,51.9,6.37,2.91,1.51,289.86,0.9641829122
6000,912,305,15.9,23.9,6.37,51.9,9520,112,62.7,4200,22100,200,690,76.92,6568.8,4021.87,95.69,51.9,6.37,2.91,1.51,289.86,1.633270169
8000,912,305,15.9,23.9,6.37,51.9,9520,112,62.7,4200,22100,200,690,76.92,6568.8,2440.47,127.59,51.9,6.37,2.91,1.51,289.86,2.691607342
9000,912,305,15.9,23.9,6.37,51.9,9520,112,62.7,4200,22100,200,690,76.92,6568.8,2008.94,143.54,51.9,6.37,2.91,1.51,289.86,3.26978098
10000,912,305,15.9,23.9,6.37,51.9,9520,112,62.7,4200,22100,200,690,76.92,6568.8,1697.29,159.49,51.9,6.37,2.91,1.51,289.86,3.870158216
2800,904,305,15.2,20.2,7.56,54.1,8340,94,60.5,2910,18300,200,690,76.92,5754.6,13985.68,46.28,54.1,7.56,2.90,1.33,289.86,0.4114636025
4500,904,305,15.2,20.2,7.56,54.1,8340,94,60.5,2910,18300,200,690,76.92,5754.6,5609.75,74.38,54.1,7.56,2.90,1.33,289.86,1.025821757
6000,904,305,15.2,20.2,7.56,54.1,8340,94,60.5,2910,18300,200,690,76.92,5754.6,3289.46,99.17,54.1,7.56,2.90,1.33,289.86,1.74940762
8000,904,305,15.2,20.2,7.56,54.1,8340,94,60.5,2910,18300,200,690,76.92,5754.6,1977.21,132.23,54.1,7.56,2.90,1.33,289.86,2.910459329
9000,904,305,15.2,20.2,7.56,54.1,8340,94,60.5,2910,18300,200,690,76.92,5754.6,1620.09,148.76,54.1,7.56,2.90,1.33,289.86,3.55202049
10000,904,305,15.2,20.2,7.56,54.1,8340,94,60.5,2910,18300,200,690,76.92,5754.6,1362.74,165.29,54.1,7.56,2.90,1.33,289.86,4.222816971
4500,914,411,32.0,57.9,3.55,23.7,25600,674,95.8,61600,123000,200,690,76.92,17664,43429.02,46.97,23.7,3.55,2.08,1.81,289.86,0.4067326764
4500,914,411,32.0,57.9,3.55,23.7,25600,674,95.8,61600,123000,200,690,76.92,17664,43429.02,46.97,23.7,3.55,2.08,1.81,289.86,0.4067326764
6000,914,411,32.0,57.9,3.55,23.7,25600,674,95.8,61600,123000,200,690,76.92,17664,26985.99,62.63,23.7,3.55,2.08,1.81,289.86,0.6545619212
8000,914,411,32.0,57.9,3.55,23.7,25600,674,95.8,61600,123000,200,690,76.92,17664,17446.38,83.51,23.7,3.55,2.08,1.81,289.86,1.012473649
9000,914,411,32.0,57.9,3.55,23.7,25600,674,95.8,61600,123000,200,690,76.92,17664,14766.59,93.95,23.7,3.55,2.08,1.81,289.86,1.196213513
12000,914,411,32.0,57.9,3.55,23.7,25600,674,95.8,61600,123000,200,690,76.92,17664,10092.68,125.26,23.7,3.55,2.08,1.81,289.86,1.750179522
4500,904,409,29.5,53.1,3.85,25.7,23300,608,95.0,47900,110000,200,690,76.92,16077,38279.50,47.37,25.7,3.85,2.08,1.80,289.86,0.4199898367
4500,904,409,29.5,53.1,3.85,25.7,23300,608,95.0,47900,110000,200,690,76.92,16077,38279.50,47.37,25.7,3.85,2.08,1.80,289.86,0.4199898367
6000,904,409,29.5,53.1,3.85,25.7,23300,608,95.0,47900,110000,200,690,76.92,16077,23576.70,63.16,25.7,3.85,2.08,1.80,289.86,0.6819020666
8000,904,409,29.5,53.1,3.85,25.7,23300,608,95.0,47900,110000,200,690,76.92,16077,15091.52,84.21,25.7,3.85,2.08,1.80,289.86,1.065300146
9000,904,409,29.5,53.1,3.85,25.7,23300,608,95.0,47900,110000,200,690,76.92,16077,12721.98,94.74,25.7,3.85,2.08,1.80,289.86,1.263718765
12000,904,409,29.5,53.1,3.85,25.7,23300,608,95.0,47900,110000,200,690,76.92,16077,8617.77,126.32,25.7,3.85,2.08,1.80,289.86,1.865563027
4500,894,406,26.4,48.0,4.23,28.7,20800,537,94.2,35100,95900,200,690,76.92,14352,32898.18,47.77,28.7,4.23,2.08,1.82,289.86,0.4362551394
4500,894,406,26.4,48.0,4.23,28.7,20800,537,94.2,35100,95900,200,690,76.92,14352,32898.18,47.77,28.7,4.23,2.08,1.82,289.86,0.4362551394
6000,894,406,26.4,48.0,4.23,28.7,20800,537,94.2,35100,95900,200,690,76.92,14352,20053.22,63.69,28.7,4.23,2.08,1.82,289.86,0.7156956313
8000,894,406,26.4,48.0,4.23,28.7,20800,537,94.2,35100,95900,200,690,76.92,14352,12681.15,84.93,28.7,4.23,2.08,1.82,289.86,1.131758784
9000,894,406,26.4,48.0,4.23,28.7,20800,537,94.2,35100,95900,200,690,76.92,14352,10635.78,95.54,28.7,4.23,2.08,1.82,289.86,1.349407417
12000,894,406,26.4,48.0,4.23,28.7,20800,537,94.2,35100,95900,200,690,76.92,14352,7121.37,127.39,28.7,4.23,2.08,1.82,289.86,2.015343815
4500,884,404,24.4,43.9,4.60,31.0,19000,483,93.5,27100,85700,200,690,76.92,13110,29041.36,48.13,31.0,4.60,2.08,1.80,289.86,0.4514251729
4500,884,404,24.4,43.9,4.60,31.0,19000,483,93.5,27100,85700,200,690,76.92,13110,29041.36,48.13,31.0,4.60,2.08,1.80,289.86,0.4514251729
6000,884,404,24.4,43.9,4.60,31.0,19000,483,93.5,27100,85700,200,690,76.92,13110,17558.67,64.17,31.0,4.60,2.08,1.80,289.86,0.7466395254
8000,884,404,24.4,43.9,4.60,31.0,19000,483,93.5,27100,85700,200,690,76.92,13110,10993.90,85.56,31.0,4.60,2.08,1.80,289.86,1.192479582
9000,884,404,24.4,43.9,4.60,31.0,19000,483,93.5,27100,85700,200,690,76.92,13110,9181.14,96.26,31.0,4.60,2.08,1.80,289.86,1.427926933
12000,884,404,24.4,43.9,4.60,31.0,19000,483,93.5,27100,85700,200,690,76.92,13110,6085.51,128.34,31.0,4.60,2.08,1.80,289.86,2.154298249
4000,876,401,22.1,39.9,5.03,34.3,17000,433,93.0,20300,75500,200,690,76.92,11730,31575.93,43.01,34.3,5.03,2.09,1.80,289.86,0.3714854867
4500,876,401,22.1,39.9,5.03,34.3,17000,433,93.0,20300,75500,200,690,76.92,11730,25420.18,48.39,34.3,5.03,2.09,1.80,289.86,0.4614444939
6000,876,401,22.1,39.9,5.03,34.3,17000,433,93.0,20300,75500,200,690,76.92,11730,15241.13,64.52,34.3,5.03,2.09,1.80,289.86,0.7696280003
8000,876,401,22.1,39.9,5.03,34.3,17000,433,93.0,20300,75500,200,690,76.92,11730,9442.24,86.02,34.3,5.03,2.09,1.80,289.86,1.24229056
9000,876,401,22.1,39.9,5.03,34.3,17000,433,93.0,20300,75500,200,690,76.92,11730,7848.20,96.77,34.3,5.03,2.09,1.80,289.86,1.494611163
12000,876,401,22.1,39.9,5.03,34.3,17000,433,93.0,20300,75500,200,690,76.92,11730,5142.71,129.03,34.3,5.03,2.09,1.80,289.86,2.280896375
4000,869,404,21.1,35.7,5.66,35.9,15400,388,91.9,15100,67400,200,690,76.92,10626,27901.15,43.53,35.9,5.66,2.06,1.69,289.86,0.380844559
4500,869,404,21.1,35.7,5.66,35.9,15400,388,91.9,15100,67400,200,690,76.92,10626,22401.34,48.97,35.9,5.66,2.06,1.69,289.86,0.4743465871
6000,869,404,21.1,35.7,5.66,35.9,15400,388,91.9,15100,67400,200,690,76.92,10626,13316.61,65.29,35.9,5.66,2.06,1.69,289.86,0.7979509093
8000,869,404,21.1,35.7,5.66,35.9,15400,388,91.9,15100,67400,200,690,76.92,10626,8157.52,87.05,35.9,5.66,2.06,1.69,289.86,1.302602452
9000,869,404,21.1,35.7,5.66,35.9,15400,388,91.9,15100,67400,200,690,76.92,10626,6745.33,97.93,35.9,5.66,2.06,1.69,289.86,1.575313232
12000,869,404,21.1,35.7,5.66,35.9,15400,388,91.9,15100,67400,200,690,76.92,10626,4362.86,130.58,35.9,5.66,2.06,1.69,289.86,2.435557523
4000,861,401,19.7,32.3,6.20,38.5,14000,350,91.2,11600,60200,200,690,76.92,9660,24828.62,43.86,38.5,6.20,2.07,1.64,289.86,0.3890671969
4500,861,401,19.7,32.3,6.20,38.5,14000,350,91.2,11600,60200,200,690,76.92,9660,19895.17,49.34,38.5,6.20,2.07,1.64,289.86,0.485545022
6000,861,401,19.7,32.3,6.20,38.5,14000,350,91.2,11600,60200,200,690,76.92,9660,11751.43,65.79,38.5,6.20,2.07,1.64,289.86,0.8220279525
8000,861,401,19.7,32.3,6.20,38.5,14000,350,91.2,11600,60200,200,690,76.92,9660,7136.27,87.72,38.5,6.20,2.07,1.64,289.86,1.353647917
9000,861,401,19.7,32.3,6.20,38.5,14000,350,91.2,11600,60200,200,690,76.92,9660,5876.59,98.68,38.5,6.20,2.07,1.64,289.86,1.643811664
12000,861,401,19.7,32.3,6.20,38.5,14000,350,91.2,11600,60200,200,690,76.92,9660,3760.46,131.58,38.5,6.20,2.07,1.64,289.86,2.568835232
4000,856,399,18.2,29.1,6.85,41.7,12700,312,90.4,8660,53200,200,690,76.92,8763,21852.83,44.25,41.7,6.85,2.07,1.60,289.86,0.4010006256
4500,856,399,18.2,29.1,6.85,41.7,12700,312,90.4,8660,53200,200,690,76.92,8763,17476.46,49.78,41.7,6.85,2.07,1.60,289.86,0.5014172175
6000,856,399,18.2,29.1,6.85,41.7,12700,312,90.4,8660,53200,200,690,76.92,8763,10256.47,66.37,41.7,6.85,2.07,1.60,289.86,0.854387792
8000,856,399,18.2,29.1,6.85,41.7,12700,312,90.4,8660,53200,200,690,76.92,8763,6172.30,88.50,41.7,6.85,2.07,1.60,289.86,1.41973111
9000,856,399,18.2,29.1,6.85,41.7,12700,312,90.4,8660,53200,200,690,76.92,8763,5060.45,99.56,41.7,6.85,2.07,1.60,289.86,1.731664111
12000,856,399,18.2,29.1,6.85,41.7,12700,312,90.4,8660,53200,200,690,76.92,8763,3200.25,132.74,41.7,6.85,2.07,1.60,289.86,2.738220717
3000,859,292,17.0,31.0,4.71,44.7,10300,129,63.5,7370,22100,200,690,76.92,7107,16213.27,47.24,44.7,4.71,2.84,1.82,289.86,0.4383446198
4500,859,292,17.0,31.0,4.71,44.7,10300,129,63.5,7370,22100,200,690,76.92,7107,7663.00,70.87,44.7,4.71,2.84,1.82,289.86,0.9274436992
6000,859,292,17.0,31.0,4.71,44.7,10300,129,63.5,7370,22100,200,690,76.92,7107,4646.56,94.49,44.7,4.71,2.84,1.82,289.86,1.529517894
8000,859,292,17.0,31.0,4.71,44.7,10300,129,63.5,7370,22100,200,690,76.92,7107,2919.74,125.98,44.7,4.71,2.84,1.82,289.86,2.434120216
9000,859,292,17.0,31.0,4.71,44.7,10300,129,63.5,7370,22100,200,690,76.92,7107,2442.12,141.73,44.7,4.71,2.84,1.82,289.86,2.910177892
12000,859,292,17.0,31.0,4.71,44.7,10300,129,63.5,7370,22100,200,690,76.92,7107,1624.71,188.98,44.7,4.71,2.84,1.82,289.86,4.374306573
3000,851,295,16.1,26.9,5.48,47.2,9160,114,62.7,5160,19300,200,690,76.92,6320.4,14094.66,47.85,47.2,5.48,2.79,1.67,289.86,0.4484252919
4500,851,295,16.1,26.9,5.48,47.2,9160,114,62.7,5160,19300,200,690,76.92,6320.4,6591.40,71.77,47.2,5.48,2.79,1.67,289.86,0.9588857638
6000,851,295,16.1,26.9,5.48,47.2,9160,114,62.7,5160,19300,200,690,76.92,6320.4,3950.89,95.69,47.2,5.48,2.79,1.67,289.86,1.599740349
8000,851,295,16.1,26.9,5.48,47.2,9160,114,62.7,5160,19300,200,690,76.92,6320.4,2446.79,127.59,47.2,5.48,2.79,1.67,289.86,2.583142199
9000,851,295,16.1,26.9,5.48,47.2,9160,114,62.7,5160,19300,200,690,76.92,6320.4,2033.39,143.54,47.2,5.48,2.79,1.67,289.86,3.108308866
12000,851,295,16.1,26.9,5.48,47.2,9160,114,62.7,5160,19300,200,690,76.92,6320.4,1331.89,191.39,47.2,5.48,2.79,1.67,289.86,4.745438536
3000,846,292,15.4,24.3,6.01,49.6,8420,102,61.7,4040,17300,200,690,76.92,5809.8,12553.88,48.62,49.6,6.01,2.81,1.58,289.86,0.4627892012
4500,846,292,15.4,24.3,6.01,49.6,8420,102,61.7,4040,17300,200,690,76.92,5809.8,5837.53,72.93,49.6,6.01,2.81,1.58,289.86,0.9952501813
6000,846,292,15.4,24.3,6.01,49.6,8420,102,61.7,4040,17300,200,690,76.92,5809.8,3476.64,97.24,49.6,6.01,2.81,1.58,289.86,1.671096552
8000,846,292,15.4,24.3,6.01,49.6,8420,102,61.7,4040,17300,200,690,76.92,5809.8,2135.05,129.66,49.6,6.01,2.81,1.58,289.86,2.721155525
9000,846,292,15.4,24.3,6.01,49.6,8420,102,61.7,4040,17300,200,690,76.92,5809.8,1767.49,145.87,49.6,6.01,2.81,1.58,289.86,3.287029552
12000,846,292,15.4,24.3,6.01,49.6,8420,102,61.7,4040,17300,200,690,76.92,5809.8,1146.60,194.49,49.6,6.01,2.81,1.58,289.86,5.066972709
2800,841,292,14.7,21.7,6.73,51.7,7650,91,60.7,3070,15200,200,690,76.92,5278.5,12618.71,46.13,51.7,6.73,2.81,1.48,289.86,0.418307552
4500,841,292,14.7,21.7,6.73,51.7,7650,91,60.7,3070,15200,200,690,76.92,5278.5,5105.25,74.14,51.7,6.73,2.81,1.48,289.86,1.033935386
6000,841,292,14.7,21.7,6.73,51.7,7650,91,60.7,3070,15200,200,690,76.92,5278.5,3021.33,98.85,51.7,6.73,2.81,1.48,289.86,1.747077136
8000,841,292,14.7,21.7,6.73,51.7,7650,91,60.7,3070,15200,200,690,76.92,5278.5,1839.64,131.80,51.7,6.73,2.81,1.48,289.86,2.86930528
9000,841,292,14.7,21.7,6.73,51.7,7650,91,60.7,3070,15200,200,690,76.92,5278.5,1516.84,148.27,51.7,6.73,2.81,1.48,289.86,3.479938888
12000,841,292,14.7,21.7,6.73,51.7,7650,91,60.7,3070,15200,200,690,76.92,5278.5,973.87,197.69,51.7,6.73,2.81,1.48,289.86,5.42011682
2800,836,292,14.0,18.8,7.76,54.5,6800,78,58.9,2210,13000,200,690,76.92,4692,10758.30,47.54,54.5,7.76,2.80,1.34,289.86,0.436128369
4500,836,292,14.0,18.8,7.76,54.5,6800,78,58.9,2210,13000,200,690,76.92,4692,4324.89,76.40,54.5,7.76,2.80,1.34,289.86,1.084882636
6000,836,292,14.0,18.8,7.76,54.5,6800,78,58.9,2210,13000,200,690,76.92,4692,2542.20,101.87,54.5,7.76,2.80,1.34,289.86,1.845649035
8000,836,292,14.0,18.8,7.76,54.5,6800,78,58.9,2210,13000,200,690,76.92,4692,1533.34,135.82,54.5,7.76,2.80,1.34,289.86,3.059991637
9000,836,292,14.0,18.8,7.76,54.5,6800,78,58.9,2210,13000,200,690,76.92,4692,1258.52,152.80,54.5,7.76,2.80,1.34,289.86,3.72817803
10000,836,292,14.0,18.8,7.76,54.5,6800,78,58.9,2210,13000,200,690,76.92,4692,1060.33,169.78,54.5,7.76,2.80,1.34,289.86,4.425018004
4500,843,396,34.5,62.1,3.19,19.7,23800,645,93.2,72000,98300,200,690,76.92,16422,40391.35,48.28,19.7,3.19,1.97,1.80,289.86,0.4065722197
4500,843,396,34.5,62.1,3.19,19.7,23800,645,93.2,72000,98300,200,690,76.92,16422,40391.35,48.28,19.7,3.19,1.97,1.80,289.86,0.4065722197
6000,843,396,34.5,62.1,3.19,19.7,23800,645,93.2,72000,98300,200,690,76.92,16422,25753.95,64.38,19.7,3.19,1.97,1.80,289.86,0.6376497867
8000,843,396,34.5,62.1,3.19,19.7,23800,645,93.2,72000,98300,200,690,76.92,16422,17105.07,85.84,19.7,3.19,1.97,1.80,289.86,0.9600660552
9000,843,396,34.5,62.1,3.19,19.7,23800,645,93.2,72000,98300,200,690,76.92,16422,14629.19,96.57,19.7,3.19,1.97,1.80,289.86,1.122550414
12000,843,396,34.5,62.1,3.19,19.7,23800,645,93.2,72000,98300,200,690,76.92,16422,10221.57,128.76,19.7,3.19,1.97,1.80,289.86,1.606602887
4300,833,394,31.5,57.1,3.45,21.6,21600,579,92.5,55800,87000,200,690,76.92,14904,37954.22,46.49,21.6,3.45,1.97,1.81,289.86,0.3926836295
4500,833,394,31.5,57.1,3.45,21.6,21600,579,92.5,55800,87000,200,690,76.92,14904,35172.94,48.65,21.6,3.45,1.97,1.81,289.86,0.4237348643
6000,833,394,31.5,57.1,3.45,21.6,21600,579,92.5,55800,87000,200,690,76.92,14904,22220.43,64.86,21.6,3.45,1.97,1.81,289.86,0.6707339561
8000,833,394,31.5,57.1,3.45,21.6,21600,579,92.5,55800,87000,200,690,76.92,14904,14621.03,86.49,21.6,3.45,1.97,1.81,289.86,1.019353906
9000,833,394,31.5,57.1,3.45,21.6,21600,579,92.5,55800,87000,200,690,76.92,14904,12460.81,97.30,21.6,3.45,1.97,1.81,289.86,1.196070358
12000,833,394,31.5,57.1,3.45,21.6,21600,579,92.5,55800,87000,200,690,76.92,14904,8643.29,129.73,21.6,3.45,1.97,1.81,289.86,1.724342946
4300,823,391,29.0,52.1,3.75,23.4,19500,516,91.4,42900,77100,200,690,76.92,13455,33016.11,47.05,23.4,3.75,1.97,1.80,289.86,0.4075283622
4500,823,391,29.0,52.1,3.75,23.4,19500,516,91.4,42900,77100,200,690,76.92,13455,30554.41,49.23,23.4,3.75,1.97,1.80,289.86,0.4403619189
6000,823,391,29.0,52.1,3.75,23.4,19500,516,91.4,42900,77100,200,690,76.92,13455,19117.72,65.65,23.4,3.75,1.97,1.80,289.86,0.70379719
8000,823,391,29.0,52.1,3.75,23.4,19500,516,91.4,42900,77100,200,690,76.92,13455,12452.84,87.53,23.4,3.75,1.97,1.80,289.86,1.080476065
9000,823,391,29.0,52.1,3.75,23.4,19500,516,91.4,42900,77100,200,690,76.92,13455,10571.53,98.47,23.4,3.75,1.97,1.80,289.86,1.272758119
12000,823,391,29.0,52.1,3.75,23.4,19500,516,91.4,42900,77100,200,690,76.92,13455,7272.24,131.29,23.4,3.75,1.97,1.80,289.86,1.850185877
4300,813,389,25.9,47.2,4.12,26.2,17400,458,90.9,31300,67100,200,690,76.92,12006,28338.81,47.30,26.2,4.12,1.97,1.82,289.86,0.4236593573
4500,813,389,25.9,47.2,4.12,26.2,17400,458,90.9,31300,67100,200,690,76.92,12006,26183.74,49.50,26.2,4.12,1.97,1.82,289.86,0.4585287634
6000,813,389,25.9,47.2,4.12,26.2,17400,458,90.9,31300,67100,200,690,76.92,12006,16196.31,66.01,26.2,4.12,1.97,1.82,289.86,0.7412801055
8000,813,389,25.9,47.2,4.12,26.2,17400,458,90.9,31300,67100,200,690,76.92,12006,10418.01,88.01,26.2,4.12,1.97,1.82,289.86,1.152427138
9000,813,389,25.9,47.2,4.12,26.2,17400,458,90.9,31300,67100,200,690,76.92,12006,8799.81,99.01,26.2,4.12,1.97,1.82,289.86,1.364348023
12000,813,389,25.9,47.2,4.12,26.2,17400,458,90.9,31300,67100,200,690,76.92,12006,5987.52,132.01,26.2,4.12,1.97,1.82,289.86,2.005170728
4000,803,386,23.6,42.0,4.59,28.7,15500,399,89.7,22500,57700,200,690,76.92,10695,27341.16,44.59,28.7,4.59,1.97,1.78,289.86,0.3911684355
4500,803,386,23.6,42.0,4.59,28.7,15500,399,89.7,22500,57700,200,690,76.92,10695,22156.95,50.17,28.7,4.59,1.97,1.78,289.86,0.4826928961
6000,803,386,23.6,42.0,4.59,28.7,15500,399,89.7,22500,57700,200,690,76.92,10695,13555.90,66.89,28.7,4.59,1.97,1.78,289.86,0.7889553841
8000,803,386,23.6,42.0,4.59,28.7,15500,399,89.7,22500,57700,200,690,76.92,10695,8610.16,89.19,28.7,4.59,1.97,1.78,289.86,1.24213679
9000,803,386,23.6,42.0,4.59,28.7,15500,399,89.7,22500,57700,200,690,76.92,10695,7234.87,100.33,28.7,4.59,1.97,1.78,289.86,1.478257314
12000,803,386,23.6,42.0,4.59,28.7,15500,399,89.7,22500,57700,200,690,76.92,10695,4865.08,133.78,28.7,4.59,1.97,1.78,289.86,2.198318717
4000,795,384,21.1,38.2,5.02,32.2,13900,356,89.2,16800,51000,200,690,76.92,9591,23908.78,44.84,32.2,5.02,1.97,1.81,289.86,0.4011497528
4500,795,384,21.1,38.2,5.02,32.2,13900,356,89.2,16800,51000,200,690,76.92,9591,19313.67,50.45,32.2,5.02,1.97,1.81,289.86,0.4965913977
6000,795,384,21.1,38.2,5.02,32.2,13900,356,89.2,16800,51000,200,690,76.92,9591,11703.18,67.26,32.2,5.02,1.97,1.81,289.86,0.8195206029
8000,795,384,21.1,38.2,5.02,32.2,13900,356,89.2,16800,51000,200,690,76.92,9591,7347.78,89.69,32.2,5.02,1.97,1.81,289.86,1.305292723
9000,795,384,21.1,38.2,5.02,32.2,13900,356,89.2,16800,51000,200,690,76.92,9591,6143.58,100.90,32.2,5.02,1.97,1.81,289.86,1.56114114
12000,795,384,21.1,38.2,5.02,32.2,13900,356,89.2,16800,51000,200,690,76.92,9591,4083.77,134.53,32.2,5.02,1.97,1.81,289.86,2.348566377
4000,785,384,19.7,33.4,5.74,34.5,12300,315,88.6,11800,44600,200,690,76.92,8487,20675.80,45.15,34.5,5.74,1.96,1.70,289.86,0.4104799588
4500,785,384,19.7,33.4,5.74,34.5,12300,315,88.6,11800,44600,200,690,76.92,8487,16640.83,50.79,34.5,5.74,1.96,1.70,289.86,0.510010501
6000,785,384,19.7,33.4,5.74,34.5,12300,315,88.6,11800,44600,200,690,76.92,8487,9969.40,67.72,34.5,5.74,1.96,1.70,289.86,0.8513047431
8000,785,384,19.7,33.4,5.74,34.5,12300,315,88.6,11800,44600,200,690,76.92,8487,6169.95,90.29,34.5,5.74,1.96,1.70,289.86,1.37553813
9000,785,384,19.7,33.4,5.74,34.5,12300,315,88.6,11800,44600,200,690,76.92,8487,5125.96,101.58,34.5,5.74,1.96,1.70,289.86,1.655691261
12000,785,384,19.7,33.4,5.74,34.5,12300,315,88.6,11800,44600,200,690,76.92,8487,3355.05,135.44,34.5,5.74,1.96,1.70,289.86,2.529619455
4000,780,381,18.0,30.0,6.35,37.7,11100,280,87.9,8740,39200,200,690,76.92,7659,18070.51,45.51,37.7,6.35,1.97,1.67,289.86,0.4238397561
4500,780,381,18.0,30.0,6.35,37.7,11100,280,87.9,8740,39200,200,690,76.92,7659,14507.53,51.19,37.7,6.35,1.97,1.67,289.86,0.5279327443
6000,780,381,18.0,30.0,6.35,37.7,11100,280,87.9,8740,39200,200,690,76.92,7659,8622.24,68.26,37.7,6.35,1.97,1.67,289.86,0.8882839956
8000,780,381,18.0,30.0,6.35,37.7,11100,280,87.9,8740,39200,200,690,76.92,7659,5280.32,91.01,37.7,6.35,1.97,1.67,289.86,1.450481612
9000,780,381,18.0,30.0,6.35,37.7,11100,280,87.9,8740,39200,200,690,76.92,7659,4365.63,102.39,37.7,6.35,1.97,1.67,289.86,1.75438763
12000,780,381,18.0,30.0,6.35,37.7,11100,280,87.9,8740,39200,200,690,76.92,7659,2822.71,136.52,37.7,6.35,1.97,1.67,289.86,2.713352986
3800,772,381,16.6,27.1,7.04,40.8,9950,249,86.9,6490,34600,200,690,76.92,6865.5,17476.84,43.73,40.8,7.04,1.96,1.63,289.86,0.3928341758
4500,772,381,16.6,27.1,7.04,40.8,9950,249,86.9,6490,34600,200,690,76.92,6865.5,12699.61,51.78,40.8,7.04,1.96,1.63,289.86,0.5406071728
6000,772,381,16.6,27.1,7.04,40.8,9950,249,86.9,6490,34600,200,690,76.92,6865.5,7493.16,69.04,40.8,7.04,1.96,1.63,289.86,0.9162356569
8000,772,381,16.6,27.1,7.04,40.8,9950,249,86.9,6490,34600,200,690,76.92,6865.5,4543.56,92.06,40.8,7.04,1.96,1.63,289.86,1.511039456
9000,772,381,16.6,27.1,7.04,40.8,9950,249,86.9,6490,34600,200,690,76.92,6865.5,3738.85,103.57,40.8,7.04,1.96,1.63,289.86,1.836260572
12000,772,381,16.6,27.1,7.04,40.8,9950,249,86.9,6490,34600,200,690,76.92,6865.5,2387.97,138.09,40.8,7.04,1.96,1.63,289.86,2.875038124
2500,780,267,16.5,30.1,4.44,41.6,8190,95,57.9,6040,13300,200,690,76.92,5651.1,15457.72,43.18,41.6,4.44,2.81,1.82,289.86,0.3655843842
4500,780,267,16.5,30.1,4.44,41.6,8190,95,57.9,6040,13300,200,690,76.92,5651.1,5276.30,77.72,41.6,4.44,2.81,1.82,289.86,1.071035135
6000,780,267,16.5,30.1,4.44,41.6,8190,95,57.9,6040,13300,200,690,76.92,5651.1,3258.22,103.63,41.6,4.44,2.81,1.82,289.86,1.734411363
8000,780,267,16.5,30.1,4.44,41.6,8190,95,57.9,6040,13300,200,690,76.92,5651.1,2091.81,138.17,41.6,4.44,2.81,1.82,289.86,2.701530423
9000,780,267,16.5,30.1,4.44,41.6,8190,95,57.9,6040,13300,200,690,76.92,5651.1,1765.53,155.44,41.6,4.44,2.81,1.82,289.86,3.200798106
12000,780,267,16.5,30.1,4.44,41.6,8190,95,57.9,6040,13300,200,690,76.92,5651.1,1199.22,207.25,41.6,4.44,2.81,1.82,289.86,4.71229626
2500,770,267,15.6,25.3,5.27,43.9,7160,82,57.2,4050,11300,200,690,76.92,4940.4,13100.28,43.71,43.9,5.27,2.79,1.62,289.86,0.3771215785
4500,770,267,15.6,25.3,5.27,43.9,7160,82,57.2,4050,11300,200,690,76.92,4940.4,4391.85,78.67,43.9,5.27,2.79,1.62,289.86,1.124903082
6000,770,267,15.6,25.3,5.27,43.9,7160,82,57.2,4050,11300,200,690,76.92,4940.4,2673.85,104.90,43.9,5.27,2.79,1.62,289.86,1.847673365
8000,770,267,15.6,25.3,5.27,43.9,7160,82,57.2,4050,11300,200,690,76.92,4940.4,1688.43,139.86,43.9,5.27,2.79,1.62,289.86,2.926024565
9000,770,267,15.6,25.3,5.27,43.9,7160,82,57.2,4050,11300,200,690,76.92,4940.4,1415.23,157.34,43.9,5.27,2.79,1.62,289.86,3.490881968
12000,770,267,15.6,25.3,5.27,43.9,7160,82,57.2,4050,11300,200,690,76.92,4940.4,946.23,209.79,43.9,5.27,2.79,1.62,289.86,5.22113033
2500,767,267,14.9,23.6,5.65,46.2,6690,75,56.6,3330,10400,200,690,76.92,4616.1,12021.09,44.17,46.2,5.65,2.78,1.59,289.86,0.3840002181
4500,767,267,14.9,23.6,5.65,46.2,6690,75,56.6,3330,10400,200,690,76.92,4616.1,3999.55,79.51,46.2,5.65,2.78,1.59,289.86,1.154154514
6000,767,267,14.9,23.6,5.65,46.2,6690,75,56.6,3330,10400,200,690,76.92,4616.1,2419.80,106.01,46.2,5.65,2.78,1.59,289.86,1.907640569
8000,767,267,14.9,23.6,5.65,46.2,6690,75,56.6,3330,10400,200,690,76.92,4616.1,1516.36,141.34,46.2,5.65,2.78,1.59,289.86,3.044203446
9000,767,267,14.9,23.6,5.65,46.2,6690,75,56.6,3330,10400,200,690,76.92,4616.1,1266.79,159.01,46.2,5.65,2.78,1.59,289.86,3.643927554
12000,767,267,14.9,23.6,5.65,46.2,6690,75,56.6,3330,10400,200,690,76.92,4616.1,840.40,212.01,46.2,5.65,2.78,1.59,289.86,5.492755201
2500,762,267,14.4,21.6,6.17,47.8,6190,68,55.6,2680,9370,200,690,76.92,4271.1,10824.97,44.96,47.8,6.17,2.77,1.50,289.86,0.3945600617
4500,762,267,14.4,21.6,6.17,47.8,6190,68,55.6,2680,9370,200,690,76.92,4271.1,3576.44,80.94,47.8,6.17,2.77,1.50,289.86,1.194230646
6000,762,267,14.4,21.6,6.17,47.8,6190,68,55.6,2680,9370,200,690,76.92,4271.1,2151.00,107.91,47.8,6.17,2.77,1.50,289.86,1.985638267
8000,762,267,14.4,21.6,6.17,47.8,6190,68,55.6,2680,9370,200,690,76.92,4271.1,1337.91,143.88,47.8,6.17,2.77,1.50,289.86,3.192375713
9000,762,267,14.4,21.6,6.17,47.8,6190,68,55.6,2680,9370,200,690,76.92,4271.1,1114.03,161.87,47.8,6.17,2.77,1.50,289.86,3.833908628
12000,762,267,14.4,21.6,6.17,47.8,6190,68,55.6,2680,9370,200,690,76.92,4271.1,733.21,215.83,47.8,6.17,2.77,1.50,289.86,5.825226707
2500,757,267,13.8,19.4,6.89,49.6,5670,61,54.6,2080,8300,200,690,76.92,3912.3,9573.68,45.79,49.6,6.89,2.76,1.40,289.86,0.4086514898
4500,757,267,13.8,19.4,6.89,49.6,5670,61,54.6,2080,8300,200,690,76.92,3912.3,3139.45,82.42,49.6,6.89,2.76,1.40,289.86,1.246173879
6000,757,267,13.8,19.4,6.89,49.6,5670,61,54.6,2080,8300,200,690,76.92,3912.3,1875.90,109.89,49.6,6.89,2.76,1.40,289.86,2.085553666
8000,757,267,13.8,19.4,6.89,49.6,5670,61,54.6,2080,8300,200,690,76.92,3912.3,1157.02,146.52,49.6,6.89,2.76,1.40,289.86,3.3813459
9000,757,267,13.8,19.4,6.89,49.6,5670,61,54.6,2080,8300,200,690,76.92,3912.3,959.76,164.84,49.6,6.89,2.76,1.40,289.86,4.076348937
12000,757,267,13.8,19.4,6.89,49.6,5670,61,54.6,2080,8300,200,690,76.92,3912.3,625.76,219.78,49.6,6.89,2.76,1.40,289.86,6.252121665
2500,754,267,13.2,17.1,7.80,51.9,5110,53,53.3,1570,7200,200,690,76.92,3525.9,8317.44,46.90,51.9,7.80,2.76,1.30,289.86,0.4239165055
4500,754,267,13.2,17.1,7.80,51.9,5110,53,53.3,1570,7200,200,690,76.92,3525.9,2708.23,84.43,51.9,7.80,2.76,1.30,289.86,1.301920452
6000,754,267,13.2,17.1,7.80,51.9,5110,53,53.3,1570,7200,200,690,76.92,3525.9,1608.00,112.57,51.9,7.80,2.76,1.30,289.86,2.192718328
8000,754,267,13.2,17.1,7.80,51.9,5110,53,53.3,1570,7200,200,690,76.92,3525.9,983.45,150.09,51.9,7.80,2.76,1.30,289.86,3.585219489
9000,754,267,13.2,17.1,7.80,51.9,5110,53,53.3,1570,7200,200,690,76.92,3525.9,812.59,168.86,51.9,7.80,2.76,1.30,289.86,4.339077684
12000,754,267,13.2,17.1,7.80,51.9,5110,53,53.3,1570,7200,200,690,76.92,3525.9,524.57,225.14,51.9,7.80,2.76,1.30,289.86,6.721513688
2500,749,264,11.9,15.5,8.52,57.5,4640,48,53.1,1180,6440,200,690,76.92,3201.6,7427.02,47.08,57.5,8.52,2.78,1.30,289.86,0.4310748004
4500,749,264,11.9,15.5,8.52,57.5,4640,48,53.1,1180,6440,200,690,76.92,3201.6,2399.46,84.75,57.5,8.52,2.78,1.30,289.86,1.334298123
6000,749,264,11.9,15.5,8.52,57.5,4640,48,53.1,1180,6440,200,690,76.92,3201.6,1414.45,112.99,57.5,8.52,2.78,1.30,289.86,2.263491842
8000,749,264,11.9,15.5,8.52,57.5,4640,48,53.1,1180,6440,200,690,76.92,3201.6,856.57,150.66,57.5,8.52,2.78,1.30,289.86,3.737712531
9000,749,264,11.9,15.5,8.52,57.5,4640,48,53.1,1180,6440,200,690,76.92,3201.6,704.42,169.49,57.5,8.52,2.78,1.30,289.86,4.544999842
10000,749,264,11.9,15.5,8.52,57.5,4640,48,53.1,1180,6440,200,690,76.92,3201.6,594.60,188.32,57.5,8.52,2.78,1.30,289.86,5.384472392
5500,826,389,50.0,90.5,2.15,12.1,31000,878,92.7,206000,119000,200,690,76.92,21390,48181.72,59.33,12.1,2.15,1.89,1.81,289.86,0.4439442885
6000,826,389,50.0,90.5,2.15,12.1,31000,878,92.7,206000,119000,200,690,76.92,21390,42990.92,64.72,12.1,2.15,1.89,1.81,289.86,0.4975469034
8000,826,389,50.0,90.5,2.15,12.1,31000,878,92.7,206000,119000,200,690,76.92,21390,30115.82,86.30,12.1,2.15,1.89,1.81,289.86,0.7102580114
9000,826,389,50.0,90.5,2.15,12.1,31000,878,92.7,206000,119000,200,690,76.92,21390,26236.00,97.09,12.1,2.15,1.89,1.81,289.86,0.8152918429
10000,826,389,50.0,90.5,2.15,12.1,31000,878,92.7,206000,119000,200,690,76.92,21390,23262.80,107.87,12.1,2.15,1.89,1.81,289.86,0.9194936944
16000,826,389,50.0,90.5,2.15,12.1,31000,878,92.7,206000,119000,200,690,76.92,21390,13955.64,172.60,12.1,2.15,1.89,1.81,289.86,1.532713881
4500,772,373,35.1,63.0,2.96,17.3,20300,545,88.4,70800,68500,200,690,76.92,14007,33245.67,50.90,17.3,2.96,1.90,1.80,289.86,0.4213179978
6000,772,373,35.1,63.0,2.96,17.3,20300,545,88.4,70800,68500,200,690,76.92,14007,21723.40,67.87,17.3,2.96,1.90,1.80,289.86,0.6447886333
8000,772,373,35.1,63.0,2.96,17.3,20300,545,88.4,70800,68500,200,690,76.92,14007,14766.38,90.50,17.3,2.96,1.90,1.80,289.86,0.9485736897
9000,772,373,35.1,63.0,2.96,17.3,20300,545,88.4,70800,68500,200,690,76.92,14007,12734.87,101.81,17.3,2.96,1.90,1.80,289.86,1.099893305
10000,772,373,35.1,63.0,2.96,17.3,20300,545,88.4,70800,68500,200,690,76.92,14007,11203.03,113.12,17.3,2.96,1.90,1.80,289.86,1.250286845
16000,772,373,35.1,63.0,2.96,17.3,20300,545,88.4,70800,68500,200,690,76.92,14007,6563.87,181.00,17.3,2.96,1.90,1.80,289.86,2.133953324
4500,762,371,32.0,58.2,3.19,18.9,18500,491,87.6,54500,60700,200,690,76.92,12765,28815.38,51.37,18.9,3.19,1.90,1.82,289.86,0.4429926213
6000,762,371,32.0,58.2,3.19,18.9,18500,491,87.6,54500,60700,200,690,76.92,12765,18640.27,68.49,18.9,3.19,1.90,1.82,289.86,0.6848077565
8000,762,371,32.0,58.2,3.19,18.9,18500,491,87.6,54500,60700,200,690,76.92,12765,12554.05,91.32,18.9,3.19,1.90,1.82,289.86,1.016803229
9000,762,371,32.0,58.2,3.19,18.9,18500,491,87.6,54500,60700,200,690,76.92,12765,10791.60,102.74,18.9,3.19,1.90,1.82,289.86,1.18286457
10000,762,371,32.0,58.2,3.19,18.9,18500,491,87.6,54500,60700,200,690,76.92,12765,9468.73,114.16,18.9,3.19,1.90,1.82,289.86,1.348121516
16000,762,371,32.0,58.2,3.19,18.9,18500,491,87.6,54500,60700,200,690,76.92,12765,5502.59,182.65,18.9,3.19,1.90,1.82,289.86,2.319817598
4500,752,366,29.5,52.9,3.46,20.6,16900,437,86.6,42000,53400,200,690,76.92,11661,24833.40,51.96,20.6,3.46,1.91,1.79,289.86,0.4695692521
6000,752,366,29.5,52.9,3.46,20.6,16900,437,86.6,42000,53400,200,690,76.92,11661,15913.78,69.28,20.6,3.46,1.91,1.79,289.86,0.7327609366
8000,752,366,29.5,52.9,3.46,20.6,16900,437,86.6,42000,53400,200,690,76.92,11661,10621.81,92.38,20.6,3.46,1.91,1.79,289.86,1.097835699
9000,752,366,29.5,52.9,3.46,20.6,16900,437,86.6,42000,53400,200,690,76.92,11661,9100.92,103.93,20.6,3.46,1.91,1.79,289.86,1.281299385
10000,752,366,29.5,52.9,3.46,20.6,16900,437,86.6,42000,53400,200,690,76.92,11661,7964.26,115.47,20.6,3.46,1.91,1.79,289.86,1.464165568
16000,752,366,29.5,52.9,3.46,20.6,16900,437,86.6,42000,53400,200,690,76.92,11661,4589.43,184.76,20.6,3.46,1.91,1.79,289.86,2.540838034
4500,744,366,26.9,49.2,3.72,22.5,15300,397,86.1,33100,47800,200,690,76.92,10557,21875.35,52.26,22.5,3.72,1.90,1.83,289.86,0.4825978848
6000,744,366,26.9,49.2,3.72,22.5,15300,397,86.1,33100,47800,200,690,76.92,10557,13893.27,69.69,22.5,3.72,1.90,1.83,289.86,0.7598644725
8000,744,366,26.9,49.2,3.72,22.5,15300,397,86.1,33100,47800,200,690,76.92,10557,9191.34,92.92,22.5,3.72,1.90,1.83,289.86,1.148581097
9000,744,366,26.9,49.2,3.72,22.5,15300,397,86.1,33100,47800,200,690,76.92,10557,7849.40,104.53,22.5,3.72,1.90,1.83,289.86,1.344943884
10000,744,366,26.9,49.2,3.72,22.5,15300,397,86.1,33100,47800,200,690,76.92,10557,6850.56,116.14,22.5,3.72,1.90,1.83,289.86,1.541042124
16000,744,366,26.9,49.2,3.72,22.5,15300,397,86.1,33100,47800,200,690,76.92,10557,3913.01,185.83,22.5,3.72,1.90,1.83,289.86,2.697921939
4300,737,363,24.9,45.0,4.03,24.4,14000,358,85.3,25600,42700,200,690,76.92,9660,20691.48,50.41,24.4,4.03,1.91,1.81,289.86,0.4668587454
6000,737,363,24.9,45.0,4.03,24.4,14000,358,85.3,25600,42700,200,690,76.92,9660,12050.16,70.34,24.4,4.03,1.91,1.81,289.86,0.8016490549
8000,737,363,24.9,45.0,4.03,24.4,14000,358,85.3,25600,42700,200,690,76.92,9660,7891.08,93.79,24.4,4.03,1.91,1.81,289.86,1.224166843
9000,737,363,24.9,45.0,4.03,24.4,14000,358,85.3,25600,42700,200,690,76.92,9660,6712.83,105.51,24.4,4.03,1.91,1.81,289.86,1.439035445
10000,737,363,24.9,45.0,4.03,24.4,14000,358,85.3,25600,42700,200,690,76.92,9660,5839.75,117.23,24.4,4.03,1.91,1.81,289.86,1.654181403
16000,737,363,24.9,45.0,4.03,24.4,14000,358,85.3,25600,42700,200,690,76.92,9660,3299.73,187.57,24.4,4.03,1.91,1.81,289.86,2.927510179
4000,729,361,23.1,40.9,4.41,26.2,12700,320,84.6,19600,37900,200,690,76.92,8763,20467.61,47.28,26.2,4.41,1.91,1.77,289.86,0.428139781
6000,729,361,23.1,40.9,4.41,26.2,12700,320,84.6,19600,37900,200,690,76.92,8763,10390.92,70.92,26.2,4.41,1.91,1.77,289.86,0.8433323008
8000,729,361,23.1,40.9,4.41,26.2,12700,320,84.6,19600,37900,200,690,76.92,8763,6733.12,94.56,26.2,4.41,1.91,1.77,289.86,1.301477111
9000,729,361,23.1,40.9,4.41,26.2,12700,320,84.6,19600,37900,200,690,76.92,8763,5704.12,106.38,26.2,4.41,1.91,1.77,289.86,1.536258062
10000,729,361,23.1,40.9,4.41,26.2,12700,320,84.6,19600,37900,200,690,76.92,8763,4944.97,118.20,26.2,4.41,1.91,1.77,289.86,1.772104004
16000,729,361,23.1,40.9,4.41,26.2,12700,320,84.6,19600,37900,200,690,76.92,8763,2760.70,189.13,26.2,4.41,1.91,1.77,289.86,3.174192337
4000,721,358,21.1,38.0,4.71,28.7,11700,293,84.3,15700,34400,200,690,76.92,8073,18389.70,47.45,28.7,4.71,1.91,1.80,289.86,0.4389957195
6000,721,358,21.1,38.0,4.71,28.7,11700,293,84.3,15700,34400,200,690,76.92,8073,9235.75,71.17,28.7,4.71,1.91,1.80,289.86,0.874103024
8000,721,358,21.1,38.0,4.71,28.7,11700,293,84.3,15700,34400,200,690,76.92,8073,5931.54,94.90,28.7,4.71,1.91,1.80,289.86,1.361028912
9000,721,358,21.1,38.0,4.71,28.7,11700,293,84.3,15700,34400,200,690,76.92,8073,5007.05,106.76,28.7,4.71,1.91,1.80,289.86,1.612327635
10000,721,358,21.1,38.0,4.71,28.7,11700,293,84.3,15700,34400,200,690,76.92,8073,4327.38,118.62,28.7,4.71,1.91,1.80,289.86,1.865562241
16000,721,358,21.1,38.0,4.71,28.7,11700,293,84.3,15700,34400,200,690,76.92,8073,2389.70,189.80,28.7,4.71,1.91,1.80,289.86,3.378248075
4000,714,356,19.1,34.0,5.24,31.8,10300,258,83.6,11300,29800,200,690,76.92,7107,15757.46,47.85,31.8,5.24,1.91,1.78,289.86,0.4510244154
6000,714,356,19.1,34.0,5.24,31.8,10300,258,83.6,11300,29800,200,690,76.92,7107,7795.50,71.77,31.8,5.24,1.91,1.78,289.86,0.9116795512
8000,714,356,19.1,34.0,5.24,31.8,10300,258,83.6,11300,29800,200,690,76.92,7107,4941.77,95.69,31.8,5.24,1.91,1.78,289.86,1.438149327
9000,714,356,19.1,34.0,5.24,31.8,10300,258,83.6,11300,29800,200,690,76.92,7107,4149.02,107.66,31.8,5.24,1.91,1.78,289.86,1.712936513
10000,714,356,19.1,34.0,5.24,31.8,10300,258,83.6,11300,29800,200,690,76.92,7107,3568.99,119.62,31.8,5.24,1.91,1.78,289.86,1.991318228
16000,714,356,19.1,34.0,5.24,31.8,10300,258,83.6,11300,29800,200,690,76.92,7107,1936.99,191.39,31.8,5.24,1.91,1.78,289.86,3.669093031
4000,706,358,18.4,30.2,5.92,32.9,9340,231,82.6,8370,26400,200,690,76.92,6444.6,13812.16,48.43,32.9,5.92,1.89,1.64,289.86,0.4665887121
6000,706,358,18.4,30.2,5.92,32.9,9340,231,82.6,8370,26400,200,690,76.92,6444.6,6742.33,72.64,32.9,5.92,1.89,1.64,289.86,0.9558418095
8000,706,358,18.4,30.2,5.92,32.9,9340,231,82.6,8370,26400,200,690,76.92,6444.6,4222.27,96.85,32.9,5.92,1.89,1.64,289.86,1.526336431
9000,706,358,18.4,30.2,5.92,32.9,9340,231,82.6,8370,26400,200,690,76.92,6444.6,3526.34,108.96,32.9,5.92,1.89,1.64,289.86,1.827561896
10000,706,358,18.4,30.2,5.92,32.9,9340,231,82.6,8370,26400,200,690,76.92,6444.6,3019.25,121.07,32.9,5.92,1.89,1.64,289.86,2.134502157
16000,706,358,18.4,30.2,5.92,32.9,9340,231,82.6,8370,26400,200,690,76.92,6444.6,1609.42,193.70,32.9,5.92,1.89,1.64,289.86,4.004299711
3700,701,356,16.8,27.4,6.49,36.1,8440,207,82.0,6290,23400,200,690,76.92,5823.6,14057.00,45.12,36.1,6.49,1.89,1.63,289.86,0.4142846544
6000,701,356,16.8,27.4,6.49,36.1,8440,207,82.0,6290,23400,200,690,76.92,5823.6,5866.47,73.17,36.1,6.49,1.89,1.63,289.86,0.9926916266
8000,701,356,16.8,27.4,6.49,36.1,8440,207,82.0,6290,23400,200,690,76.92,5823.6,3634.36,97.56,36.1,6.49,1.89,1.63,289.86,1.602374302
9000,701,356,16.8,27.4,6.49,36.1,8440,207,82.0,6290,23400,200,690,76.92,5823.6,3020.78,109.76,36.1,6.49,1.89,1.63,289.86,1.927845845
10000,701,356,16.8,27.4,6.49,36.1,8440,207,82.0,6290,23400,200,690,76.92,5823.6,2575.19,121.95,36.1,6.49,1.89,1.63,289.86,2.261423871
16000,701,356,16.8,27.4,6.49,36.1,8440,207,82.0,6290,23400,200,690,76.92,5823.6,1348.89,195.12,36.1,6.49,1.89,1.63,289.86,4.317327375
4000,696,356,15.4,24.9,7.16,39.4,7600,184,81.3,4700,20700,200,690,76.92,5244,10656.84,49.20,39.4,7.16,1.89,1.61,289.86,0.4920782499
6000,696,356,15.4,24.9,7.16,39.4,7600,184,81.3,4700,20700,200,690,76.92,5244,5090.26,73.80,39.4,7.16,1.89,1.61,289.86,1.030202204
8000,696,356,15.4,24.9,7.16,39.4,7600,184,81.3,4700,20700,200,690,76.92,5244,3120.70,98.40,39.4,7.16,1.89,1.61,289.86,1.680391971
9000,696,356,15.4,24.9,7.16,39.4,7600,184,81.3,4700,20700,200,690,76.92,5244,2581.42,110.70,39.4,7.16,1.89,1.61,289.86,2.031436941
10000,696,356,15.4,24.9,7.16,39.4,7600,184,81.3,4700,20700,200,690,76.92,5244,2190.95,123.00,39.4,7.16,1.89,1.61,289.86,2.393487628
16000,696,356,15.4,24.9,7.16,39.4,7600,184,81.3,4700,20700,200,690,76.92,5244,1126.44,196.80,39.4,7.16,1.89,1.61,289.86,4.655384194
2600,701,254,15.5,27.9,4.55,39.7,6470,77,56.1,4620,8730,200,690,76.92,4464.3,10558.89,46.35,39.7,4.55,2.65,1.80,289.86,0.4228001674
6000,701,254,15.5,27.9,4.55,39.7,6470,77,56.1,4620,8730,200,690,76.92,4464.3,2451.88,106.95,39.7,4.55,2.65,1.80,289.86,1.820764234
8000,701,254,15.5,27.9,4.55,39.7,6470,77,56.1,4620,8730,200,690,76.92,4464.3,1591.39,142.60,39.7,4.55,2.65,1.80,289.86,2.805282106
9000,701,254,15.5,27.9,4.55,39.7,6470,77,56.1,4620,8730,200,690,76.92,4464.3,1349.07,160.43,39.7,4.55,2.65,1.80,289.86,3.30917926
10000,701,254,15.5,27.9,4.55,39.7,6470,77,56.1,4620,8730,200,690,76.92,4464.3,1170.17,178.25,39.7,4.55,2.65,1.80,289.86,3.815088983
12000,701,254,15.5,27.9,4.55,39.7,6470,77,56.1,4620,8730,200,690,76.92,4464.3,925.21,213.90,39.7,4.55,2.65,1.80,289.86,4.825157596
2500,693,257,14.5,23.8,5.41,42.5,5620,66,55.4,3050,7410,200,690,76.92,3877.8,9611.85,45.13,42.5,5.41,2.60,1.64,289.86,0.4034395501
6000,693,257,14.5,23.8,5.41,42.5,5620,66,55.4,3050,7410,200,690,76.92,3877.8,1998.09,108.30,42.5,5.41,2.60,1.64,289.86,1.940751469
8000,693,257,14.5,23.8,5.41,42.5,5620,66,55.4,3050,7410,200,690,76.92,3877.8,1273.92,144.40,42.5,5.41,2.60,1.64,289.86,3.043995022
9000,693,257,14.5,23.8,5.41,42.5,5620,66,55.4,3050,7410,200,690,76.92,3877.8,1072.13,162.45,42.5,5.41,2.60,1.64,289.86,3.616899987
10000,693,257,14.5,23.8,5.41,42.5,5620,66,55.4,3050,7410,200,690,76.92,3877.8,924.19,180.51,42.5,5.41,2.60,1.64,289.86,4.195880297
12000,693,257,14.5,23.8,5.41,42.5,5620,66,55.4,3050,7410,200,690,76.92,3877.8,723.57,216.61,42.5,5.41,2.60,1.64,289.86,5.359295856
2600,688,254,13.1,21.1,6.03,47.1,5000,58,54.6,2200,6440,200,690,76.92,3450,7711.71,47.62,47.1,6.03,2.63,1.61,289.86,0.4473718643
6000,688,254,13.1,21.1,6.03,47.1,5000,58,54.6,2200,6440,200,690,76.92,3450,1686.96,109.89,47.1,6.03,2.63,1.61,289.86,2.045103013
8000,688,254,13.1,21.1,6.03,47.1,5000,58,54.6,2200,6440,200,690,76.92,3450,1061.76,146.52,47.1,6.03,2.63,1.61,289.86,3.249322507
9000,688,254,13.1,21.1,6.03,47.1,5000,58,54.6,2200,6440,200,690,76.92,3450,888.70,164.84,47.1,6.03,2.63,1.61,289.86,3.882065594
10000,688,254,13.1,21.1,6.03,47.1,5000,58,54.6,2200,6440,200,690,76.92,3450,762.40,183.15,47.1,6.03,2.63,1.61,289.86,4.525210609
12000,688,254,13.1,21.1,6.03,47.1,5000,58,54.6,2200,6440,200,690,76.92,3450,592.23,219.78,47.1,6.03,2.63,1.61,289.86,5.825422242
2500,683,254,12.4,19.0,6.70,49.5,4560,52,53.8,1680,5720,200,690,76.92,3146.4,7357.82,46.47,49.5,6.70,2.61,1.53,289.86,0.4276267374
6000,683,254,12.4,19.0,6.70,49.5,4560,52,53.8,1680,5720,200,690,76.92,3146.4,1466.38,111.52,49.5,6.70,2.61,1.53,289.86,2.145689218
8000,683,254,12.4,19.0,6.70,49.5,4560,52,53.8,1680,5720,200,690,76.92,3146.4,913.66,148.70,49.5,6.70,2.61,1.53,289.86,3.443730354
9000,683,254,12.4,19.0,6.70,49.5,4560,52,53.8,1680,5720,200,690,76.92,3146.4,761.36,167.29,49.5,6.70,2.61,1.53,289.86,4.132584281
10000,683,254,12.4,19.0,6.70,49.5,4560,52,53.8,1680,5720,200,690,76.92,3146.4,650.57,185.87,49.5,6.70,2.61,1.53,289.86,4.836364403
12000,683,254,12.4,19.0,6.70,49.5,4560,52,53.8,1680,5720,200,690,76.92,3146.4,502.04,223.05,49.5,6.70,2.61,1.53,289.86,6.267264049
2600,678,254,11.7,16.3,7.78,52.7,4000,44,52.6,1170,4810,200,690,76.92,2760,5746.92,49.43,52.7,7.78,2.61,1.40,289.86,0.4802573747
6000,678,254,11.7,16.3,7.78,52.7,4000,44,52.6,1170,4810,200,690,76.92,2760,1211.56,114.07,52.7,7.78,2.61,1.40,289.86,2.278045462
8000,678,254,11.7,16.3,7.78,52.7,4000,44,52.6,1170,4810,200,690,76.92,2760,745.89,152.09,52.7,7.78,2.61,1.40,289.86,3.700258908
9000,678,254,11.7,16.3,7.78,52.7,4000,44,52.6,1170,4810,200,690,76.92,2760,618.20,171.10,52.7,7.78,2.61,1.40,289.86,4.464595085
10000,678,254,11.7,16.3,7.78,52.7,4000,44,52.6,1170,4810,200,690,76.92,2760,525.63,190.11,52.7,7.78,2.61,1.40,289.86,5.250855767
12000,678,254,11.7,16.3,7.78,52.7,4000,44,52.6,1170,4810,200,690,76.92,2760,402.20,228.14,52.7,7.78,2.61,1.40,289.86,6.862184634
5000,711,348,38.6,69.3,2.51,14.2,18500,483,83.1,83700,49900,200,690,76.92,12765,26061.92,60.17,14.2,2.51,1.84,1.80,289.86,0.4897949792
6000,711,348,38.6,69.3,2.51,14.2,18500,483,83.1,83700,49900,200,690,76.92,12765,20419.82,72.20,14.2,2.51,1.84,1.80,289.86,0.6251280462
8000,711,348,38.6,69.3,2.51,14.2,18500,483,83.1,83700,49900,200,690,76.92,12765,14280.86,96.27,14.2,2.51,1.84,1.80,289.86,0.8938535631
9000,711,348,38.6,69.3,2.51,14.2,18500,483,83.1,83700,49900,200,690,76.92,12765,12434.45,108.30,14.2,2.51,1.84,1.80,289.86,1.026583238
12000,711,348,38.6,69.3,2.51,14.2,18500,483,83.1,83700,49900,200,690,76.92,12765,8995.91,144.40,14.2,2.51,1.84,1.80,289.86,1.418977806
18000,711,348,38.6,69.3,2.51,14.2,18500,483,83.1,83700,49900,200,690,76.92,12765,5835.09,216.61,14.2,2.51,1.84,1.80,289.86,2.187625761
4500,699,343,35.1,62.8,2.73,15.6,16700,429,82.0,63300,43200,200,690,76.92,11523,25527.19,54.88,15.6,2.73,1.85,1.79,289.86,0.4514010734
6000,699,343,35.1,62.8,2.73,15.6,16700,429,82.0,63300,43200,200,690,76.92,11523,17093.16,73.17,15.6,2.73,1.85,1.79,289.86,0.6741294312
8000,699,343,35.1,62.8,2.73,15.6,16700,429,82.0,63300,43200,200,690,76.92,11523,11866.67,97.56,15.6,2.73,1.85,1.79,289.86,0.9710389917
9000,699,343,35.1,62.8,2.73,15.6,16700,429,82.0,63300,43200,200,690,76.92,11523,10307.59,109.76,15.6,2.73,1.85,1.79,289.86,1.117913705
12000,699,343,35.1,62.8,2.73,15.6,16700,429,82.0,63300,43200,200,690,76.92,11523,7423.98,146.34,15.6,2.73,1.85,1.79,289.86,1.552131802
18000,699,343,35.1,62.8,2.73,15.6,16700,429,82.0,63300,43200,200,690,76.92,11523,4797.94,219.51,15.6,2.73,1.85,1.79,289.86,2.401657559
4000,688,340,32.0,57.8,2.94,17.1,15100,383,81.3,48700,38100,200,690,76.92,10419,26170.79,49.20,17.1,2.94,1.85,1.81,289.86,0.3981155502
6000,688,340,32.0,57.8,2.94,17.1,15100,383,81.3,48700,38100,200,690,76.92,10419,14501.55,73.80,17.1,2.94,1.85,1.81,289.86,0.7184751219
8000,688,340,32.0,57.8,2.94,17.1,15100,383,81.3,48700,38100,200,690,76.92,10419,9988.14,98.40,17.1,2.94,1.85,1.81,289.86,1.043136976
9000,688,340,32.0,57.8,2.94,17.1,15100,383,81.3,48700,38100,200,690,76.92,10419,8653.02,110.70,17.1,2.94,1.85,1.81,289.86,1.204088091
12000,688,340,32.0,57.8,2.94,17.1,15100,383,81.3,48700,38100,200,690,76.92,10419,6201.39,147.60,17.1,2.94,1.85,1.81,289.86,1.680107216
18000,688,340,32.0,57.8,2.94,17.1,15100,383,81.3,48700,38100,200,690,76.92,10419,3991.27,221.40,17.1,2.94,1.85,1.81,289.86,2.610445683
3900,678,338,29.5,53.1,3.18,18.6,13700,343,80.5,37700,33600,200,690,76.92,9453,23550.74,48.45,18.6,3.18,1.85,1.80,289.86,0.401388655
6000,678,338,29.5,53.1,3.18,18.6,13700,343,80.5,37700,33600,200,690,76.92,9453,12371.69,74.53,18.6,3.18,1.85,1.80,289.86,0.7640830441
8000,678,338,29.5,53.1,3.18,18.6,13700,343,80.5,37700,33600,200,690,76.92,9453,8453.55,99.38,18.6,3.18,1.85,1.80,289.86,1.118228544
9000,678,338,29.5,53.1,3.18,18.6,13700,343,80.5,37700,33600,200,690,76.92,9453,7303.72,111.80,18.6,3.18,1.85,1.80,289.86,1.294272167
12000,678,338,29.5,53.1,3.18,18.6,13700,343,80.5,37700,33600,200,690,76.92,9453,5207.27,149.07,18.6,3.18,1.85,1.80,289.86,1.815345547
18000,678,338,29.5,53.1,3.18,18.6,13700,343,80.5,37700,33600,200,690,76.92,9453,3336.74,223.60,18.6,3.18,1.85,1.80,289.86,2.833008191
3800,668,335,26.4,48.0,3.49,20.7,12200,301,79.8,27700,29000,200,690,76.92,8418,20745.55,47.62,20.7,3.49,1.85,1.82,289.86,0.4057738419
6000,668,335,26.4,48.0,3.49,20.7,12200,301,79.8,27700,29000,200,690,76.92,8418,10265.78,75.19,20.7,3.49,1.85,1.82,289.86,0.8200058178
8000,668,335,26.4,48.0,3.49,20.7,12200,301,79.8,27700,29000,200,690,76.92,8418,6942.37,100.25,20.7,3.49,1.85,1.82,289.86,1.212553696
9000,668,335,26.4,48.0,3.49,20.7,12200,301,79.8,27700,29000,200,690,76.92,8418,5976.47,112.78,20.7,3.49,1.85,1.82,289.86,1.408523892
12000,668,335,26.4,48.0,3.49,20.7,12200,301,79.8,27700,29000,200,690,76.92,8418,4231.10,150.38,20.7,3.49,1.85,1.82,289.86,1.989553896
18000,668,335,26.4,48.0,3.49,20.7,12200,301,79.8,27700,29000,200,690,76.92,8418,2694.72,225.56,20.7,3.49,1.85,1.82,289.86,3.123884876
3800,660,333,24.4,43.9,3.79,22.5,11100,271,79.0,21400,25800,200,690,76.92,7659,18134.63,48.10,22.5,3.79,1.85,1.80,289.86,0.422341113
6000,660,333,24.4,43.9,3.79,22.5,11100,271,79.0,21400,25800,200,690,76.92,7659,8834.63,75.95,22.5,3.79,1.85,1.80,289.86,0.8669294365
8000,660,333,24.4,43.9,3.79,22.5,11100,271,79.0,21400,25800,200,690,76.92,7659,5918.28,101.27,22.5,3.79,1.85,1.80,289.86,1.294126671
9000,660,333,24.4,43.9,3.79,22.5,11100,271,79.0,21400,25800,200,690,76.92,7659,5077.61,113.92,22.5,3.79,1.85,1.80,289.86,1.50838715
12000,660,333,24.4,43.9,3.79,22.5,11100,271,79.0,21400,25800,200,690,76.92,7659,3570.55,151.90,22.5,3.79,1.85,1.80,289.86,2.14504513
18000,660,333,24.4,43.9,3.79,22.5,11100,271,79.0,21400,25800,200,690,76.92,7659,2260.41,227.85,22.5,3.79,1.85,1.80,289.86,3.388318916
3600,653,330,22.1,39.9,4.14,24.8,9930,241,78.2,15900,22600,200,690,76.92,6851.7,17142.79,46.04,24.8,4.14,1.86,1.80,289.86,0.3996839894
6000,653,330,22.1,39.9,4.14,24.8,9930,241,78.2,15900,22600,200,690,76.92,6851.7,7472.43,76.73,24.8,4.14,1.86,1.80,289.86,0.916930394
8000,653,330,22.1,39.9,4.14,24.8,9930,241,78.2,15900,22600,200,690,76.92,6851.7,4949.03,102.30,24.8,4.14,1.86,1.80,289.86,1.384453346
9000,653,330,22.1,39.9,4.14,24.8,9930,241,78.2,15900,22600,200,690,76.92,6851.7,4228.23,115.09,24.8,4.14,1.86,1.80,289.86,1.620464114
12000,653,330,22.1,39.9,4.14,24.8,9930,241,78.2,15900,22600,200,690,76.92,6851.7,2947.93,153.45,24.8,4.14,1.86,1.80,289.86,2.324238081
18000,653,330,22.1,39.9,4.14,24.8,9930,241,78.2,15900,22600,200,690,76.92,6851.7,1851.67,230.18,24.8,4.14,1.86,1.80,289.86,3.700271864
3800,648,330,20.6,37.2,4.43,26.6,9160,221,78.0,12800,20500,200,690,76.92,6320.4,14011.80,48.72,26.6,4.43,1.85,1.81,289.86,0.4510769455
6000,648,330,20.6,37.2,4.43,26.6,9160,221,78.0,12800,20500,200,690,76.92,6320.4,6621.94,76.92,26.6,4.43,1.85,1.81,289.86,0.9544635053
8000,648,330,20.6,37.2,4.43,26.6,9160,221,78.0,12800,20500,200,690,76.92,6320.4,4348.94,102.56,26.6,4.43,1.85,1.81,289.86,1.453319204
9000,648,330,20.6,37.2,4.43,26.6,9160,221,78.0,12800,20500,200,690,76.92,6320.4,3703.70,115.38,26.6,4.43,1.85,1.81,289.86,1.70651049
12000,648,330,20.6,37.2,4.43,26.6,9160,221,78.0,12800,20500,200,690,76.92,6320.4,2565.10,153.85,26.6,4.43,1.85,1.81,289.86,2.4639946
18000,648,330,20.6,37.2,4.43,26.6,9160,221,78.0,12800,20500,200,690,76.92,6320.4,1601.13,230.77,26.6,4.43,1.85,1.81,289.86,3.94746524
3500,640,328,19.1,34.1,4.81,28.7,8370,199,77.2,9950,18400,200,690,76.92,5775.3,14327.42,45.34,28.7,4.81,1.85,1.79,289.86,0.4030941682
6000,640,328,19.1,34.1,4.81,28.7,8370,199,77.2,9950,18400,200,690,76.92,5775.3,5764.00,77.72,28.7,4.81,1.85,1.79,289.86,1.001960793
8000,640,328,19.1,34.1,4.81,28.7,8370,199,77.2,9950,18400,200,690,76.92,5775.3,3746.89,103.63,28.7,4.81,1.85,1.79,289.86,1.541358773
9000,640,328,19.1,34.1,4.81,28.7,8370,199,77.2,9950,18400,200,690,76.92,5775.3,3178.28,116.58,28.7,4.81,1.85,1.79,289.86,1.817116257
12000,640,328,19.1,34.1,4.81,28.7,8370,199,77.2,9950,18400,200,690,76.92,5775.3,2182.59,155.44,28.7,4.81,1.85,1.79,289.86,2.646071659
18000,640,328,19.1,34.1,4.81,28.7,8370,199,77.2,9950,18400,200,690,76.92,5775.3,1351.17,233.16,28.7,4.81,1.85,1.79,289.86,4.274286648
3500,635,330,17.9,31.1,5.31,30.6,7670,184,77.5,7700,16800,200,690,76.92,5292.3,12956.76,45.16,30.6,5.31,1.83,1.74,289.86,0.4084586909
6000,635,330,17.9,31.1,5.31,30.6,7670,184,77.5,7700,16800,200,690,76.92,5292.3,5118.97,77.42,30.6,5.31,1.83,1.74,289.86,1.033860576
8000,635,330,17.9,31.1,5.31,30.6,7670,184,77.5,7700,16800,200,690,76.92,5292.3,3288.58,103.23,30.6,5.31,1.83,1.74,289.86,1.609296396
9000,635,330,17.9,31.1,5.31,30.6,7670,184,77.5,7700,16800,200,690,76.92,5292.3,2776.36,116.13,30.6,5.31,1.83,1.74,289.86,1.906200993
12000,635,330,17.9,31.1,5.31,30.6,7670,184,77.5,7700,16800,200,690,76.92,5292.3,1886.94,154.84,30.6,5.31,1.83,1.74,289.86,2.804693298
18000,635,330,17.9,31.1,5.31,30.6,7670,184,77.5,7700,16800,200,690,76.92,5292.3,1156.00,232.26,30.6,5.31,1.83,1.74,289.86,4.578095396
3500,627,328,16.5,27.7,5.92,33.2,6850,163,76.5,5580,14700,200,690,76.92,4726.5,11230.08,45.75,33.2,5.92,1.83,1.68,289.86,0.4208787397
6000,627,328,16.5,27.7,5.92,33.2,6850,163,76.5,5580,14700,200,690,76.92,4726.5,4352.69,78.43,33.2,5.92,1.83,1.68,289.86,1.085880677
8000,627,328,16.5,27.7,5.92,33.2,6850,163,76.5,5580,14700,200,690,76.92,4726.5,2759.48,104.58,33.2,5.92,1.83,1.68,289.86,1.712822322
9000,627,328,16.5,27.7,5.92,33.2,6850,163,76.5,5580,14700,200,690,76.92,4726.5,2316.88,117.65,33.2,5.92,1.83,1.68,289.86,2.040028519
12000,627,328,16.5,27.7,5.92,33.2,6850,163,76.5,5580,14700,200,690,76.92,4726.5,1555.15,156.86,33.2,5.92,1.83,1.68,289.86,3.0392475
15000,627,328,16.5,27.7,5.92,33.2,6850,163,76.5,5580,14700,200,690,76.92,4726.5,1170.39,196.08,33.2,5.92,1.83,1.68,289.86,4.038380873
3500,622,328,15.4,24.5,6.70,35.6,6060,142,75.4,3950,12600,200,690,76.92,4181.4,9573.70,46.42,35.6,6.70,1.82,1.59,289.86,0.4367589032
6000,622,328,15.4,24.5,6.70,35.6,6060,142,75.4,3950,12600,200,690,76.92,4181.4,3645.70,79.58,35.6,6.70,1.82,1.59,289.86,1.14694031
8000,622,328,15.4,24.5,6.70,35.6,6060,142,75.4,3950,12600,200,690,76.92,4181.4,2281.34,106.10,35.6,6.70,1.82,1.59,289.86,1.832870829
9000,622,328,15.4,24.5,6.70,35.6,6060,142,75.4,3950,12600,200,690,76.92,4181.4,1904.69,119.36,35.6,6.70,1.82,1.59,289.86,2.195316366
12000,622,328,15.4,24.5,6.70,35.6,6060,142,75.4,3950,12600,200,690,76.92,4181.4,1261.71,159.15,35.6,6.70,1.82,1.59,289.86,3.31406115
15000,622,328,15.4,24.5,6.70,35.6,6060,142,75.4,3950,12600,200,690,76.92,4181.4,941.22,198.94,35.6,6.70,1.82,1.59,289.86,4.442515554
3500,617,325,14.0,21.6,7.53,39.2,5360,124,74.7,2800,11000,200,690,76.92,3698.4,8256.13,46.85,39.2,7.53,1.83,1.54,289.86,0.4479580721
6000,617,325,14.0,21.6,7.53,39.2,5360,124,74.7,2800,11000,200,690,76.92,3698.4,3090.40,80.32,39.2,7.53,1.83,1.54,289.86,1.196740049
8000,617,325,14.0,21.6,7.53,39.2,5360,124,74.7,2800,11000,200,690,76.92,3698.4,1907.96,107.10,39.2,7.53,1.83,1.54,289.86,1.938406359
9000,617,325,14.0,21.6,7.53,39.2,5360,124,74.7,2800,11000,200,690,76.92,3698.4,1583.36,120.48,39.2,7.53,1.83,1.54,289.86,2.33578542
12000,617,325,14.0,21.6,7.53,39.2,5360,124,74.7,2800,11000,200,690,76.92,3698.4,1033.50,160.64,39.2,7.53,1.83,1.54,289.86,3.578534122
15000,617,325,14.0,21.6,7.53,39.2,5360,124,74.7,2800,11000,200,690,76.92,3698.4,763.06,200.80,39.2,7.53,1.83,1.54,289.86,4.846830992
3500,612,325,12.7,19.1,8.50,43.1,4740,108,73.9,1960,9450,200,690,76.92,3270.6,7069.62,47.36,43.1,8.50,1.82,1.51,289.86,0.4626276347
6000,612,325,12.7,19.1,8.50,43.1,4740,108,73.9,1960,9450,200,690,76.92,3270.6,2607.27,81.19,43.1,8.50,1.82,1.51,289.86,1.25441322
8000,612,325,12.7,19.1,8.50,43.1,4740,108,73.9,1960,9450,200,690,76.92,3270.6,1589.95,108.25,43.1,8.50,1.82,1.51,289.86,2.057041749
9000,612,325,12.7,19.1,8.50,43.1,4740,108,73.9,1960,9450,200,690,76.92,3270.6,1311.91,121.79,43.1,8.50,1.82,1.51,289.86,2.493007511
12000,612,325,12.7,19.1,8.50,43.1,4740,108,73.9,1960,9450,200,690,76.92,3270.6,843.89,162.38,43.1,8.50,1.82,1.51,289.86,3.875623379
15000,612,325,12.7,19.1,8.50,43.1,4740,108,73.9,1960,9450,200,690,76.92,3270.6,616.40,202.98,43.1,8.50,1.82,1.51,289.86,5.305962313
2400,622,229,14.0,24.9,4.59,39.2,4590,50,50.5,2940,4460,200,690,76.92,3167.1,7146.86,47.52,39.2,4.59,2.61,1.78,289.86,0.4431459513
5000,622,229,14.0,24.9,4.59,39.2,4590,50,50.5,2940,4460,200,690,76.92,3167.1,1969.46,99.01,39.2,4.59,2.61,1.78,289.86,1.608104566
8000,622,229,14.0,24.9,4.59,39.2,4590,50,50.5,2940,4460,200,690,76.92,3167.1,976.18,158.42,39.2,4.59,2.61,1.78,289.86,3.244390394
10000,622,229,14.0,24.9,4.59,39.2,4590,50,50.5,2940,4460,200,690,76.92,3167.1,725.83,198.02,39.2,4.59,2.61,1.78,289.86,4.363400083
11000,622,229,14.0,24.9,4.59,39.2,4590,50,50.5,2940,4460,200,690,76.92,3167.1,643.60,217.82,39.2,4.59,2.61,1.78,289.86,4.920883178
12000,622,229,14.0,24.9,4.59,39.2,4590,50,50.5,2940,4460,200,690,76.92,3167.1,578.39,237.62,39.2,4.59,2.61,1.78,289.86,5.475734031
2500,617,230,13.1,22.2,5.18,41.9,4160,45,50.3,2190,4030,200,690,76.92,2870.4,5955.18,49.70,41.9,5.18,2.59,1.69,289.86,0.4820004119
5000,617,230,13.1,22.2,5.18,41.9,4160,45,50.3,2190,4030,200,690,76.92,2870.4,1730.24,99.40,41.9,5.18,2.59,1.69,289.86,1.658956145
8000,617,230,13.1,22.2,5.18,41.9,4160,45,50.3,2190,4030,200,690,76.92,2870.4,838.74,159.05,41.9,5.18,2.59,1.69,289.86,3.422262529
10000,617,230,13.1,22.2,5.18,41.9,4160,45,50.3,2190,4030,200,690,76.92,2870.4,617.59,198.81,41.9,5.18,2.59,1.69,289.86,4.647740906
11000,617,230,13.1,22.2,5.18,41.9,4160,45,50.3,2190,4030,200,690,76.92,2870.4,545.59,218.69,41.9,5.18,2.59,1.69,289.86,5.261045698
12000,617,230,13.1,22.2,5.18,41.9,4160,45,50.3,2190,4030,200,690,76.92,2870.4,488.79,238.57,41.9,5.18,2.59,1.69,289.86,5.872479689
2300,612,229,11.9,19.5,5.86,45.9,3670,39,49.5,1540,3440,200,690,76.92,2532.3,5940.07,46.46,45.9,5.86,2.59,1.64,289.86,0.4263082951
5000,612,229,11.9,19.5,5.86,45.9,3670,39,49.5,1540,3440,200,690,76.92,2532.3,1441.24,101.01,45.9,5.86,2.59,1.64,289.86,1.757025325
8000,612,229,11.9,19.5,5.86,45.9,3670,39,49.5,1540,3440,200,690,76.92,2532.3,683.46,161.62,45.9,5.86,2.59,1.64,289.86,3.705145033
10000,612,229,11.9,19.5,5.86,45.9,3670,39,49.5,1540,3440,200,690,76.92,2532.3,498.10,202.02,45.9,5.86,2.59,1.64,289.86,5.083933145
11000,612,229,11.9,19.5,5.86,45.9,3670,39,49.5,1540,3440,200,690,76.92,2532.3,438.27,222.22,45.9,5.86,2.59,1.64,289.86,5.777996644
12000,612,229,11.9,19.5,5.86,45.9,3670,39,49.5,1540,3440,200,690,76.92,2532.3,391.29,242.42,45.9,5.86,2.59,1.64,289.86,6.471591505
2200,607,228,11.2,17.2,6.61,49.0,3280,34,48.8,1120,2980,200,690,76.92,2263.2,5589.65,45.08,49.0,6.61,2.59,1.54,289.86,0.404890917
4000,607,228,11.2,17.2,6.61,49.0,3280,34,48.8,1120,2980,200,690,76.92,2263.2,1815.33,81.97,49.0,6.61,2.59,1.54,289.86,1.246715152
6000,607,228,11.2,17.2,6.61,49.0,3280,34,48.8,1120,2980,200,690,76.92,2263.2,897.46,122.95,49.0,6.61,2.59,1.54,289.86,2.521795949
8000,607,228,11.2,17.2,6.61,49.0,3280,34,48.8,1120,2980,200,690,76.92,2263.2,568.57,163.93,49.0,6.61,2.59,1.54,289.86,3.980516586
9000,607,228,11.2,17.2,6.61,49.0,3280,34,48.8,1120,2980,200,690,76.92,2263.2,477.24,184.43,49.0,6.61,2.59,1.54,289.86,4.742312518
10000,607,228,11.2,17.2,6.61,49.0,3280,34,48.8,1120,2980,200,690,76.92,2263.2,410.42,204.92,49.0,6.61,2.59,1.54,289.86,5.514284805
2300,602,228,10.5,14.9,7.66,52.0,2900,29,47.5,778,2530,200,690,76.92,2001,4339.99,48.42,52.0,7.66,2.58,1.42,289.86,0.4610614095
4000,602,228,10.5,14.9,7.66,52.0,2900,29,47.5,778,2530,200,690,76.92,2001,1519.03,84.21,52.0,7.66,2.58,1.42,289.86,1.317285409
6000,602,228,10.5,14.9,7.66,52.0,2900,29,47.5,778,2530,200,690,76.92,2001,739.91,126.32,52.0,7.66,2.58,1.42,289.86,2.704400411
8000,602,228,10.5,14.9,7.66,52.0,2900,29,47.5,778,2530,200,690,76.92,2001,462.41,168.42,52.0,7.66,2.58,1.42,289.86,4.327314624
9000,602,228,10.5,14.9,7.66,52.0,2900,29,47.5,778,2530,200,690,76.92,2001,385.85,189.47,52.0,7.66,2.58,1.42,289.86,5.185954066
10000,602,228,10.5,14.9,7.66,52.0,2900,29,47.5,778,2530,200,690,76.92,2001,330.10,210.53,52.0,7.66,2.58,1.42,289.86,6.061797961
1700,602,179,10.9,15.0,5.97,50.1,2510,14,35.1,712,1240,200,690,76.92,1731.9,3901.25,48.43,50.1,5.97,3.28,1.38,289.86,0.4439342506
2500,602,179,10.9,15.0,5.97,50.1,2510,14,35.1,712,1240,200,690,76.92,1731.9,1866.55,71.23,50.1,5.97,3.28,1.38,289.86,0.9278628282
4000,602,179,10.9,15.0,5.97,50.1,2510,14,35.1,712,1240,200,690,76.92,1731.9,795.84,113.96,50.1,5.97,3.28,1.38,289.86,2.176181423
5000,602,179,10.9,15.0,5.97,50.1,2510,14,35.1,712,1240,200,690,76.92,1731.9,545.80,142.45,50.1,5.97,3.28,1.38,289.86,3.1731366
6000,602,179,10.9,15.0,5.97,50.1,2510,14,35.1,712,1240,200,690,76.92,1731.9,407.85,170.94,50.1,5.97,3.28,1.38,289.86,4.246458826
7000,602,179,10.9,15.0,5.97,50.1,2510,14,35.1,712,1240,200,690,76.92,1731.9,322.88,199.43,50.1,5.97,3.28,1.38,289.86,5.363940889
1700,599,178,10.0,12.8,6.94,54.6,2200,12,34.0,491,1040,200,690,76.92,1518,3257.35,50.00,54.6,6.94,3.29,1.28,289.86,0.4660235304
2500,599,178,10.0,12.8,6.94,54.6,2200,12,34.0,491,1040,200,690,76.92,1518,1549.77,73.53,54.6,6.94,3.29,1.28,289.86,0.9794995538
4000,599,178,10.0,12.8,6.94,54.6,2200,12,34.0,491,1040,200,690,76.92,1518,652.26,117.65,54.6,6.94,3.29,1.28,289.86,2.327288231
5000,599,178,10.0,12.8,6.94,54.6,2200,12,34.0,491,1040,200,690,76.92,1518,443.34,147.06,54.6,6.94,3.29,1.28,289.86,3.423970278
6000,599,178,10.0,12.8,6.94,54.6,2200,12,34.0,491,1040,200,690,76.92,1518,328.53,176.47,54.6,6.94,3.29,1.28,289.86,4.620649313
7000,599,178,10.0,12.8,6.94,54.6,2200,12,34.0,491,1040,200,690,76.92,1518,258.15,205.88,54.6,6.94,3.29,1.28,289.86,5.88039451
4000,612,328,31.0,55.6,2.95,14.2,12300,328,78.7,44500,25400,200,690,76.92,8487,21338.14,50.83,14.2,2.95,1.70,1.79,289.86,0.3977385922
4500,612,328,31.0,55.6,2.95,14.2,12300,328,78.7,44500,25400,200,690,76.92,8487,17990.84,57.18,14.2,2.95,1.70,1.79,289.86,0.4717400176
5000,612,328,31.0,55.6,2.95,14.2,12300,328,78.7,44500,25400,200,690,76.92,8487,15532.72,63.53,14.2,2.95,1.70,1.79,289.86,0.5463948346
5500,612,328,31.0,55.6,2.95,14.2,12300,328,78.7,44500,25400,200,690,76.92,8487,13660.47,69.89,14.2,2.95,1.70,1.79,289.86,0.6212815586
6000,612,328,31.0,55.6,2.95,14.2,12300,328,78.7,44500,25400,200,690,76.92,8487,12191.49,76.24,14.2,2.95,1.70,1.79,289.86,0.6961412772
30000,612,328,31.0,55.6,2.95,14.2,12300,328,78.7,44500,25400,200,690,76.92,8487,2072.37,381.19,14.2,2.95,1.70,1.79,289.86,4.095316964
4000,602,325,27.9,50.5,3.22,15.8,11000,291,78.2,33600,22100,200,690,76.92,7590,18089.07,51.15,15.8,3.22,1.70,1.81,289.86,0.4195904471
4500,602,325,27.9,50.5,3.22,15.8,11000,291,78.2,33600,22100,200,690,76.92,7590,15188.29,57.54,15.8,3.22,1.70,1.81,289.86,0.4997269421
5000,602,325,27.9,50.5,3.22,15.8,11000,291,78.2,33600,22100,200,690,76.92,7590,13065.80,63.94,15.8,3.22,1.70,1.81,289.86,0.5809058379
5500,602,325,27.9,50.5,3.22,15.8,11000,291,78.2,33600,22100,200,690,76.92,7590,11455.05,70.33,15.8,3.22,1.70,1.81,289.86,0.6625897802
6000,602,325,27.9,50.5,3.22,15.8,11000,291,78.2,33600,22100,200,690,76.92,7590,10195.72,76.73,15.8,3.22,1.70,1.81,289.86,0.7444302088
30000,602,325,27.9,50.5,3.22,15.8,11000,291,78.2,33600,22100,200,690,76.92,7590,1698.22,383.63,15.8,3.22,1.70,1.81,289.86,4.469375096
4000,594,323,25.4,45.5,3.55,17.5,9850,256,77.2,24800,19300,200,690,76.92,6796.5,15246.22,51.81,17.5,3.55,1.70,1.79,289.86,0.4457824946
4500,594,323,25.4,45.5,3.55,17.5,9850,256,77.2,24800,19300,200,690,76.92,6796.5,12738.20,58.29,17.5,3.55,1.70,1.79,289.86,0.5335526972
5000,594,323,25.4,45.5,3.55,17.5,9850,256,77.2,24800,19300,200,690,76.92,6796.5,10910.22,64.77,17.5,3.55,1.70,1.79,289.86,0.6229482364
5500,594,323,25.4,45.5,3.55,17.5,9850,256,77.2,24800,19300,200,690,76.92,6796.5,9528.51,71.24,17.5,3.55,1.70,1.79,289.86,0.7132807164
6000,594,323,25.4,45.5,3.55,17.5,9850,256,77.2,24800,19300,200,690,76.92,6796.5,8452.53,77.72,17.5,3.55,1.70,1.79,289.86,0.8040783344
30000,594,323,25.4,45.5,3.55,17.5,9850,256,77.2,24800,19300,200,690,76.92,6796.5,1370.74,388.60,17.5,3.55,1.70,1.79,289.86,4.958263924
3800,584,320,23.1,41.5,3.86,20.6,8690,226,76.7,17000,16600,200,690,76.92,5996.1,13770.85,49.54,20.6,3.86,1.70,1.79,289.86,0.4354197903
4300,584,320,23.1,41.5,3.86,20.6,8690,226,76.7,17000,16600,200,690,76.92,5996.1,11292.44,56.06,20.6,3.86,1.70,1.79,289.86,0.5309834324
4800,584,320,23.1,41.5,3.86,20.6,8690,226,76.7,17000,16600,200,690,76.92,5996.1,9524.06,62.58,20.6,3.86,1.70,1.79,289.86,0.6295740264
5300,584,320,23.1,41.5,3.86,20.6,8690,226,76.7,17000,16600,200,690,76.92,5996.1,8211.70,69.10,20.6,3.86,1.70,1.79,289.86,0.7301898857
5800,584,320,23.1,41.5,3.86,20.6,8690,226,76.7,17000,16600,200,690,76.92,5996.1,7206.05,75.62,20.6,3.86,1.70,1.79,289.86,0.8320924896
30000,584,320,23.1,41.5,3.86,20.6,8690,226,76.7,17000,16600,200,690,76.92,5996.1,1069.27,391.13,20.6,3.86,1.70,1.79,289.86,5.607675485
3700,577,318,21.1,37.7,4.22,22.6,7800,201,76.2,12800,14600,200,690,76.92,5382,12396.40,48.56,22.6,4.22,1.70,1.79,289.86,0.4341582832
4200,577,318,21.1,37.7,4.22,22.6,7800,201,76.2,12800,14600,200,690,76.92,5382,10053.13,55.12,22.6,4.22,1.70,1.79,289.86,0.5353557956
4700,577,318,21.1,37.7,4.22,22.6,7800,201,76.2,12800,14600,200,690,76.92,5382,8400.09,61.68,22.6,4.22,1.70,1.79,289.86,0.6407073782
5200,577,318,21.1,37.7,4.22,22.6,7800,201,76.2,12800,14600,200,690,76.92,5382,7185.44,68.24,22.6,4.22,1.70,1.79,289.86,0.7490146678
5700,577,318,21.1,37.7,4.22,22.6,7800,201,76.2,12800,14600,200,690,76.92,5382,6262.84,74.80,22.6,4.22,1.70,1.79,289.86,0.859354506
30000,577,318,21.1,37.7,4.22,22.6,7800,201,76.2,12800,14600,200,690,76.92,5382,876.99,393.70,22.6,4.22,1.70,1.79,289.86,6.136868247
3500,572,315,19.1,34.5,4.57,25.0,7080,181,75.9,9820,13000,200,690,76.92,4885.2,11943.83,46.11,25.0,4.57,1.71,1.80,289.86,0.4090145192
4000,572,315,19.1,34.5,4.57,25.0,7080,181,75.9,9820,13000,200,690,76.92,4885.2,9508.22,52.70,25.0,4.57,1.71,1.80,289.86,0.5137871405
4500,572,315,19.1,34.5,4.57,25.0,7080,181,75.9,9820,13000,200,690,76.92,4885.2,7825.62,59.29,25.0,4.57,1.71,1.80,289.86,0.6242571108
5000,572,315,19.1,34.5,4.57,25.0,7080,181,75.9,9820,13000,200,690,76.92,4885.2,6610.58,65.88,25.0,4.57,1.71,1.80,289.86,0.7389974854
5500,572,315,19.1,34.5,4.57,25.0,7080,181,75.9,9820,13000,200,690,76.92,4885.2,5701.29,72.46,25.0,4.57,1.71,1.80,289.86,0.8568583113
30000,572,315,19.1,34.5,4.57,25.0,7080,181,75.9,9820,13000,200,690,76.92,4885.2,730.78,395.26,25.0,4.57,1.71,1.80,289.86,6.684942093
3500,561,318,18.3,29.2,5.44,26.1,6110,157,74.9,6410,11000,200,690,76.92,4215.9,9917.66,46.73,26.1,5.44,1.67,1.60,289.86,0.425090207
4000,561,318,18.3,29.2,5.44,26.1,6110,157,74.9,6410,11000,200,690,76.92,4215.9,7842.07,53.40,26.1,5.44,1.67,1.60,289.86,0.5376001231
4500,561,318,18.3,29.2,5.44,26.1,6110,157,74.9,6410,11000,200,690,76.92,4215.9,6411.77,60.08,26.1,5.44,1.67,1.60,289.86,0.6575247781
5000,561,318,18.3,29.2,5.44,26.1,6110,157,74.9,6410,11000,200,690,76.92,4215.9,5381.99,66.76,26.1,5.44,1.67,1.60,289.86,0.7833350181
5500,561,318,18.3,29.2,5.44,26.1,6110,157,74.9,6410,11000,200,690,76.92,4215.9,4613.95,73.43,26.1,5.44,1.67,1.60,289.86,0.9137287252
30000,561,318,18.3,29.2,5.44,26.1,6110,157,74.9,6410,11000,200,690,76.92,4215.9,552.84,400.53,26.1,5.44,1.67,1.60,289.86,7.625953295
3500,554,315,16.5,26.2,6.01,28.9,5460,139,74.4,4700,9670,200,690,76.92,3767.4,8590.08,47.04,28.9,6.01,1.68,1.59,289.86,0.438575721
4000,554,315,16.5,26.2,6.01,28.9,5460,139,74.4,4700,9670,200,690,76.92,3767.4,6763.70,53.76,28.9,6.01,1.68,1.59,289.86,0.5570026272
4500,554,315,16.5,26.2,6.01,28.9,5460,139,74.4,4700,9670,200,690,76.92,3767.4,5506.76,60.48,28.9,6.01,1.68,1.59,289.86,0.6841411663
5000,554,315,16.5,26.2,6.01,28.9,5460,139,74.4,4700,9670,200,690,76.92,3767.4,4603.22,67.20,28.9,6.01,1.68,1.59,289.86,0.8184277578
5500,554,315,16.5,26.2,6.01,28.9,5460,139,74.4,4700,9670,200,690,76.92,3767.4,3930.58,73.92,28.9,6.01,1.68,1.59,289.86,0.9584844102
30000,554,315,16.5,26.2,6.01,28.9,5460,139,74.4,4700,9670,200,690,76.92,3767.4,447.49,403.23,28.9,6.01,1.68,1.59,289.86,8.41903607
3300,551,315,15.2,24.4,6.45,31.3,5030,127,74.2,3740,8780,200,690,76.92,3470.7,8616.03,44.47,31.3,6.45,1.67,1.61,289.86,0.4028189076
3800,551,315,15.2,24.4,6.45,31.3,5030,127,74.2,3740,8780,200,690,76.92,3470.7,6657.99,51.21,31.3,6.45,1.67,1.61,289.86,0.5212831341
4300,551,315,15.2,24.4,6.45,31.3,5030,127,74.2,3740,8780,200,690,76.92,3470.7,5338.77,57.95,31.3,6.45,1.67,1.61,289.86,0.6500933026
4800,551,315,15.2,24.4,6.45,31.3,5030,127,74.2,3740,8780,200,690,76.92,3470.7,4406.52,64.69,31.3,6.45,1.67,1.61,289.86,0.787628271
5300,551,315,15.2,24.4,6.45,31.3,5030,127,74.2,3740,8780,200,690,76.92,3470.7,3722.29,71.43,31.3,6.45,1.67,1.61,289.86,0.9324103251
30000,551,315,15.2,24.4,6.45,31.3,5030,127,74.2,3740,8780,200,690,76.92,3470.7,383.05,404.31,31.3,6.45,1.67,1.61,289.86,9.060790968
3300,546,312,14.0,22.1,7.05,34.1,4570,114,73.7,2840,7840,200,690,76.92,3153.3,7624.96,44.78,34.1,7.05,1.68,1.58,289.86,0.4135497784
3800,546,312,14.0,22.1,7.05,34.1,4570,114,73.7,2840,7840,200,690,76.92,3153.3,5873.96,51.56,34.1,7.05,1.68,1.58,289.86,0.5368267599
4300,546,312,14.0,22.1,7.05,34.1,4570,114,73.7,2840,7840,200,690,76.92,3153.3,4695.01,58.34,34.1,7.05,1.68,1.58,289.86,0.6716278491
4800,546,312,14.0,22.1,7.05,34.1,4570,114,73.7,2840,7840,200,690,76.92,3153.3,3862.59,65.13,34.1,7.05,1.68,1.58,289.86,0.8163685705
5300,546,312,14.0,22.1,7.05,34.1,4570,114,73.7,2840,7840,200,690,76.92,3153.3,3252.28,71.91,34.1,7.05,1.68,1.58,289.86,0.9695673156
30000,546,312,14.0,22.1,7.05,34.1,4570,114,73.7,2840,7840,200,690,76.92,3153.3,317.99,407.06,34.1,7.05,1.68,1.58,289.86,9.916469405
3400,544,312,12.7,20.3,7.68,37.5,4150,103,73.4,2170,7040,200,690,76.92,2863.5,6428.13,46.32,37.5,7.68,1.68,1.60,289.86,0.445463671
3900,544,312,12.7,20.3,7.68,37.5,4150,103,73.4,2170,7040,200,690,76.92,2863.5,4978.70,53.13,37.5,7.68,1.68,1.60,289.86,0.5751496915
4400,544,312,12.7,20.3,7.68,37.5,4150,103,73.4,2170,7040,200,690,76.92,2863.5,3993.05,59.95,37.5,7.68,1.68,1.60,289.86,0.7171205487
4900,544,312,12.7,20.3,7.68,37.5,4150,103,73.4,2170,7040,200,690,76.92,2863.5,3291.87,66.76,37.5,7.68,1.68,1.60,289.86,0.8698712728
5400,544,312,12.7,20.3,7.68,37.5,4150,103,73.4,2170,7040,200,690,76.92,2863.5,2774.79,73.57,37.5,7.68,1.68,1.60,289.86,1.031969444
30000,544,312,12.7,20.3,7.68,37.5,4150,103,73.4,2170,7040,200,690,76.92,2863.5,265.89,408.72,37.5,7.68,1.68,1.60,289.86,10.76945122
2200,549,214,14.7,23.6,4.53,32.3,3620,39,46.7,2510,2670,200,690,76.92,2497.8,5892.70,47.11,32.3,4.53,2.46,1.61,289.86,0.4238805269
2700,549,214,14.7,23.6,4.53,32.3,3620,39,46.7,2510,2670,200,690,76.92,2497.8,4058.69,57.82,32.3,4.53,2.46,1.61,289.86,0.6154202521
3200,549,214,14.7,23.6,4.53,32.3,3620,39,46.7,2510,2670,200,690,76.92,2497.8,3010.14,68.52,32.3,4.53,2.46,1.61,289.86,0.8297949911
3700,549,214,14.7,23.6,4.53,32.3,3620,39,46.7,2510,2670,200,690,76.92,2497.8,2352.76,79.23,32.3,4.53,2.46,1.61,289.86,1.061648977
4200,549,214,14.7,23.6,4.53,32.3,3620,39,46.7,2510,2670,200,690,76.92,2497.8,1911.88,89.94,32.3,4.53,2.46,1.61,289.86,1.306462777
15000,549,214,14.7,23.6,4.53,32.3,3620,39,46.7,2510,2670,200,690,76.92,2497.8,355.17,321.20,32.3,4.53,2.46,1.61,289.86,7.032769917
2200,544,212,13.1,21.2,5.00,36.4,3210,34,46.5,1810,2320,200,690,76.92,2214.9,5074.72,47.31,36.4,5.00,2.47,1.62,289.86,0.4364579763
2700,544,212,13.1,21.2,5.00,36.4,3210,34,46.5,1810,2320,200,690,76.92,2214.9,3476.89,58.06,36.4,5.00,2.47,1.62,289.86,0.6370354296
3200,544,212,13.1,21.2,5.00,36.4,3210,34,46.5,1810,2320,200,690,76.92,2214.9,2564.50,68.82,36.4,5.00,2.47,1.62,289.86,0.8636779473
3700,544,212,13.1,21.2,5.00,36.4,3210,34,46.5,1810,2320,200,690,76.92,2214.9,1993.46,79.57,36.4,5.00,2.47,1.62,289.86,1.111081439
4200,544,212,13.1,21.2,5.00,36.4,3210,34,46.5,1810,2320,200,690,76.92,2214.9,1611.34,90.32,36.4,5.00,2.47,1.62,289.86,1.374569453
15000,544,212,13.1,21.2,5.00,36.4,3210,34,46.5,1810,2320,200,690,76.92,2214.9,285.39,322.58,36.4,5.00,2.47,1.62,289.86,7.760923999
2150,538,211,11.6,18.8,5.60,41.2,2820,29,46.0,1260,1990,200,690,76.92,1945.8,4516.27,46.74,41.2,5.60,2.46,1.62,289.86,0.4308422437
2650,538,211,11.6,18.8,5.60,41.2,2820,29,46.0,1260,1990,200,690,76.92,1945.8,3050.78,57.61,41.2,5.60,2.46,1.62,289.86,0.6378035046
3150,538,211,11.6,18.8,5.60,41.2,2820,29,46.0,1260,1990,200,690,76.92,1945.8,2224.01,68.48,41.2,5.60,2.46,1.62,289.86,0.8749054632
3650,538,211,11.6,18.8,5.60,41.2,2820,29,46.0,1260,1990,200,690,76.92,1945.8,1711.33,79.35,41.2,5.60,2.46,1.62,289.86,1.137008418
4150,538,211,11.6,18.8,5.60,41.2,2820,29,46.0,1260,1990,200,690,76.92,1945.8,1370.90,90.22,41.2,5.60,2.46,1.62,289.86,1.41935556
10000,538,211,11.6,18.8,5.60,41.2,2820,29,46.0,1260,1990,200,690,76.92,1945.8,368.30,217.39,41.2,5.60,2.46,1.62,289.86,5.283138121
2100,536,210,10.9,17.4,6.04,43.6,2620,27,45.7,1020,1820,200,690,76.92,1807.8,4295.80,45.95,43.6,6.04,2.47,1.59,289.86,0.4208297803
2600,536,210,10.9,17.4,6.04,43.6,2620,27,45.7,1020,1820,200,690,76.92,1807.8,2867.28,56.89,43.6,6.04,2.47,1.59,289.86,0.6304919915
3100,536,210,10.9,17.4,6.04,43.6,2620,27,45.7,1020,1820,200,690,76.92,1807.8,2070.92,67.83,43.6,6.04,2.47,1.59,289.86,0.8729456384
3600,536,210,10.9,17.4,6.04,43.6,2620,27,45.7,1020,1820,200,690,76.92,1807.8,1581.36,78.77,43.6,6.04,2.47,1.59,289.86,1.143192028
4100,536,210,10.9,17.4,6.04,43.6,2620,27,45.7,1020,1820,200,690,76.92,1807.8,1258.50,89.72,43.6,6.04,2.47,1.59,289.86,1.436475045
10000,536,210,10.9,17.4,6.04,43.6,2620,27,45.7,1020,1820,200,690,76.92,1807.8,322.85,218.82,43.6,6.04,2.47,1.59,289.86,5.59949162
2100,533,209,10.2,15.6,6.70,46.9,2360,24,45.0,762,1600,200,690,76.92,1628.4,3771.43,46.67,46.9,6.70,2.48,1.53,289.86,0.4317724362
2600,533,209,10.2,15.6,6.70,46.9,2360,24,45.0,762,1600,200,690,76.92,1628.4,2509.46,57.78,46.9,6.70,2.48,1.53,289.86,0.6489043368
3100,533,209,10.2,15.6,6.70,46.9,2360,24,45.0,762,1600,200,690,76.92,1628.4,1806.24,68.89,46.9,6.70,2.48,1.53,289.86,0.9015390678
3600,533,209,10.2,15.6,6.70,46.9,2360,24,45.0,762,1600,200,690,76.92,1628.4,1374.23,80.00,46.9,6.70,2.48,1.53,289.86,1.184952319
4100,533,209,10.2,15.6,6.70,46.9,2360,24,45.0,762,1600,200,690,76.92,1628.4,1089.58,91.11,46.9,6.70,2.48,1.53,289.86,1.494524683
11000,533,209,10.2,15.6,6.70,46.9,2360,24,45.0,762,1600,200,690,76.92,1628.4,238.08,244.44,46.9,6.70,2.48,1.53,289.86,6.839628556
2000,528,209,9.5,13.3,7.87,50.0,2060,20,43.9,516,1340,200,690,76.92,1421.4,3454.23,45.56,50.0,7.87,2.46,1.39,289.86,0.4114952445
2500,528,209,9.5,13.3,7.87,50.0,2060,20,43.9,516,1340,200,690,76.92,1421.4,2245.64,56.95,50.0,7.87,2.46,1.39,289.86,0.6329598278
3000,528,209,9.5,13.3,7.87,50.0,2060,20,43.9,516,1340,200,690,76.92,1421.4,1588.62,68.34,50.0,7.87,2.46,1.39,289.86,0.8947398395
3500,528,209,9.5,13.3,7.87,50.0,2060,20,43.9,516,1340,200,690,76.92,1421.4,1191.96,79.73,50.0,7.87,2.46,1.39,289.86,1.192490836
4000,528,209,9.5,13.3,7.87,50.0,2060,20,43.9,516,1340,200,690,76.92,1421.4,934.03,91.12,50.0,7.87,2.46,1.39,289.86,1.521789827
10000,528,209,9.5,13.3,7.87,50.0,2060,20,43.9,516,1340,200,690,76.92,1421.4,212.22,227.79,50.0,7.87,2.46,1.39,289.86,6.697909122
2000,523,207,8.9,10.9,9.47,53.6,1750,16,42.2,334,1060,200,690,76.92,1207.5,2735.40,47.39,53.6,9.47,2.47,1.23,289.86,0.4414346087
2500,523,207,8.9,10.9,9.47,53.6,1750,16,42.2,334,1060,200,690,76.92,1207.5,1773.56,59.24,53.6,9.47,2.47,1.23,289.86,0.68083512
3000,523,207,8.9,10.9,9.47,53.6,1750,16,42.2,334,1060,200,690,76.92,1207.5,1250.80,71.09,53.6,9.47,2.47,1.23,289.86,0.9653819062
3500,523,207,8.9,10.9,9.47,53.6,1750,16,42.2,334,1060,200,690,76.92,1207.5,935.32,82.94,53.6,9.47,2.47,1.23,289.86,1.291000293
4000,523,207,8.9,10.9,9.47,53.6,1750,16,42.2,334,1060,200,690,76.92,1207.5,730.30,94.79,53.6,9.47,2.47,1.23,289.86,1.653438943
10000,523,207,8.9,10.9,9.47,53.6,1750,16,42.2,334,1060,200,690,76.92,1207.5,159.45,236.97,53.6,9.47,2.47,1.23,289.86,7.573029898
1700,536,167,10.3,16.6,5.04,46.3,2110,13,34.3,737,857,200,690,76.92,1455.9,3091.52,49.56,46.3,5.04,3.11,1.61,289.86,0.4709339485
2200,536,167,10.3,16.6,5.04,46.3,2110,13,34.3,737,857,200,690,76.92,1455.9,1900.16,64.14,46.3,5.04,3.11,1.61,289.86,0.7661974644
2700,536,167,10.3,16.6,5.04,46.3,2110,13,34.3,737,857,200,690,76.92,1455.9,1305.36,78.72,46.3,5.04,3.11,1.61,289.86,1.115320418
3200,536,167,10.3,16.6,5.04,46.3,2110,13,34.3,737,857,200,690,76.92,1455.9,965.52,93.29,46.3,5.04,3.11,1.61,289.86,1.507892541
3700,536,167,10.3,16.6,5.04,46.3,2110,13,34.3,737,857,200,690,76.92,1455.9,752.64,107.87,46.3,5.04,3.11,1.61,289.86,1.934385827
10000,536,167,10.3,16.6,5.04,46.3,2110,13,34.3,737,857,200,690,76.92,1455.9,177.95,291.55,46.3,5.04,3.11,1.61,289.86,8.181395228
1550,528,166,9.7,13.6,6.10,49.4,1800,10,33.0,475,690,200,690,76.92,1242,2974.70,46.97,49.4,6.10,3.10,1.41,289.86,0.4175204745
2050,528,166,9.7,13.6,6.10,49.4,1800,10,33.0,475,690,200,690,76.92,1242,1738.73,62.12,49.4,6.10,3.10,1.41,289.86,0.7143124693
2550,528,166,9.7,13.6,6.10,49.4,1800,10,33.0,475,690,200,690,76.92,1242,1154.46,77.27,49.4,6.10,3.10,1.41,289.86,1.07582587
3050,528,166,9.7,13.6,6.10,49.4,1800,10,33.0,475,690,200,690,76.92,1242,832.38,92.42,49.4,6.10,3.10,1.41,289.86,1.492103757
3550,528,166,9.7,13.6,6.10,49.4,1800,10,33.0,475,690,200,690,76.92,1242,635.81,107.58,49.4,6.10,3.10,1.41,289.86,1.953404316
10000,528,166,9.7,13.6,6.10,49.4,1800,10,33.0,475,690,200,690,76.92,1242,132.93,303.03,49.4,6.10,3.10,1.41,289.86,9.343188931
1500,526,165,8.9,11.4,7.22,53.6,1560,9,32.0,320,567,200,690,76.92,1076.4,2602.88,46.88,53.6,7.22,3.12,1.29,289.86,0.4135422075
2000,526,165,8.9,11.4,7.22,53.6,1560,9,32.0,320,567,200,690,76.92,1076.4,1490.72,62.50,53.6,7.22,3.12,1.29,289.86,0.7220650011
2500,526,165,8.9,11.4,7.22,53.6,1560,9,32.0,320,567,200,690,76.92,1076.4,975.52,78.13,53.6,7.22,3.12,1.29,289.86,1.10341195
3000,526,165,8.9,11.4,7.22,53.6,1560,9,32.0,320,567,200,690,76.92,1076.4,695.22,93.75,53.6,7.22,3.12,1.29,289.86,1.548283102
3500,526,165,8.9,11.4,7.22,53.6,1560,9,32.0,320,567,200,690,76.92,1076.4,525.79,109.38,53.6,7.22,3.12,1.29,289.86,2.047194406
8000,526,165,8.9,11.4,7.22,53.6,1560,9,32.0,320,567,200,690,76.92,1076.4,138.60,250.00,53.6,7.22,3.12,1.29,289.86,7.766323107
4700,566,305,38.6,69.6,2.19,10.4,12400,331,74.9,73300,20500,200,690,76.92,8556,19472.54,62.75,10.4,2.19,1.63,1.80,289.86,0.4393879043
5200,566,305,38.6,69.6,2.19,10.4,12400,331,74.9,73300,20500,200,690,76.92,8556,17200.61,69.43,10.4,2.19,1.63,1.80,289.86,0.4974241762
5700,566,305,38.6,69.6,2.19,10.4,12400,331,74.9,73300,20500,200,690,76.92,8556,15413.27,76.10,10.4,2.19,1.63,1.80,289.86,0.555106026
6200,566,305,38.6,69.6,2.19,10.4,12400,331,74.9,73300,20500,200,690,76.92,8556,13970.44,82.78,10.4,2.19,1.63,1.80,289.86,0.6124360062
6700,566,305,38.6,69.6,2.19,10.4,12400,331,74.9,73300,20500,200,690,76.92,8556,12780.91,89.45,10.4,2.19,1.63,1.80,289.86,0.6694356708
30000,566,305,38.6,69.6,2.19,10.4,12400,331,74.9,73300,20500,200,690,76.92,8556,2660.94,400.53,10.4,2.19,1.63,1.80,289.86,3.215406246
4500,556,302,35.6,63.4,2.38,11.3,11100,293,73.9,55800,17700,200,690,76.92,7659,17174.05,60.89,11.3,2.38,1.63,1.78,289.86,0.4459636381
5000,556,302,35.6,63.4,2.38,11.3,11100,293,73.9,55800,17700,200,690,76.92,7659,15029.74,67.66,11.3,2.38,1.63,1.78,289.86,0.509589728
5500,556,302,35.6,63.4,2.38,11.3,11100,293,73.9,55800,17700,200,690,76.92,7659,13369.00,74.42,11.3,2.38,1.63,1.78,289.86,0.5728923987
6000,556,302,35.6,63.4,2.38,11.3,11100,293,73.9,55800,17700,200,690,76.92,7659,12045.62,81.19,11.3,2.38,1.63,1.78,289.86,0.6358328069
6500,556,302,35.6,63.4,2.38,11.3,11100,293,73.9,55800,17700,200,690,76.92,7659,10966.32,87.96,11.3,2.38,1.63,1.78,289.86,0.6984109073
30000,556,302,35.6,63.4,2.38,11.3,11100,293,73.9,55800,17700,200,690,76.92,7659,2185.50,405.95,11.3,2.38,1.63,1.78,289.86,3.504465646
4000,546,300,32.5,58.6,2.56,12.5,10000,261,73.2,42900,15500,200,690,76.92,6900,16971.09,54.64,12.5,2.56,1.62,1.80,289.86,0.4065736648
4500,546,300,32.5,58.6,2.56,12.5,10000,261,73.2,42900,15500,200,690,76.92,6900,14493.01,61.48,12.5,2.56,1.62,1.80,289.86,0.4760916634
5000,546,300,32.5,58.6,2.56,12.5,10000,261,73.2,42900,15500,200,690,76.92,6900,12648.55,68.31,12.5,2.56,1.62,1.80,289.86,0.5455168898
5500,546,300,32.5,58.6,2.56,12.5,10000,261,73.2,42900,15500,200,690,76.92,6900,11225.50,75.14,12.5,2.56,1.62,1.80,289.86,0.6146719714
6000,546,300,32.5,58.6,2.56,12.5,10000,261,73.2,42900,15500,200,690,76.92,6900,10095.42,81.97,12.5,2.56,1.62,1.80,289.86,0.6834783972
30000,546,300,32.5,58.6,2.56,12.5,10000,261,73.2,42900,15500,200,690,76.92,6900,1809.75,409.84,12.5,2.56,1.62,1.80,289.86,3.812680452
4000,536,297,29.5,53.8,2.76,13.8,9000,232,72.4,32800,13500,200,690,76.92,6210,14343.48,55.25,13.8,2.76,1.62,1.82,289.86,0.4329492447
4500,536,297,29.5,53.8,2.76,13.8,9000,232,72.4,32800,13500,200,690,76.92,6210,12206.17,62.15,13.8,2.76,1.62,1.82,289.86,0.5087590739
5000,536,297,29.5,53.8,2.76,13.8,9000,232,72.4,32800,13500,200,690,76.92,6210,10621.79,69.06,13.8,2.76,1.62,1.82,289.86,0.5846470337
5500,536,297,29.5,53.8,2.76,13.8,9000,232,72.4,32800,13500,200,690,76.92,6210,9404.02,75.97,13.8,2.76,1.62,1.82,289.86,0.6603558938
6000,536,297,29.5,53.8,2.76,13.8,9000,232,72.4,32800,13500,200,690,76.92,6210,8440.31,82.87,13.8,2.76,1.62,1.82,289.86,0.735754841
30000,536,297,29.5,53.8,2.76,13.8,9000,232,72.4,32800,13500,200,690,76.92,6210,1493.00,414.36,13.8,2.76,1.62,1.82,289.86,4.159422082
4000,526,295,26.9,48.8,3.02,15.1,8030,205,71.6,24400,11700,200,690,76.92,5540.7,12004.57,55.87,15.1,3.02,1.62,1.82,289.86,0.461549158
4500,526,295,26.9,48.8,3.02,15.1,8030,205,71.6,24400,11700,200,690,76.92,5540.7,10172.30,62.85,15.1,3.02,1.62,1.82,289.86,0.5446850319
5000,526,295,26.9,48.8,3.02,15.1,8030,205,71.6,24400,11700,200,690,76.92,5540.7,8820.21,69.83,15.1,3.02,1.62,1.82,289.86,0.6281820146
5500,526,295,26.9,48.8,3.02,15.1,8030,205,71.6,24400,11700,200,690,76.92,5540.7,7785.49,76.82,15.1,3.02,1.62,1.82,289.86,0.7116703629
6000,526,295,26.9,48.8,3.02,15.1,8030,205,71.6,24400,11700,200,690,76.92,5540.7,6969.95,83.80,15.1,3.02,1.62,1.82,289.86,0.7949413285
30000,526,295,26.9,48.8,3.02,15.1,8030,205,71.6,24400,11700,200,690,76.92,5540.7,1211.62,418.99,15.1,3.02,1.62,1.82,289.86,4.572985656
3800,518,292,24.4,44.6,3.27,16.7,7240,183,70.9,18600,10200,200,690,76.92,4995.6,11012.75,53.60,16.7,3.27,1.62,1.83,289.86,0.4536196677
4300,518,292,24.4,44.6,3.27,16.7,7240,183,70.9,18600,10200,200,690,76.92,4995.6,9191.10,60.65,16.7,3.27,1.62,1.83,289.86,0.5435257193
4800,518,292,24.4,44.6,3.27,16.7,7240,183,70.9,18600,10200,200,690,76.92,4995.6,7874.51,67.70,16.7,3.27,1.62,1.83,289.86,0.6344014869
5300,518,292,24.4,44.6,3.27,16.7,7240,183,70.9,18600,10200,200,690,76.92,4995.6,6884.26,74.75,16.7,3.27,1.62,1.83,289.86,0.7256549842
5800,518,292,24.4,44.6,3.27,16.7,7240,183,70.9,18600,10200,200,690,76.92,4995.6,6115.14,81.81,16.7,3.27,1.62,1.83,289.86,0.8169234227
30000,518,292,24.4,44.6,3.27,16.7,7240,183,70.9,18600,10200,200,690,76.92,4995.6,1000.45,423.13,16.7,3.27,1.62,1.83,289.86,4.993354397
3500,508,290,22.6,40.5,3.58,18.0,6520,163,70.1,14100,8940,200,690,76.92,4498.8,10668.64,49.93,18.0,3.58,1.61,1.79,289.86,0.4216843132
4000,508,290,22.6,40.5,3.58,18.0,6520,163,70.1,14100,8940,200,690,76.92,4498.8,8688.60,57.06,18.0,3.58,1.61,1.79,289.86,0.517781841
4500,508,290,22.6,40.5,3.58,18.0,6520,163,70.1,14100,8940,200,690,76.92,4498.8,7303.16,64.19,18.0,3.58,1.61,1.79,289.86,0.6160076902
5000,508,290,22.6,40.5,3.58,18.0,6520,163,70.1,14100,8940,200,690,76.92,4498.8,6288.50,71.33,18.0,3.58,1.61,1.79,289.86,0.7154007947
5500,508,290,22.6,40.5,3.58,18.0,6520,163,70.1,14100,8940,200,690,76.92,4498.8,5517.78,78.46,18.0,3.58,1.61,1.79,289.86,0.8153278983
30000,508,290,22.6,40.5,3.58,18.0,6520,163,70.1,14100,8940,200,690,76.92,4498.8,823.07,427.96,18.0,3.58,1.61,1.79,289.86,5.46586052
3400,500,287,20.6,36.6,3.92,19.8,5830,144,69.6,10500,7790,200,690,76.92,4022.7,9497.97,48.85,19.8,3.92,1.61,1.78,289.86,0.4235327014
3900,500,287,20.6,36.6,3.92,19.8,5830,144,69.6,10500,7790,200,690,76.92,4022.7,7637.13,56.03,19.8,3.92,1.61,1.78,289.86,0.5267290924
4400,500,287,20.6,36.6,3.92,19.8,5830,144,69.6,10500,7790,200,690,76.92,4022.7,6353.18,63.22,19.8,3.92,1.61,1.78,289.86,0.6331794468
4900,500,287,20.6,36.6,3.92,19.8,5830,144,69.6,10500,7790,200,690,76.92,4022.7,5424.08,70.40,19.8,3.92,1.61,1.78,289.86,0.7416371585
5400,500,287,20.6,36.6,3.92,19.8,5830,144,69.6,10500,7790,200,690,76.92,4022.7,4725.73,77.59,19.8,3.92,1.61,1.78,289.86,0.8512338161
30000,500,287,20.6,36.6,3.92,19.8,5830,144,69.6,10500,7790,200,690,76.92,4022.7,668.60,431.03,19.8,3.92,1.61,1.78,289.86,6.01661191
3400,495,284,18.5,33.4,4.25,22.0,5280,129,69.1,7990,6900,200,690,76.92,3643.2,8232.32,49.20,22.0,4.25,1.63,1.81,289.86,0.4425484158
3900,495,284,18.5,33.4,4.25,22.0,5280,129,69.1,7990,6900,200,690,76.92,3643.2,6586.71,56.44,22.0,4.25,1.63,1.81,289.86,0.5531139998
4400,495,284,18.5,33.4,4.25,22.0,5280,129,69.1,7990,6900,200,690,76.92,3643.2,5454.55,63.68,22.0,4.25,1.63,1.81,289.86,0.6679191479
4900,495,284,18.5,33.4,4.25,22.0,5280,129,69.1,7990,6900,200,690,76.92,3643.2,4637.92,70.91,22.0,4.25,1.63,1.81,289.86,0.785524333
5400,495,284,18.5,33.4,4.25,22.0,5280,129,69.1,7990,6900,200,690,76.92,3643.2,4026.16,78.15,22.0,4.25,1.63,1.81,289.86,0.9048816902
30000,495,284,18.5,33.4,4.25,22.0,5280,129,69.1,7990,6900,200,690,76.92,3643.2,552.96,434.15,22.0,4.25,1.63,1.81,289.86,6.588530185
3200,490,284,17.0,30.5,4.65,23.9,4750,116,68.6,6040,6100,200,690,76.92,3277.5,7934.20,46.65,23.9,4.65,1.62,1.80,289.86,0.413085053
3700,490,284,17.0,30.5,4.65,23.9,4750,116,68.6,6040,6100,200,690,76.92,3277.5,6211.41,53.94,23.9,4.65,1.62,1.80,289.86,0.5276581752
4200,490,284,17.0,30.5,4.65,23.9,4750,116,68.6,6040,6100,200,690,76.92,3277.5,5055.20,61.22,23.9,4.65,1.62,1.80,289.86,0.6483422179
4700,490,284,17.0,30.5,4.65,23.9,4750,116,68.6,6040,6100,200,690,76.92,3277.5,4238.04,68.51,23.9,4.65,1.62,1.80,289.86,0.773352819
5200,490,284,17.0,30.5,4.65,23.9,4750,116,68.6,6040,6100,200,690,76.92,3277.5,3636.33,75.80,23.9,4.65,1.62,1.80,289.86,0.9013196082
30000,490,284,17.0,30.5,4.65,23.9,4750,116,68.6,6040,6100,200,690,76.92,3277.5,456.83,437.32,23.9,4.65,1.62,1.80,289.86,7.174414184
3100,483,287,16.6,27.0,5.31,24.5,4290,105,68.3,4410,5450,200,690,76.92,2960.1,7347.68,45.39,24.5,5.31,1.59,1.63,289.86,0.4028617597
3600,483,287,16.6,27.0,5.31,24.5,4290,105,68.3,4410,5450,200,690,76.92,2960.1,5664.94,52.71,24.5,5.31,1.59,1.63,289.86,0.5225296012
4100,483,287,16.6,27.0,5.31,24.5,4290,105,68.3,4410,5450,200,690,76.92,2960.1,4551.81,60.03,24.5,5.31,1.59,1.63,289.86,0.6503126866
4600,483,287,16.6,27.0,5.31,24.5,4290,105,68.3,4410,5450,200,690,76.92,2960.1,3774.67,67.35,24.5,5.31,1.59,1.63,289.86,0.784200124
5100,483,287,16.6,27.0,5.31,24.5,4290,105,68.3,4410,5450,200,690,76.92,2960.1,3208.58,74.67,24.5,5.31,1.59,1.63,289.86,0.9225587168
30000,483,287,16.6,27.0,5.31,24.5,4290,105,68.3,4410,5450,200,690,76.92,2960.1,372.54,439.24,24.5,5.31,1.59,1.63,289.86,7.945631835
3100,475,284,15.0,23.8,5.96,27.2,3770,92,67.6,3110,4670,200,690,76.92,2601.3,6220.66,45.86,27.2,5.96,1.59,1.59,289.86,0.4181713739
3600,475,284,15.0,23.8,5.96,27.2,3770,92,67.6,3110,4670,200,690,76.92,2601.3,4770.48,53.25,27.2,5.96,1.59,1.59,289.86,0.5452910375
4100,475,284,15.0,23.8,5.96,27.2,3770,92,67.6,3110,4670,200,690,76.92,2601.3,3812.91,60.65,27.2,5.96,1.59,1.59,289.86,0.6822346747
4600,475,284,15.0,23.8,5.96,27.2,3770,92,67.6,3110,4670,200,690,76.92,2601.3,3145.86,68.05,27.2,5.96,1.59,1.59,289.86,0.8268968811
5100,475,284,15.0,23.8,5.96,27.2,3770,92,67.6,3110,4670,200,690,76.92,2601.3,2661.20,75.44,27.2,5.96,1.59,1.59,289.86,0.977491844
30000,475,284,15.0,23.8,5.96,27.2,3770,92,67.6,3110,4670,200,690,76.92,2601.3,293.28,443.79,27.2,5.96,1.59,1.59,289.86,8.86981914
3100,472,282,13.6,22.0,6.41,30.0,3460,84,67.3,2440,4240,200,690,76.92,2387.4,5588.63,46.06,30.0,6.41,1.60,1.62,289.86,0.4271890952
3600,472,282,13.6,22.0,6.41,30.0,3460,84,67.3,2440,4240,200,690,76.92,2387.4,4270.18,53.49,30.0,6.41,1.60,1.62,289.86,0.559086594
4100,472,282,13.6,22.0,6.41,30.0,3460,84,67.3,2440,4240,200,690,76.92,2387.4,3400.51,60.92,30.0,6.41,1.60,1.62,289.86,0.7020703002
4600,472,282,13.6,22.0,6.41,30.0,3460,84,67.3,2440,4240,200,690,76.92,2387.4,2795.50,68.35,30.0,6.41,1.60,1.62,289.86,0.854014387
5100,472,282,13.6,22.0,6.41,30.0,3460,84,67.3,2440,4240,200,690,76.92,2387.4,2356.62,75.78,30.0,6.41,1.60,1.62,289.86,1.013061294
30000,472,282,13.6,22.0,6.41,30.0,3460,84,67.3,2440,4240,200,690,76.92,2387.4,249.12,445.77,30.0,6.41,1.60,1.62,289.86,9.583464898
3000,467,282,12.2,19.6,7.20,33.4,3050,73,66.8,1710,3650,200,690,76.92,2104.5,5053.68,44.91,33.4,7.20,1.59,1.61,289.86,0.4164294812
3500,467,282,12.2,19.6,7.20,33.4,3050,73,66.8,1710,3650,200,690,76.92,2104.5,3806.34,52.40,33.4,7.20,1.59,1.61,289.86,0.5528937118
4000,467,282,12.2,19.6,7.20,33.4,3050,73,66.8,1710,3650,200,690,76.92,2104.5,2994.64,59.88,33.4,7.20,1.59,1.61,289.86,0.7027547494
4500,467,282,12.2,19.6,7.20,33.4,3050,73,66.8,1710,3650,200,690,76.92,2104.5,2436.15,67.37,33.4,7.20,1.59,1.61,289.86,0.8638643281
5000,467,282,12.2,19.6,7.20,33.4,3050,73,66.8,1710,3650,200,690,76.92,2104.5,2034.79,74.85,33.4,7.20,1.59,1.61,289.86,1.034260382
25000,467,282,12.2,19.6,7.20,33.4,3050,73,66.8,1710,3650,200,690,76.92,2104.5,237.59,374.25,33.4,7.20,1.59,1.61,289.86,8.857629817
3000,462,279,10.8,17.2,8.11,37.8,2670,63,66.3,1180,3140,200,690,76.92,1842.3,4309.36,45.25,37.8,8.11,1.59,1.59,289.86,0.4275117125
3500,462,279,10.8,17.2,8.11,37.8,2670,63,66.3,1180,3140,200,690,76.92,1842.3,3231.94,52.79,37.8,8.11,1.59,1.59,289.86,0.5700288355
4000,462,279,10.8,17.2,8.11,37.8,2670,63,66.3,1180,3140,200,690,76.92,1842.3,2531.41,60.33,37.8,8.11,1.59,1.59,289.86,0.7277762138
4500,462,279,10.8,17.2,8.11,37.8,2670,63,66.3,1180,3140,200,690,76.92,1842.3,2049.93,67.87,37.8,8.11,1.59,1.59,289.86,0.8987119209
5000,462,279,10.8,17.2,8.11,37.8,2670,63,66.3,1180,3140,200,690,76.92,1842.3,1704.41,75.41,37.8,8.11,1.59,1.59,289.86,1.080903744
30000,462,279,10.8,17.2,8.11,37.8,2670,63,66.3,1180,3140,200,690,76.92,1842.3,152.53,452.49,37.8,8.11,1.59,1.59,289.86,12.07794326
2000,470,194,12.6,20.6,4.71,32.4,2390,25,43.2,1450,1260,200,690,76.92,1649.1,3948.14,46.30,32.4,4.71,2.32,1.63,289.86,0.4176901857
2500,470,194,12.6,20.6,4.71,32.4,2390,25,43.2,1450,1260,200,690,76.92,1649.1,2632.68,57.87,32.4,4.71,2.32,1.63,289.86,0.6263948902
3000,470,194,12.6,20.6,4.71,32.4,2390,25,43.2,1450,1260,200,690,76.92,1649.1,1914.28,69.44,32.4,4.71,2.32,1.63,289.86,0.8614709812
3500,470,194,12.6,20.6,4.71,32.4,2390,25,43.2,1450,1260,200,690,76.92,1649.1,1477.63,81.02,32.4,4.71,2.32,1.63,289.86,1.116044377
4000,470,194,12.6,20.6,4.71,32.4,2390,25,43.2,1450,1260,200,690,76.92,1649.1,1191.13,92.59,32.4,4.71,2.32,1.63,289.86,1.384487813
15000,470,194,12.6,20.6,4.71,32.4,2390,25,43.2,1450,1260,200,690,76.92,1649.1,215.24,347.22,32.4,4.71,2.32,1.63,289.86,7.661826447
2000,467,193,11.4,19.1,5.06,35.7,2180,23,42.9,1140,1140,200,690,76.92,1504.2,3543.39,46.62,35.7,5.06,2.32,1.67,289.86,0.4245087603
2500,467,193,11.4,19.1,5.06,35.7,2180,23,42.9,1140,1140,200,690,76.92,1504.2,2352.21,58.28,35.7,5.06,2.32,1.67,289.86,0.6394836095
3000,467,193,11.4,19.1,5.06,35.7,2180,23,42.9,1140,1140,200,690,76.92,1504.2,1702.41,69.93,35.7,5.06,2.32,1.67,289.86,0.883571343
3500,467,193,11.4,19.1,5.06,35.7,2180,23,42.9,1140,1140,200,690,76.92,1504.2,1308.07,81.59,35.7,5.06,2.32,1.67,289.86,1.149934687
4000,467,193,11.4,19.1,5.06,35.7,2180,23,42.9,1140,1140,200,690,76.92,1504.2,1049.86,93.24,35.7,5.06,2.32,1.67,289.86,1.432764758
15000,467,193,11.4,19.1,5.06,35.7,2180,23,42.9,1140,1140,200,690,76.92,1504.2,183.12,349.65,35.7,5.06,2.32,1.67,289.86,8.214086737
2000,462,192,10.5,17.6,5.44,38.7,2020,21,42.7,903,1030,200,690,76.92,1393.8,3197.79,46.84,38.7,5.44,2.31,1.68,289.86,0.4358637006
2500,462,192,10.5,17.6,5.44,38.7,2020,21,42.7,903,1030,200,690,76.92,1393.8,2114.66,58.55,38.7,5.44,2.31,1.68,289.86,0.6591142513
3000,462,192,10.5,17.6,5.44,38.7,2020,21,42.7,903,1030,200,690,76.92,1393.8,1524.30,70.26,38.7,5.44,2.31,1.68,289.86,0.9143879561
3500,462,192,10.5,17.6,5.44,38.7,2020,21,42.7,903,1030,200,690,76.92,1393.8,1166.48,81.97,38.7,5.44,2.31,1.68,289.86,1.194881099
4000,462,192,10.5,17.6,5.44,38.7,2020,21,42.7,903,1030,200,690,76.92,1393.8,932.54,93.68,38.7,5.44,2.31,1.68,289.86,1.494624391
10000,462,192,10.5,17.6,5.44,38.7,2020,21,42.7,903,1030,200,690,76.92,1393.8,252.13,234.19,38.7,5.44,2.31,1.68,289.86,5.528010376
2000,460,191,9.9,16.0,5.98,41.1,1840,19,42.4,691,921,200,690,76.92,1269.6,2835.38,47.17,41.1,5.98,2.32,1.61,289.86,0.4477712367
2500,460,191,9.9,16.0,5.98,41.1,1840,19,42.4,691,921,200,690,76.92,1269.6,1867.31,58.96,41.1,5.98,2.32,1.61,289.86,0.6799068223
3000,460,191,9.9,16.0,5.98,41.1,1840,19,42.4,691,921,200,690,76.92,1269.6,1340.10,70.75,41.1,5.98,2.32,1.61,289.86,0.947392853
3500,460,191,9.9,16.0,5.98,41.1,1840,19,42.4,691,921,200,690,76.92,1269.6,1020.92,82.55,41.1,5.98,2.32,1.61,289.86,1.243579474
4000,460,191,9.9,16.0,5.98,41.1,1840,19,42.4,691,921,200,690,76.92,1269.6,812.58,94.34,41.1,5.98,2.32,1.61,289.86,1.562425366
10000,460,191,9.9,16.0,5.98,41.1,1840,19,42.4,691,921,200,690,76.92,1269.6,212.57,235.85,41.1,5.98,2.32,1.61,289.86,5.972572412
2000,457,191,9.0,14.5,6.57,45.2,1660,17,41.9,516,816,200,690,76.92,1145.4,2501.27,47.73,45.2,6.57,2.32,1.61,289.86,0.4579277217
2500,457,191,9.0,14.5,6.57,45.2,1660,17,41.9,516,816,200,690,76.92,1145.4,1640.71,59.67,45.2,6.57,2.32,1.61,289.86,0.6981118211
3000,457,191,9.0,14.5,6.57,45.2,1660,17,41.9,516,816,200,690,76.92,1145.4,1172.36,71.60,45.2,6.57,2.32,1.61,289.86,0.9770041012
3500,457,191,9.0,14.5,6.57,45.2,1660,17,41.9,516,816,200,690,76.92,1145.4,889.11,83.53,45.2,6.57,2.32,1.61,289.86,1.288258483
4000,457,191,9.0,14.5,6.57,45.2,1660,17,41.9,516,816,200,690,76.92,1145.4,704.47,95.47,45.2,6.57,2.32,1.61,289.86,1.625907479
10000,457,191,9.0,14.5,6.57,45.2,1660,17,41.9,516,816,200,690,76.92,1145.4,177.67,238.66,45.2,6.57,2.32,1.61,289.86,6.446831311
1500,460,154,9.1,15.4,5.01,44.6,1490,9,32.8,508,462,200,690,76.92,1028.1,2503.79,45.73,44.6,5.01,2.89,1.68,289.86,0.4106172805
2000,460,154,9.1,15.4,5.01,44.6,1490,9,32.8,508,462,200,690,76.92,1028.1,1455.75,60.98,44.6,5.01,2.89,1.68,289.86,0.7062349367
2500,460,154,9.1,15.4,5.01,44.6,1490,9,32.8,508,462,200,690,76.92,1028.1,969.26,76.22,44.6,5.01,2.89,1.68,289.86,1.060704609
3000,460,154,9.1,15.4,5.01,44.6,1490,9,32.8,508,462,200,690,76.92,1028.1,703.68,91.46,44.6,5.01,2.89,1.68,289.86,1.461025618
3500,460,154,9.1,15.4,5.01,44.6,1490,9,32.8,508,462,200,690,76.92,1028.1,542.35,106.71,44.6,5.01,2.89,1.68,289.86,1.895639981
10000,460,154,9.1,15.4,5.01,44.6,1490,9,32.8,508,462,200,690,76.92,1028.1,123.68,304.88,44.6,5.01,2.89,1.68,289.86,8.312290652
1500,455,153,8.0,13.4,5.73,50.9,1280,8,32.3,337,387,200,690,76.92,883.2,2091.40,46.44,50.9,5.73,2.89,1.67,289.86,0.4223009837
2000,455,153,8.0,13.4,5.73,50.9,1280,8,32.3,337,387,200,690,76.92,883.2,1208.43,61.92,50.9,5.73,2.89,1.67,289.86,0.7308659308
2500,455,153,8.0,13.4,5.73,50.9,1280,8,32.3,337,387,200,690,76.92,883.2,798.97,77.40,50.9,5.73,2.89,1.67,289.86,1.105424818
3000,455,153,8.0,13.4,5.73,50.9,1280,8,32.3,337,387,200,690,76.92,883.2,575.80,92.88,50.9,5.73,2.89,1.67,289.86,1.53385967
3500,455,153,8.0,13.4,5.73,50.9,1280,8,32.3,337,387,200,690,76.92,883.2,440.55,108.36,50.9,5.73,2.89,1.67,289.86,2.004783303
10000,455,153,8.0,13.4,5.73,50.9,1280,8,32.3,337,387,200,690,76.92,883.2,95.07,309.60,50.9,5.73,2.89,1.67,289.86,9.289946039
1450,450,152,7.6,10.8,7.06,53.5,1090,6,31.0,211,306,200,690,76.92,752.1,1764.95,46.77,53.5,7.06,2.89,1.41,289.86,0.4261319082
1950,450,152,7.6,10.8,7.06,53.5,1090,6,31.0,211,306,200,690,76.92,752.1,996.76,62.90,53.5,7.06,2.89,1.41,289.86,0.7545457033
2450,450,152,7.6,10.8,7.06,53.5,1090,6,31.0,211,306,200,690,76.92,752.1,648.15,79.03,53.5,7.06,2.89,1.41,289.86,1.160387866
2950,450,152,7.6,10.8,7.06,53.5,1090,6,31.0,211,306,200,690,76.92,752.1,460.81,95.16,53.5,7.06,2.89,1.41,289.86,1.632133375
3450,450,152,7.6,10.8,7.06,53.5,1090,6,31.0,211,306,200,690,76.92,752.1,348.46,111.29,53.5,7.06,2.89,1.41,289.86,2.15834413
10000,450,152,7.6,10.8,7.06,53.5,1090,6,31.0,211,306,200,690,76.92,752.1,69.32,322.58,53.5,7.06,2.89,1.41,289.86,10.84922902
4000,432,264,14.9,25.0,5.29,24.3,3240,77,63.8,3220,3200,200,690,76.92,2235.6,3244.72,62.70,24.3,5.29,1.54,1.67,289.86,0.6889967735
4500,432,264,14.9,25.0,5.29,24.3,3240,77,63.8,3220,3200,200,690,76.92,2235.6,2691.80,70.53,24.3,5.29,1.54,1.67,289.86,0.8305228035
5000,432,264,14.9,25.0,5.29,24.3,3240,77,63.8,3220,3200,200,690,76.92,2235.6,2290.75,78.37,24.3,5.29,1.54,1.67,289.86,0.9759266196
5500,432,264,14.9,25.0,5.29,24.3,3240,77,63.8,3220,3200,200,690,76.92,2235.6,1989.15,86.21,24.3,5.29,1.54,1.67,289.86,1.123896913
6000,432,264,14.9,25.0,5.29,24.3,3240,77,63.8,3220,3200,200,690,76.92,2235.6,1755.52,94.04,24.3,5.29,1.54,1.67,289.86,1.273471117
30000,432,264,14.9,25.0,5.29,24.3,3240,77,63.8,3220,3200,200,690,76.92,2235.6,272.40,470.22,24.3,5.29,1.54,1.67,289.86,8.206993261
2900,427,264,13.3,22.3,5.92,27.0,2870,68,63.2,2270,2740,200,690,76.92,1980.3,4725.61,45.89,27.0,5.92,1.53,1.68,289.86,0.4190567046
3400,427,264,13.3,22.3,5.92,27.0,2870,68,63.2,2270,2740,200,690,76.92,1980.3,3572.77,53.80,27.0,5.92,1.53,1.68,289.86,0.5542765481
3900,427,264,13.3,22.3,5.92,27.0,2870,68,63.2,2270,2740,200,690,76.92,1980.3,2829.51,61.71,27.0,5.92,1.53,1.68,289.86,0.6998747054
4400,427,264,13.3,22.3,5.92,27.0,2870,68,63.2,2270,2740,200,690,76.92,1980.3,2320.70,69.62,27.0,5.92,1.53,1.68,289.86,0.8533192768
4900,427,264,13.3,22.3,5.92,27.0,2870,68,63.2,2270,2740,200,690,76.92,1980.3,1955.78,77.53,27.0,5.92,1.53,1.68,289.86,1.012537197
30000,427,264,13.3,22.3,5.92,27.0,2870,68,63.2,2270,2740,200,690,76.92,1980.3,214.69,474.68,27.0,5.92,1.53,1.68,289.86,9.22383228
4000,419,262,11.6,19.4,6.77,31.2,2460,57,62.7,1490,2310,200,690,76.92,1697.4,2203.67,63.80,31.2,6.77,1.53,1.67,289.86,0.7702602427
4500,419,262,11.6,19.4,6.77,31.2,2460,57,62.7,1490,2310,200,690,76.92,1697.4,1806.28,71.77,31.2,6.77,1.53,1.67,289.86,0.9397201094
5000,419,262,11.6,19.4,6.77,31.2,2460,57,62.7,1490,2310,200,690,76.92,1697.4,1519.87,79.74,31.2,6.77,1.53,1.67,289.86,1.116806872
5500,419,262,11.6,19.4,6.77,31.2,2460,57,62.7,1490,2310,200,690,76.92,1697.4,1305.99,87.72,31.2,6.77,1.53,1.67,289.86,1.299698706
6000,419,262,11.6,19.4,6.77,31.2,2460,57,62.7,1490,2310,200,690,76.92,1697.4,1141.56,95.69,31.2,6.77,1.53,1.67,289.86,1.486912279
30000,419,262,11.6,19.4,6.77,31.2,2460,57,62.7,1490,2310,200,690,76.92,1697.4,160.80,478.47,31.2,6.77,1.53,1.67,289.86,10.55597271
2900,414,259,10.0,16.8,7.70,35.9,2130,50,62.5,995,1960,200,690,76.92,1469.7,3270.82,46.40,35.9,7.70,1.53,1.68,289.86,0.449336708
3400,414,259,10.0,16.8,7.70,35.9,2130,50,62.5,995,1960,200,690,76.92,1469.7,2442.29,54.40,35.9,7.70,1.53,1.68,289.86,0.6017712381
3900,414,259,10.0,16.8,7.70,35.9,2130,50,62.5,995,1960,200,690,76.92,1469.7,1909.97,62.40,35.9,7.70,1.53,1.68,289.86,0.7694889263
4400,414,259,10.0,16.8,7.70,35.9,2130,50,62.5,995,1960,200,690,76.92,1469.7,1547.17,70.40,35.9,7.70,1.53,1.68,289.86,0.9499253265
4900,414,259,10.0,16.8,7.70,35.9,2130,50,62.5,995,1960,200,690,76.92,1469.7,1288.36,78.40,35.9,7.70,1.53,1.68,289.86,1.140755788
30000,414,259,10.0,16.8,7.70,35.9,2130,50,62.5,995,1960,200,690,76.92,1469.7,122.72,480.00,35.9,7.70,1.53,1.68,289.86,11.9757969
1900,417,181,10.9,18.2,4.98,33.0,1720,18,40.6,924,714,200,690,76.92,1186.8,2784.14,46.80,33.0,4.98,2.20,1.67,289.86,0.4262721503
2400,417,181,10.9,18.2,4.98,33.0,1720,18,40.6,924,714,200,690,76.92,1186.8,1823.19,59.11,33.0,4.98,2.20,1.67,289.86,0.6509462707
2900,417,181,10.9,18.2,4.98,33.0,1720,18,40.6,924,714,200,690,76.92,1186.8,1311.77,71.43,33.0,4.98,2.20,1.67,289.86,0.9047335098
3400,417,181,10.9,18.2,4.98,33.0,1720,18,40.6,924,714,200,690,76.92,1186.8,1006.14,83.74,33.0,4.98,2.20,1.67,289.86,1.179555692
3900,417,181,10.9,18.2,4.98,33.0,1720,18,40.6,924,714,200,690,76.92,1186.8,807.93,96.06,33.0,4.98,2.20,1.67,289.86,1.468935536
15000,417,181,10.9,18.2,4.98,33.0,1720,18,40.6,924,714,200,690,76.92,1186.8,144.37,369.46,33.0,4.98,2.20,1.67,289.86,8.22054474
1950,414,180,9.7,16.0,5.61,37.4,1510,16,40.4,633,610,200,690,76.92,1041.9,2246.07,48.27,37.4,5.61,2.21,1.66,289.86,0.463876154
2450,414,180,9.7,16.0,5.61,37.4,1510,16,40.4,633,610,200,690,76.92,1041.9,1476.69,60.64,37.4,5.61,2.21,1.66,289.86,0.705562113
2950,414,180,9.7,16.0,5.61,37.4,1510,16,40.4,633,610,200,690,76.92,1041.9,1062.34,73.02,37.4,5.61,2.21,1.66,289.86,0.980755813
3450,414,180,9.7,16.0,5.61,37.4,1510,16,40.4,633,610,200,690,76.92,1041.9,813.06,85.40,37.4,5.61,2.21,1.66,289.86,1.28146119
3950,414,180,9.7,16.0,5.61,37.4,1510,16,40.4,633,610,200,690,76.92,1041.9,650.82,97.77,37.4,5.61,2.21,1.66,289.86,1.600908309
10000,414,180,9.7,16.0,5.61,37.4,1510,16,40.4,633,610,200,690,76.92,1041.9,178.57,247.52,37.4,5.61,2.21,1.66,289.86,5.834580471
4000,409,179,8.8,14.4,6.23,41.1,1350,14,39.9,462,534,200,690,76.92,931.5,542.37,100.25,41.1,6.23,2.20,1.64,289.86,1.717461668
4500,409,179,8.8,14.4,6.23,41.1,1350,14,39.9,462,534,200,690,76.92,931.5,448.04,112.78,41.1,6.23,2.20,1.64,289.86,2.07905681
5000,409,179,8.8,14.4,6.23,41.1,1350,14,39.9,462,534,200,690,76.92,931.5,379.79,125.31,41.1,6.23,2.20,1.64,289.86,2.452677195
5500,409,179,8.8,14.4,6.23,41.1,1350,14,39.9,462,534,200,690,76.92,931.5,328.60,137.84,41.1,6.23,2.20,1.64,289.86,2.834725397
6000,409,179,8.8,14.4,6.23,41.1,1350,14,39.9,462,534,200,690,76.92,931.5,289.06,150.38,41.1,6.23,2.20,1.64,289.86,3.222459054
30000,409,179,8.8,14.4,6.23,41.1,1350,14,39.9,462,534,200,690,76.92,931.5,43.51,751.88,41.1,6.23,2.20,1.64,289.86,21.40999013
1800,406,178,7.8,12.8,6.93,46.5,1200,12,39.9,330,465,200,690,76.92,828,1967.93,45.11,46.5,6.93,2.21,1.66,289.86,0.4207466747
2300,406,178,7.8,12.8,6.93,46.5,1200,12,39.9,330,465,200,690,76.92,828,1236.27,57.64,46.5,6.93,2.21,1.66,289.86,0.6697564018
2800,406,178,7.8,12.8,6.93,46.5,1200,12,39.9,330,465,200,690,76.92,828,859.44,70.18,46.5,6.93,2.21,1.66,289.86,0.9634137319
3300,406,178,7.8,12.8,6.93,46.5,1200,12,39.9,330,465,200,690,76.92,828,639.82,82.71,46.5,6.93,2.21,1.66,289.86,1.294108808
3800,406,178,7.8,12.8,6.93,46.5,1200,12,39.9,330,465,200,690,76.92,828,500.40,95.24,46.5,6.93,2.21,1.66,289.86,1.654680988
10000,406,178,7.8,12.8,6.93,46.5,1200,12,39.9,330,465,200,690,76.92,828,118.53,250.63,46.5,6.93,2.21,1.66,289.86,6.9854496
1810,404,178,7.5,11.0,8.12,48.1,1050,10,38.6,227,392,200,690,76.92,724.5,1635.60,46.89,48.1,8.12,2.21,1.46,289.86,0.4429567529
2310,404,178,7.5,11.0,8.12,48.1,1050,10,38.6,227,392,200,690,76.92,724.5,1025.68,59.84,48.1,8.12,2.21,1.46,289.86,0.7063602853
2810,404,178,7.5,11.0,8.12,48.1,1050,10,38.6,227,392,200,690,76.92,724.5,710.79,72.80,48.1,8.12,2.21,1.46,289.86,1.019289691
3310,404,178,7.5,11.0,8.12,48.1,1050,10,38.6,227,392,200,690,76.92,724.5,527.07,85.75,48.1,8.12,2.21,1.46,289.86,1.374589381
3810,404,178,7.5,11.0,8.12,48.1,1050,10,38.6,227,392,200,690,76.92,724.5,410.42,98.70,48.1,8.12,2.21,1.46,289.86,1.765274079
10000,404,178,7.5,11.0,8.12,48.1,1050,10,38.6,227,392,200,690,76.92,724.5,93.31,259.07,48.1,8.12,2.21,1.46,289.86,7.764374959
1350,404,140,7.0,11.1,6.28,51.6,885,5,29.7,192,198,200,690,76.92,610.65,1482.71,45.45,51.6,6.28,2.81,1.59,289.86,0.4118480303
1850,404,140,7.0,11.1,6.28,51.6,885,5,29.7,192,198,200,690,76.92,610.65,811.57,62.29,51.6,6.28,2.81,1.59,289.86,0.752427362
2350,404,140,7.0,11.1,6.28,51.6,885,5,29.7,192,198,200,690,76.92,610.65,520.33,79.12,51.6,6.28,2.81,1.59,289.86,1.173574162
2850,404,140,7.0,11.1,6.28,51.6,885,5,29.7,192,198,200,690,76.92,610.65,367.87,95.96,51.6,6.28,2.81,1.59,289.86,1.65994645
3350,404,140,7.0,11.1,6.28,51.6,885,5,29.7,192,198,200,690,76.92,610.65,277.93,112.79,51.6,6.28,2.81,1.59,289.86,2.197120421
7000,404,140,7.0,11.1,6.28,51.6,885,5,29.7,192,198,200,690,76.92,610.65,90.08,235.69,51.6,6.28,2.81,1.59,289.86,6.779231051
1350,399,140,6.4,8.8,7.97,56.8,724,4,28.4,109,152,200,690,76.92,499.56,1132.74,47.54,56.8,7.97,2.79,1.38,289.86,0.441018644
1850,399,140,6.4,8.8,7.97,56.8,724,4,28.4,109,152,200,690,76.92,499.56,615.89,65.14,56.8,7.97,2.79,1.38,289.86,0.8111204573
2350,399,140,6.4,8.8,7.97,56.8,724,4,28.4,109,152,200,690,76.92,499.56,391.78,82.75,56.8,7.97,2.79,1.38,289.86,1.275109666
2850,399,140,6.4,8.8,7.97,56.8,724,4,28.4,109,152,200,690,76.92,499.56,274.63,100.35,56.8,7.97,2.79,1.38,289.86,1.819057421
3350,399,140,6.4,8.8,7.97,56.8,724,4,28.4,109,152,200,690,76.92,499.56,205.66,117.96,56.8,7.97,2.79,1.38,289.86,2.42902421
6000,399,140,6.4,8.8,7.97,56.8,724,4,28.4,109,152,200,690,76.92,499.56,79.23,211.27,56.8,7.97,2.79,1.38,289.86,6.305365963
15500,599,478,100.0,139.8,1.71,2.9,33300,2570,124.0,945000,136000,200,690,76.92,22977,51716.46,125.00,2.9,1.71,0.96,1.40,289.86,0.4442879626
16000,599,478,100.0,139.8,1.71,2.9,33300,2570,124.0,945000,136000,200,690,76.92,22977,50076.98,129.03,2.9,1.71,0.96,1.40,289.86,0.45883356
16500,599,478,100.0,139.8,1.71,2.9,33300,2570,124.0,945000,136000,200,690,76.92,22977,48538.88,133.06,2.9,1.71,0.96,1.40,289.86,0.4733730519
17000,599,478,100.0,139.8,1.71,2.9,33300,2570,124.0,945000,136000,200,690,76.92,22977,47093.00,137.10,2.9,1.71,0.96,1.40,289.86,0.4879069552
17500,599,478,100.0,139.8,1.71,2.9,33300,2570,124.0,945000,136000,200,690,76.92,22977,45731.22,141.13,2.9,1.71,0.96,1.40,289.86,0.5024357306
200000,599,478,100.0,139.8,1.71,2.9,33300,2570,124.0,945000,136000,200,690,76.92,22977,3977.75,1612.90,2.9,1.71,0.96,1.40,289.86,5.776373954
14000,579,472,95.0,129.7,1.82,3.0,30000,2310,123.0,766000,117000,200,690,76.92,20700,48984.36,113.82,3.0,1.82,0.95,1.36,289.86,0.422583896
14500,579,472,95.0,129.7,1.82,3.0,30000,2310,123.0,766000,117000,200,690,76.92,20700,47263.81,117.89,3.0,1.82,0.95,1.36,289.86,0.4379672577
15000,579,472,95.0,129.7,1.82,3.0,30000,2310,123.0,766000,117000,200,690,76.92,20700,45660.93,121.95,3.0,1.82,0.95,1.36,289.86,0.4533416027
15500,579,472,95.0,129.7,1.82,3.0,30000,2310,123.0,766000,117000,200,690,76.92,20700,44163.98,126.02,3.0,1.82,0.95,1.36,289.86,0.4687077581
16000,579,472,95.0,129.7,1.82,3.0,30000,2310,123.0,766000,117000,200,690,76.92,20700,42762.72,130.08,3.0,1.82,0.95,1.36,289.86,0.4840664544
30000,579,472,95.0,129.7,1.82,3.0,30000,2310,123.0,766000,117000,200,690,76.92,20700,22683.41,243.90,3.0,1.82,0.95,1.36,289.86,0.9125613972
13000,569,455,78.0,125.0,1.82,3.7,27200,1960,119.0,604000,97200,200,690,76.92,18768,43242.51,109.24,3.7,1.82,0.98,1.60,289.86,0.4340173272
13500,569,455,78.0,125.0,1.82,3.7,27200,1960,119.0,604000,97200,200,690,76.92,18768,41604.82,113.45,3.7,1.82,0.98,1.60,289.86,0.4511016054
14000,569,455,78.0,125.0,1.82,3.7,27200,1960,119.0,604000,97200,200,690,76.92,18768,40087.74,117.65,3.7,1.82,0.98,1.60,289.86,0.4681730695
14500,569,455,78.0,125.0,1.82,3.7,27200,1960,119.0,604000,97200,200,690,76.92,18768,38678.33,121.85,3.7,1.82,0.98,1.60,289.86,0.4852329616
15000,569,455,78.0,125.0,1.82,3.7,27200,1960,119.0,604000,97200,200,690,76.92,18768,37365.44,126.05,3.7,1.82,0.98,1.60,289.86,0.502282371
200000,569,455,78.0,125.0,1.82,3.7,27200,1960,119.0,604000,97200,200,690,76.92,18768,2777.18,1680.67,3.7,1.82,0.98,1.60,289.86,6.757928039
12000,549,450,71.9,115.4,1.95,4.0,24300,1740,117.0,466000,81900,200,690,76.92,16767,38899.89,102.56,4.0,1.95,0.96,1.60,289.86,0.431029477
12500,549,450,71.9,115.4,1.95,4.0,24300,1740,117.0,466000,81900,200,690,76.92,16767,37299.41,106.84,4.0,1.95,0.96,1.60,289.86,0.4495244845
13000,549,450,71.9,115.4,1.95,4.0,24300,1740,117.0,466000,81900,200,690,76.92,16767,35826.85,111.11,4.0,1.95,0.96,1.60,289.86,0.4680009887
13500,549,450,71.9,115.4,1.95,4.0,24300,1740,117.0,466000,81900,200,690,76.92,16767,34467.31,115.38,4.0,1.95,0.96,1.60,289.86,0.4864608811
14000,549,450,71.9,115.4,1.95,4.0,24300,1740,117.0,466000,81900,200,690,76.92,16767,33208.17,119.66,4.0,1.95,0.96,1.60,289.86,0.5049058094
200000,549,450,71.9,115.4,1.95,4.0,24300,1740,117.0,466000,81900,200,690,76.92,16767,2298.41,1709.40,4.0,1.95,0.96,1.60,289.86,7.295041891
11000,531,442,66.0,105.7,2.09,4.4,21600,1530,116.0,362000,69300,200,690,76.92,14904,35230.15,94.83,4.4,2.09,0.96,1.60,289.86,0.4230467243
11500,531,442,66.0,105.7,2.09,4.4,21600,1530,116.0,362000,69300,200,690,76.92,14904,33642.44,99.14,4.4,2.09,0.96,1.60,289.86,0.4430118772
12000,531,442,66.0,105.7,2.09,4.4,21600,1530,116.0,362000,69300,200,690,76.92,14904,32193.53,103.45,4.4,2.09,0.96,1.60,289.86,0.4629502214
12500,531,442,66.0,105.7,2.09,4.4,21600,1530,116.0,362000,69300,200,690,76.92,14904,30865.79,107.76,4.4,2.09,0.96,1.60,289.86,0.4828646431
13000,531,442,66.0,105.7,2.09,4.4,21600,1530,116.0,362000,69300,200,690,76.92,14904,29644.50,112.07,4.4,2.09,0.96,1.60,289.86,0.5027576416
200000,531,442,66.0,105.7,2.09,4.4,21600,1530,116.0,362000,69300,200,690,76.92,14904,1899.60,1724.14,4.4,2.09,0.96,1.60,289.86,7.845861993
10000,513,437,60.5,97.1,2.25,4.8,19300,1350,114.0,278000,58800,200,690,76.92,13317,32109.38,87.72,4.8,2.25,0.95,1.61,289.86,0.4147385992
10500,513,437,60.5,97.1,2.25,4.8,19300,1350,114.0,278000,58800,200,690,76.92,13317,30507.09,92.11,4.8,2.25,0.95,1.61,289.86,0.4365214403
11000,513,437,60.5,97.1,2.25,4.8,19300,1350,114.0,278000,58800,200,690,76.92,13317,29059.65,96.49,4.8,2.25,0.95,1.61,289.86,0.4582643141
11500,513,437,60.5,97.1,2.25,4.8,19300,1350,114.0,278000,58800,200,690,76.92,13317,27745.38,100.88,4.8,2.25,0.95,1.61,289.86,0.4799717237
12000,513,437,60.5,97.1,2.25,4.8,19300,1350,114.0,278000,58800,200,690,76.92,13317,26546.53,105.26,4.8,2.25,0.95,1.61,289.86,0.5016475513
200000,513,437,60.5,97.1,2.25,4.8,19300,1350,114.0,278000,58800,200,690,76.92,13317,1563.70,1754.39,4.8,2.25,0.95,1.61,289.86,8.516323397
10000,498,432,55.6,88.9,2.43,5.2,17200,1200,113.0,214000,50200,200,690,76.92,11868,26635.20,88.50,5.2,2.43,0.95,1.60,289.86,0.4455757169
10500,498,432,55.6,88.9,2.43,5.2,17200,1200,113.0,214000,50200,200,690,76.92,11868,25299.82,92.92,5.2,2.43,0.95,1.60,289.86,0.4690942372
11000,498,432,55.6,88.9,2.43,5.2,17200,1200,113.0,214000,50200,200,690,76.92,11868,24094.22,97.35,5.2,2.43,0.95,1.60,289.86,0.4925661727
11500,498,432,55.6,88.9,2.43,5.2,17200,1200,113.0,214000,50200,200,690,76.92,11868,23000.15,101.77,5.2,2.43,0.95,1.60,289.86,0.515996678
12000,498,432,55.6,88.9,2.43,5.2,17200,1200,113.0,214000,50200,200,690,76.92,11868,22002.62,106.19,5.2,2.43,0.95,1.60,289.86,0.5393902158
100000,498,432,55.6,88.9,2.43,5.2,17200,1200,113.0,214000,50200,200,690,76.92,11868,2587.58,884.96,5.2,2.43,0.95,1.60,289.86,4.586525881
9400,483,427,51.3,81.5,2.62,5.7,15300,1070,111.0,164000,43000,200,690,76.92,10557,23598.64,84.68,5.7,2.62,0.94,1.59,289.86,0.4473563099
9900,483,427,51.3,81.5,2.62,5.7,15300,1070,111.0,164000,43000,200,690,76.92,10557,22328.60,89.19,5.7,2.62,0.94,1.59,289.86,0.4728016814
10400,483,427,51.3,81.5,2.62,5.7,15300,1070,111.0,164000,43000,200,690,76.92,10557,21190.95,93.69,5.7,2.62,0.94,1.59,289.86,0.4981844235
10900,483,427,51.3,81.5,2.62,5.7,15300,1070,111.0,164000,43000,200,690,76.92,10557,20165.75,98.20,5.7,2.62,0.94,1.59,289.86,0.5235115018
11400,483,427,51.3,81.5,2.62,5.7,15300,1070,111.0,164000,43000,200,690,76.92,10557,19236.90,102.70,5.7,2.62,0.94,1.59,289.86,0.5487889686
100000,483,427,51.3,81.5,2.62,5.7,15300,1070,111.0,164000,43000,200,690,76.92,10557,2139.07,900.90,5.7,2.62,0.94,1.59,289.86,4.935318112
8500,475,424,47.8,77.1,2.75,6.1,14200,982,110.0,138000,38700,200,690,76.92,9798,23182.47,77.27,6.1,2.75,0.94,1.61,289.86,0.4226469683
9000,475,424,47.8,77.1,2.75,6.1,14200,982,110.0,138000,38700,200,690,76.92,9798,21787.17,81.82,6.1,2.75,0.94,1.61,289.86,0.4497141684
9500,475,424,47.8,77.1,2.75,6.1,14200,982,110.0,138000,38700,200,690,76.92,9798,20553.99,86.36,6.1,2.75,0.94,1.61,289.86,0.4766957275
10000,475,424,47.8,77.1,2.75,6.1,14200,982,110.0,138000,38700,200,690,76.92,9798,19455.87,90.91,6.1,2.75,0.94,1.61,289.86,0.5036012744
10500,475,424,47.8,77.1,2.75,6.1,14200,982,110.0,138000,38700,200,690,76.92,9798,18471.48,95.45,6.1,2.75,0.94,1.61,289.86,0.5304392349
100000,475,424,47.8,77.1,2.75,6.1,14200,982,110.0,138000,38700,200,690,76.92,9798,1879.82,909.09,6.1,2.75,0.94,1.61,289.86,5.212192342
8500,465,422,45.0,72.3,2.92,6.4,13100,903,109.0,114000,34600,200,690,76.92,9039,20280.24,77.98,6.4,2.92,0.93,1.61,289.86,0.4457048126
9000,465,422,45.0,72.3,2.92,6.4,13100,903,109.0,114000,34600,200,690,76.92,9039,19052.63,82.57,6.4,2.92,0.93,1.61,289.86,0.4744228151
9500,465,422,45.0,72.3,2.92,6.4,13100,903,109.0,114000,34600,200,690,76.92,9039,17968.53,87.16,6.4,2.92,0.93,1.61,289.86,0.5030460667
10000,465,422,45.0,72.3,2.92,6.4,13100,903,109.0,114000,34600,200,690,76.92,9039,17003.87,91.74,6.4,2.92,0.93,1.61,289.86,0.5315848988
10500,465,422,45.0,72.3,2.92,6.4,13100,903,109.0,114000,34600,200,690,76.92,9039,16139.68,96.33,6.4,2.92,0.93,1.61,289.86,0.5600484286
100000,465,422,45.0,72.3,2.92,6.4,13100,903,109.0,114000,34600,200,690,76.92,9039,1638.44,917.43,6.4,2.92,0.93,1.61,289.86,5.51682901
8000,455,419,42.2,67.6,3.10,6.9,12100,828,108.0,92400,31200,200,690,76.92,8349,18806.10,74.07,6.9,3.10,0.92,1.60,289.86,0.4439517595
8500,455,419,42.2,67.6,3.10,6.9,12100,828,108.0,92400,31200,200,690,76.92,8349,17578.94,78.70,6.9,3.10,0.92,1.60,289.86,0.4749432426
9000,455,419,42.2,67.6,3.10,6.9,12100,828,108.0,92400,31200,200,690,76.92,8349,16506.03,83.33,6.9,3.10,0.92,1.60,289.86,0.5058151892
9500,455,419,42.2,67.6,3.10,6.9,12100,828,108.0,92400,31200,200,690,76.92,8349,15559.66,87.96,6.9,3.10,0.92,1.60,289.86,0.53657991
10000,455,419,42.2,67.6,3.10,6.9,12100,828,108.0,92400,31200,200,690,76.92,8349,14718.42,92.59,6.9,3.10,0.92,1.60,289.86,0.5672485451
100000,455,419,42.2,67.6,3.10,6.9,12100,828,108.0,92400,31200,200,690,76.92,8349,1412.55,925.93,6.9,3.10,0.92,1.60,289.86,5.910574959
7500,445,417,39.1,63.0,3.31,7.4,11000,753,108.0,74100,27700,200,690,76.92,7590,17394.14,69.44,7.4,3.31,0.92,1.61,289.86,0.4363537308
8000,445,417,39.1,63.0,3.31,7.4,11000,753,108.0,74100,27700,200,690,76.92,7590,16162.53,74.07,7.4,3.31,0.92,1.61,289.86,0.469604831
8500,445,417,39.1,63.0,3.31,7.4,11000,753,108.0,74100,27700,200,690,76.92,7590,15098.16,78.70,7.4,3.31,0.92,1.61,289.86,0.5027103193
9000,445,417,39.1,63.0,3.31,7.4,11000,753,108.0,74100,27700,200,690,76.92,7590,14168.81,83.33,7.4,3.31,0.92,1.61,289.86,0.5356835579
9500,445,417,39.1,63.0,3.31,7.4,11000,753,108.0,74100,27700,200,690,76.92,7590,13350.05,87.96,7.4,3.31,0.92,1.61,289.86,0.5685372585
100000,445,417,39.1,63.0,3.31,7.4,11000,753,108.0,74100,27700,200,690,76.92,7590,1206.37,925.93,7.4,3.31,0.92,1.61,289.86,6.29160541
7000,434,411,35.8,57.2,3.59,8.1,9880,670,107.0,56600,23900,200,690,76.92,6817.2,15692.61,65.42,8.1,3.59,0.92,1.60,289.86,0.4344210281
7500,434,411,35.8,57.2,3.59,8.1,9880,670,107.0,56600,23900,200,690,76.92,6817.2,14474.50,70.09,8.1,3.59,0.92,1.60,289.86,0.4709800292
8000,434,411,35.8,57.2,3.59,8.1,9880,670,107.0,56600,23900,200,690,76.92,6817.2,13436.48,74.77,8.1,3.59,0.92,1.60,289.86,0.5073649964
8500,434,411,35.8,57.2,3.59,8.1,9880,670,107.0,56600,23900,200,690,76.92,6817.2,12541.12,79.44,8.1,3.59,0.92,1.60,289.86,0.5435877327
9000,434,411,35.8,57.2,3.59,8.1,9880,670,107.0,56600,23900,200,690,76.92,6817.2,11760.66,84.11,8.1,3.59,0.92,1.60,289.86,0.579661136
100000,434,411,35.8,57.2,3.59,8.1,9880,670,107.0,56600,23900,200,690,76.92,6817.2,994.60,934.58,8.1,3.59,0.92,1.60,289.86,6.854246929
7000,424,409,32.8,52.6,3.89,8.8,8880,599,106.0,43300,20900,200,690,76.92,6127.2,13145.03,66.04,8.8,3.89,0.91,1.60,289.86,0.4661228123
7500,424,409,32.8,52.6,3.89,8.8,8880,599,106.0,43300,20900,200,690,76.92,6127.2,12108.12,70.75,8.8,3.89,0.91,1.60,289.86,0.5060407789
8000,424,409,32.8,52.6,3.89,8.8,8880,599,106.0,43300,20900,200,690,76.92,6127.2,11226.64,75.47,8.8,3.89,0.91,1.60,289.86,0.5457730462
8500,424,409,32.8,52.6,3.89,8.8,8880,599,106.0,43300,20900,200,690,76.92,6127.2,10467.98,80.19,8.8,3.89,0.91,1.60,289.86,0.5853279998
9000,424,409,32.8,52.6,3.89,8.8,8880,599,106.0,43300,20900,200,690,76.92,6127.2,9807.96,84.91,8.8,3.89,0.91,1.60,289.86,0.6247167664
30000,424,409,32.8,52.6,3.89,8.8,8880,599,106.0,43300,20900,200,690,76.92,6127.2,2759.11,283.02,8.8,3.89,0.91,1.60,289.86,2.220712709
6400,417,406,30.0,48.0,4.23,9.7,7980,537,105.0,32900,18200,200,690,76.92,5506.2,12302.26,60.95,9.7,4.23,0.91,1.60,289.86,0.4475761435
6900,417,406,30.0,48.0,4.23,9.7,7980,537,105.0,32900,18200,200,690,76.92,5506.2,11203.82,65.71,9.7,4.23,0.91,1.60,289.86,0.4914575521
7400,417,406,30.0,48.0,4.23,9.7,7980,537,105.0,32900,18200,200,690,76.92,5506.2,10288.96,70.48,9.7,4.23,0.91,1.60,289.86,0.5351559721
7900,417,406,30.0,48.0,4.23,9.7,7980,537,105.0,32900,18200,200,690,76.92,5506.2,9515.39,75.24,9.7,4.23,0.91,1.60,289.86,0.5786628462
8400,417,406,30.0,48.0,4.23,9.7,7980,537,105.0,32900,18200,200,690,76.92,5506.2,8852.70,80.00,9.7,4.23,0.91,1.60,289.86,0.6219794247
30000,417,406,30.0,48.0,4.23,9.7,7980,537,105.0,32900,18200,200,690,76.92,5506.2,2279.44,285.71,9.7,4.23,0.91,1.60,289.86,2.415596297
6000,406,404,27.2,43.7,4.62,10.7,7140,479,104.0,24800,15800,200,690,76.92,4926.6,11181.73,57.69,10.7,4.62,0.90,1.61,289.86,0.4405935861
6500,406,404,27.2,43.7,4.62,10.7,7140,479,104.0,24800,15800,200,690,76.92,4926.6,10080.36,62.50,10.7,4.62,0.90,1.61,289.86,0.4887325881
7000,406,404,27.2,43.7,4.62,10.7,7140,479,104.0,24800,15800,200,690,76.92,4926.6,9178.70,67.31,10.7,4.62,0.90,1.61,289.86,0.5367426927
7500,406,404,27.2,43.7,4.62,10.7,7140,479,104.0,24800,15800,200,690,76.92,4926.6,8427.54,72.12,10.7,4.62,0.90,1.61,289.86,0.5845835737
8000,406,404,27.2,43.7,4.62,10.7,7140,479,104.0,24800,15800,200,690,76.92,4926.6,7792.35,76.92,10.7,4.62,0.90,1.61,289.86,0.6322357079
30000,406,404,27.2,43.7,4.62,10.7,7140,479,104.0,24800,15800,200,690,76.92,4926.6,1871.32,288.46,10.7,4.62,0.90,1.61,289.86,2.632693791
5700,399,401,24.9,39.6,5.06,11.6,6390,429,103.0,18600,13800,200,690,76.92,4409.1,10074.56,55.34,11.6,5.06,0.90,1.59,289.86,0.4376467512
6200,399,401,24.9,39.6,5.06,11.6,6390,429,103.0,18600,13800,200,690,76.92,4409.1,8993.35,60.19,11.6,5.06,0.90,1.59,289.86,0.4902623889
6700,399,401,24.9,39.6,5.06,11.6,6390,429,103.0,18600,13800,200,690,76.92,4409.1,8121.75,65.05,11.6,5.06,0.90,1.59,289.86,0.5428756994
7200,399,401,24.9,39.6,5.06,11.6,6390,429,103.0,18600,13800,200,690,76.92,4409.1,7405.32,69.90,11.6,5.06,0.90,1.59,289.86,0.5953959994
7700,399,401,24.9,39.6,5.06,11.6,6390,429,103.0,18600,13800,200,690,76.92,4409.1,6806.60,74.76,11.6,5.06,0.90,1.59,289.86,0.6477685116
30000,399,401,24.9,39.6,5.06,11.6,6390,429,103.0,18600,13800,200,690,76.92,4409.1,1535.94,291.26,11.6,5.06,0.90,1.59,289.86,2.870614628
5600,394,399,22.6,36.6,5.45,12.8,5820,388,103.0,14500,12300,200,690,76.92,4015.8,8899.18,54.37,12.8,5.45,0.90,1.62,289.86,0.4512553002
6100,394,399,22.6,36.6,5.45,12.8,5820,388,103.0,14500,12300,200,690,76.92,4015.8,7902.23,59.22,12.8,5.45,0.90,1.62,289.86,0.50818579
6600,394,399,22.6,36.6,5.45,12.8,5820,388,103.0,14500,12300,200,690,76.92,4015.8,7104.38,64.08,12.8,5.45,0.90,1.62,289.86,0.5652569938
7100,394,399,22.6,36.6,5.45,12.8,5820,388,103.0,14500,12300,200,690,76.92,4015.8,6452.83,68.93,12.8,5.45,0.90,1.62,289.86,0.6223317103
7600,394,399,22.6,36.6,5.45,12.8,5820,388,103.0,14500,12300,200,690,76.92,4015.8,5911.50,73.79,12.8,5.45,0.90,1.62,289.86,0.6793205015
30000,394,399,22.6,36.6,5.45,12.8,5820,388,103.0,14500,12300,200,690,76.92,4015.8,1291.62,291.26,12.8,5.45,0.90,1.62,289.86,3.109127099
5300,386,399,21.1,33.4,5.97,13.7,5240,349,102.0,11000,10900,200,690,76.92,3615.6,8237.06,51.96,13.7,5.97,0.88,1.58,289.86,0.4389432687
5800,386,399,21.1,33.4,5.97,13.7,5240,349,102.0,11000,10900,200,690,76.92,3615.6,7225.93,56.86,13.7,5.97,0.88,1.58,289.86,0.5003643655
6300,386,399,21.1,33.4,5.97,13.7,5240,349,102.0,11000,10900,200,690,76.92,3615.6,6430.48,61.76,13.7,5.97,0.88,1.58,289.86,0.5622597897
6800,386,399,21.1,33.4,5.97,13.7,5240,349,102.0,11000,10900,200,690,76.92,3615.6,5790.54,66.67,13.7,5.97,0.88,1.58,289.86,0.6243981078
7300,386,399,21.1,33.4,5.97,13.7,5240,349,102.0,11000,10900,200,690,76.92,3615.6,5265.81,71.57,13.7,5.97,0.88,1.58,289.86,0.6866177685
30000,386,399,21.1,33.4,5.97,13.7,5240,349,102.0,11000,10900,200,690,76.92,3615.6,1069.06,294.12,13.7,5.97,0.88,1.58,289.86,3.382026861
5200,381,396,18.9,30.3,6.54,15.3,4700,311,102.0,8200,9560,200,690,76.92,3243,7194.82,50.98,15.3,6.54,0.89,1.60,289.86,0.4507411014
5700,381,396,18.9,30.3,6.54,15.3,4700,311,102.0,8200,9560,200,690,76.92,3243,6267.87,55.88,15.3,6.54,0.89,1.60,289.86,0.5174008187
6200,381,396,18.9,30.3,6.54,15.3,4700,311,102.0,8200,9560,200,690,76.92,3243,5544.48,60.78,15.3,6.54,0.89,1.60,289.86,0.5849058411
6700,381,396,18.9,30.3,6.54,15.3,4700,311,102.0,8200,9560,200,690,76.92,3243,4966.77,65.69,15.3,6.54,0.89,1.60,289.86,0.6529389612
7200,381,396,18.9,30.3,6.54,15.3,4700,311,102.0,8200,9560,200,690,76.92,3243,4496.25,70.59,15.3,6.54,0.89,1.60,289.86,0.721267953
30000,381,396,18.9,30.3,6.54,15.3,4700,311,102.0,8200,9560,200,690,76.92,3243,873.44,294.12,15.3,6.54,0.89,1.60,289.86,3.712912547
5000,376,394,17.3,27.7,7.11,16.8,4260,282,101.0,6330,8510,200,690,76.92,2939.4,6654.34,49.50,16.8,7.11,0.88,1.60,289.86,0.4417266018
5500,376,394,17.3,27.7,7.11,16.8,4260,282,101.0,6330,8510,200,690,76.92,2939.4,5736.96,54.46,16.8,7.11,0.88,1.60,289.86,0.5123622157
6000,376,394,17.3,27.7,7.11,16.8,4260,282,101.0,6330,8510,200,690,76.92,2939.4,5030.13,59.41,16.8,7.11,0.88,1.60,289.86,0.5843582113
6500,376,394,17.3,27.7,7.11,16.8,4260,282,101.0,6330,8510,200,690,76.92,2939.4,4471.98,64.36,16.8,7.11,0.88,1.60,289.86,0.657292034
7000,376,394,17.3,27.7,7.11,16.8,4260,282,101.0,6330,8510,200,690,76.92,2939.4,4021.94,69.31,16.8,7.11,0.88,1.60,289.86,0.7308417701
30000,376,394,17.3,27.7,7.11,16.8,4260,282,101.0,6330,8510,200,690,76.92,2939.4,732.55,297.03,16.8,7.11,0.88,1.60,289.86,4.012545463
4700,373,373,16.4,26.1,7.15,17.7,3830,228,95.5,5120,6850,200,690,76.92,2642.7,5930.56,49.21,17.7,7.15,0.93,1.59,289.86,0.4456074649
5200,373,373,16.4,26.1,7.15,17.7,3830,228,95.5,5120,6850,200,690,76.92,2642.7,5052.95,54.45,17.7,7.15,0.93,1.59,289.86,0.5230009124
5700,373,373,16.4,26.1,7.15,17.7,3830,228,95.5,5120,6850,200,690,76.92,2642.7,4388.11,59.69,17.7,7.15,0.93,1.59,289.86,0.6022416633
6200,373,373,16.4,26.1,7.15,17.7,3830,228,95.5,5120,6850,200,690,76.92,2642.7,3870.49,64.92,17.7,7.15,0.93,1.59,289.86,0.6827818584
6700,373,373,16.4,26.1,7.15,17.7,3830,228,95.5,5120,6850,200,690,76.92,2642.7,3458.12,70.16,17.7,7.15,0.93,1.59,289.86,0.7642006265
30000,373,373,16.4,26.1,7.15,17.7,3830,228,95.5,5120,6850,200,690,76.92,2642.7,592.35,314.14,17.7,7.15,0.93,1.59,289.86,4.461407724
4500,368,373,15.0,23.9,7.80,19.3,3470,206,95.0,3900,6100,200,690,76.92,2394.3,5552.35,47.37,19.3,7.80,0.92,1.59,289.86,0.4312230437
5000,368,373,15.0,23.9,7.80,19.3,3470,206,95.0,3900,6100,200,690,76.92,2394.3,4670.94,52.63,19.3,7.80,0.92,1.59,289.86,0.5125953738
5500,368,373,15.0,23.9,7.80,19.3,3470,206,95.0,3900,6100,200,690,76.92,2394.3,4012.83,57.89,19.3,7.80,0.92,1.59,289.86,0.5966609243
6000,368,373,15.0,23.9,7.80,19.3,3470,206,95.0,3900,6100,200,690,76.92,2394.3,3506.92,63.16,19.3,7.80,0.92,1.59,289.86,0.6827362582
6500,368,373,15.0,23.9,7.80,19.3,3470,206,95.0,3900,6100,200,690,76.92,2394.3,3108.37,68.42,19.3,7.80,0.92,1.59,289.86,0.7702746846
30000,368,373,15.0,23.9,7.80,19.3,3470,206,95.0,3900,6100,200,690,76.92,2394.3,492.93,315.79,19.3,7.80,0.92,1.59,289.86,4.857291644
4450,363,371,13.3,21.8,8.49,21.7,3150,186,94.7,2960,5420,200,690,76.92,2173.5,4943.15,46.99,21.7,8.49,0.92,1.64,289.86,0.4396995128
4950,363,371,13.3,21.8,8.49,21.7,3150,186,94.7,2960,5420,200,690,76.92,2173.5,4133.14,52.27,21.7,8.49,0.92,1.64,289.86,0.5258712668
5450,363,371,13.3,21.8,8.49,21.7,3150,186,94.7,2960,5420,200,690,76.92,2173.5,3531.38,57.55,21.7,8.49,0.92,1.64,289.86,0.6154819716
5950,363,371,13.3,21.8,8.49,21.7,3150,186,94.7,2960,5420,200,690,76.92,2173.5,3070.94,62.83,21.7,8.49,0.92,1.64,289.86,0.7077638689
6450,363,371,13.3,21.8,8.49,21.7,3150,186,94.7,2960,5420,200,690,76.92,2173.5,2709.82,68.11,21.7,8.49,0.92,1.64,289.86,0.8020820438
30000,363,371,13.3,21.8,8.49,21.7,3150,186,94.7,2960,5420,200,690,76.92,2173.5,409.54,316.79,21.7,8.49,0.92,1.64,289.86,5.307160093
4300,361,371,12.3,19.9,9.34,23.5,2830,167,94.2,2240,4830,200,690,76.92,1952.7,4587.78,45.65,23.5,9.34,0.92,1.61,289.86,0.4256303443
4800,361,371,12.3,19.9,9.34,23.5,2830,167,94.2,2240,4830,200,690,76.92,1952.7,3793.54,50.96,23.5,9.34,0.92,1.61,289.86,0.5147431053
5300,361,371,12.3,19.9,9.34,23.5,2830,167,94.2,2240,4830,200,690,76.92,1952.7,3210.23,56.26,23.5,9.34,0.92,1.61,289.86,0.608274938
5800,361,371,12.3,19.9,9.34,23.5,2830,167,94.2,2240,4830,200,690,76.92,1952.7,2768.33,61.57,23.5,9.34,0.92,1.61,289.86,0.7053712415
6300,361,371,12.3,19.9,9.34,23.5,2830,167,94.2,2240,4830,200,690,76.92,1952.7,2424.81,66.88,23.5,9.34,0.92,1.61,289.86,0.8052994673
30000,361,371,12.3,19.9,9.34,23.5,2830,167,94.2,2240,4830,200,690,76.92,1952.7,339.06,318.47,23.5,9.34,0.92,1.61,289.86,5.759080969
4400,356,368,11.2,18.0,10.20,25.9,2570,151,94.0,1690,4300,200,690,76.92,1773.3,3875.34,46.81,25.9,10.20,0.92,1.61,289.86,0.4575860942
4900,356,368,11.2,18.0,10.20,25.9,2570,151,94.0,1690,4300,200,690,76.92,1773.3,3209.48,52.13,25.9,10.20,0.92,1.61,289.86,0.552519464
5400,356,368,11.2,18.0,10.20,25.9,2570,151,94.0,1690,4300,200,690,76.92,1773.3,2717.78,57.45,25.9,10.20,0.92,1.61,289.86,0.6524810353
5900,356,368,11.2,18.0,10.20,25.9,2570,151,94.0,1690,4300,200,690,76.92,1773.3,2343.76,62.77,25.9,10.20,0.92,1.61,289.86,0.7566038351
6400,356,368,11.2,18.0,10.20,25.9,2570,151,94.0,1690,4300,200,690,76.92,1773.3,2052.13,68.09,25.9,10.20,0.92,1.61,289.86,0.8641263037
30000,356,368,11.2,18.0,10.20,25.9,2570,151,94.0,1690,4300,200,690,76.92,1773.3,281.50,319.15,25.9,10.20,0.92,1.61,289.86,6.299384873
3100,363,257,13.0,21.7,5.92,22.4,2280,62,63.0,2110,1800,200,690,76.92,1573.2,3398.88,49.21,22.4,5.92,1.33,1.67,289.86,0.4628584685
3600,363,257,13.0,21.7,5.92,22.4,2280,62,63.0,2110,1800,200,690,76.92,1573.2,2650.94,57.14,22.4,5.92,1.33,1.67,289.86,0.5934503112
4100,363,257,13.0,21.7,5.92,22.4,2280,62,63.0,2110,1800,200,690,76.92,1573.2,2153.73,65.08,22.4,5.92,1.33,1.67,289.86,0.7304552066
4600,363,257,13.0,21.7,5.92,22.4,2280,62,63.0,2110,1800,200,690,76.92,1573.2,1804.57,73.02,22.4,5.92,1.33,1.67,289.86,0.871788224
5100,363,257,13.0,21.7,5.92,22.4,2280,62,63.0,2110,1800,200,690,76.92,1573.2,1548.56,80.95,22.4,5.92,1.33,1.67,289.86,1.015909469
30000,363,257,13.0,21.7,5.92,22.4,2280,62,63.0,2110,1800,200,690,76.92,1573.2,196.33,476.19,22.4,5.92,1.33,1.67,289.86,8.012897278
3000,361,257,11.4,20.0,6.41,25.4,2060,56,63.0,1610,1610,200,690,76.92,1421.4,3165.00,47.62,25.4,6.41,1.33,1.76,289.86,0.4490990748
3500,361,257,11.4,20.0,6.41,25.4,2060,56,63.0,1610,1610,200,690,76.92,1421.4,2431.88,55.56,25.4,6.41,1.33,1.76,289.86,0.5844854612
4000,361,257,11.4,20.0,6.41,25.4,2060,56,63.0,1610,1610,200,690,76.92,1421.4,1951.83,63.49,25.4,6.41,1.33,1.76,289.86,0.7282415077
4500,361,257,11.4,20.0,6.41,25.4,2060,56,63.0,1610,1610,200,690,76.92,1421.4,1618.93,71.43,25.4,6.41,1.33,1.76,289.86,0.8779847788
5000,361,257,11.4,20.0,6.41,25.4,2060,56,63.0,1610,1610,200,690,76.92,1421.4,1377.50,79.37,25.4,6.41,1.33,1.76,289.86,1.031866482
30000,361,257,11.4,20.0,6.41,25.4,2060,56,63.0,1610,1610,200,690,76.92,1421.4,163.56,476.19,25.4,6.41,1.33,1.76,289.86,8.6903501
3000,356,254,10.5,18.2,6.97,27.5,1880,50,62.5,1250,1440,200,690,76.92,1297.2,2795.57,48.00,27.5,6.97,1.33,1.74,289.86,0.464019545
3500,356,254,10.5,18.2,6.97,27.5,1880,50,62.5,1250,1440,200,690,76.92,1297.2,2138.69,56.00,27.5,6.97,1.33,1.74,289.86,0.6065393374
4000,356,254,10.5,18.2,6.97,27.5,1880,50,62.5,1250,1440,200,690,76.92,1297.2,1709.29,64.00,27.5,6.97,1.33,1.74,289.86,0.758912606
4500,356,254,10.5,18.2,6.97,27.5,1880,50,62.5,1250,1440,200,690,76.92,1297.2,1412.13,72.00,27.5,6.97,1.33,1.74,289.86,0.9186097274
5000,356,254,10.5,18.2,6.97,27.5,1880,50,62.5,1250,1440,200,690,76.92,1297.2,1197.12,80.00,27.5,6.97,1.33,1.74,289.86,1.08359679
30000,356,254,10.5,18.2,6.97,27.5,1880,50,62.5,1250,1440,200,690,76.92,1297.2,137.26,480.00,27.5,6.97,1.33,1.74,289.86,9.450930882
2800,353,254,9.5,16.4,7.75,30.4,1670,45,62.2,912,1260,200,690,76.92,1152.3,2729.20,45.02,30.4,7.75,1.33,1.72,289.86,0.4222121606
3300,353,254,9.5,16.4,7.75,30.4,1670,45,62.2,912,1260,200,690,76.92,1152.3,2032.85,53.05,30.4,7.75,1.33,1.72,289.86,0.5668384023
3800,353,254,9.5,16.4,7.75,30.4,1670,45,62.2,912,1260,200,690,76.92,1152.3,1590.72,61.09,30.4,7.75,1.33,1.72,289.86,0.7243872254
4300,353,254,9.5,16.4,7.75,30.4,1670,45,62.2,912,1260,200,690,76.92,1152.3,1291.73,69.13,30.4,7.75,1.33,1.72,289.86,0.8920572034
4800,353,254,9.5,16.4,7.75,30.4,1670,45,62.2,912,1260,200,690,76.92,1152.3,1079.47,77.17,30.4,7.75,1.33,1.72,289.86,1.067465414
30000,353,254,9.5,16.4,7.75,30.4,1670,45,62.2,912,1260,200,690,76.92,1152.3,110.51,482.32,30.4,7.75,1.33,1.72,289.86,10.42687569
2300,353,205,9.4,16.8,6.11,30.9,1430,24,48.8,807,682,200,690,76.92,986.7,2205.69,47.13,30.9,6.11,1.64,1.78,289.86,0.447343893
2800,353,205,9.4,16.8,6.11,30.9,1430,24,48.8,807,682,200,690,76.92,986.7,1557.03,57.38,30.9,6.11,1.64,1.78,289.86,0.633707137
3300,353,205,9.4,16.8,6.11,30.9,1430,24,48.8,807,682,200,690,76.92,986.7,1177.42,67.62,30.9,6.11,1.64,1.78,289.86,0.8380193927
3800,353,205,9.4,16.8,6.11,30.9,1430,24,48.8,807,682,200,690,76.92,986.7,935.09,77.87,30.9,6.11,1.64,1.78,289.86,1.055194538
4300,353,205,9.4,16.8,6.11,30.9,1430,24,48.8,807,682,200,690,76.92,986.7,770.12,88.11,30.9,6.11,1.64,1.78,289.86,1.281235728
25000,353,205,9.4,16.8,6.11,30.9,1430,24,48.8,807,682,200,690,76.92,986.7,91.41,512.30,30.9,6.11,1.64,1.78,289.86,10.79469592
2300,351,204,8.6,15.1,6.75,33.6,1280,21,48.5,604,602,200,690,76.92,883.2,1927.42,47.42,33.6,6.75,1.65,1.75,289.86,0.4582292881
2800,351,204,8.6,15.1,6.75,33.6,1280,21,48.5,604,602,200,690,76.92,883.2,1353.17,57.73,33.6,6.75,1.65,1.75,289.86,0.6526889262
3300,351,204,8.6,15.1,6.75,33.6,1280,21,48.5,604,602,200,690,76.92,883.2,1017.67,68.04,33.6,6.75,1.65,1.75,289.86,0.8678632422
3800,351,204,8.6,15.1,6.75,33.6,1280,21,48.5,604,602,200,690,76.92,883.2,803.97,78.35,33.6,6.75,1.65,1.75,289.86,1.098545118
4300,351,204,8.6,15.1,6.75,33.6,1280,21,48.5,604,602,200,690,76.92,883.2,658.88,88.66,33.6,6.75,1.65,1.75,289.86,1.340456419
15000,351,204,8.6,15.1,6.75,33.6,1280,21,48.5,604,602,200,690,76.92,883.2,129.12,309.28,33.6,6.75,1.65,1.75,289.86,6.840390198
2200,348,203,7.8,13.5,7.54,37.4,1140,19,48.0,437,524,200,690,76.92,786.6,1803.95,45.83,37.4,7.54,1.65,1.74,289.86,0.4360429385
2700,348,203,7.8,13.5,7.54,37.4,1140,19,48.0,437,524,200,690,76.92,786.6,1238.20,56.25,37.4,7.54,1.65,1.74,289.86,0.6352767322
3200,348,203,7.8,13.5,7.54,37.4,1140,19,48.0,437,524,200,690,76.92,786.6,915.02,66.67,37.4,7.54,1.65,1.74,289.86,0.8596562231
3700,348,203,7.8,13.5,7.54,37.4,1140,19,48.0,437,524,200,690,76.92,786.6,712.63,77.08,37.4,7.54,1.65,1.74,289.86,1.103794905
4200,348,203,7.8,13.5,7.54,37.4,1140,19,48.0,437,524,200,690,76.92,786.6,577.10,87.50,37.4,7.54,1.65,1.74,289.86,1.363014997
15000,348,203,7.8,13.5,7.54,37.4,1140,19,48.0,437,524,200,690,76.92,786.6,104.00,312.50,37.4,7.54,1.65,1.74,289.86,7.563567054
1800,358,172,7.9,13.1,6.57,39.6,1010,11,39.4,332,330,200,690,76.92,696.9,1621.60,45.69,39.6,6.57,2.01,1.66,289.86,0.4297609002
2300,358,172,7.9,13.1,6.57,39.6,1010,11,39.4,332,330,200,690,76.92,696.9,1028.00,58.38,39.6,6.57,2.01,1.66,289.86,0.677921445
2800,358,172,7.9,13.1,6.57,39.6,1010,11,39.4,332,330,200,690,76.92,696.9,721.78,71.07,39.6,6.57,2.01,1.66,289.86,0.9655289916
3300,358,172,7.9,13.1,6.57,39.6,1010,11,39.4,332,330,200,690,76.92,696.9,542.87,83.76,39.6,6.57,2.01,1.66,289.86,1.283726354
3800,358,172,7.9,13.1,6.57,39.6,1010,11,39.4,332,330,200,690,76.92,696.9,428.91,96.45,39.6,6.57,2.01,1.66,289.86,1.624808635
10000,358,172,7.9,13.1,6.57,39.6,1010,11,39.4,332,330,200,690,76.92,696.9,109.78,253.81,39.6,6.57,2.01,1.66,289.86,6.348064153
1750,356,171,7.2,11.5,7.41,43.1,895,10,38.9,237,287,200,690,76.92,617.55,1476.60,44.99,43.1,7.41,2.01,1.59,289.86,0.4182230277
2250,356,171,7.2,11.5,7.41,43.1,895,10,38.9,237,287,200,690,76.92,617.55,919.05,57.84,43.1,7.41,2.01,1.59,289.86,0.6719448393
2750,356,171,7.2,11.5,7.41,43.1,895,10,38.9,237,287,200,690,76.92,617.55,636.16,70.69,43.1,7.41,2.01,1.59,289.86,0.9707523466
3250,356,171,7.2,11.5,7.41,43.1,895,10,38.9,237,287,200,690,76.92,617.55,472.82,83.55,43.1,7.41,2.01,1.59,289.86,1.306086373
3750,356,171,7.2,11.5,7.41,43.1,895,10,38.9,237,287,200,690,76.92,617.55,369.77,96.40,43.1,7.41,2.01,1.59,289.86,1.670095141
10000,356,171,7.2,11.5,7.41,43.1,895,10,38.9,237,287,200,690,76.92,617.55,88.61,257.07,43.1,7.41,2.01,1.59,289.86,6.969264366
1700,351,171,6.9,9.8,8.74,45.4,775,8,37.8,158,238,200,690,76.92,534.75,1292.69,44.97,45.4,8.74,2.00,1.43,289.86,0.4136710187
2200,351,171,6.9,9.8,8.74,45.4,775,8,37.8,158,238,200,690,76.92,534.75,789.78,58.20,45.4,8.74,2.00,1.43,289.86,0.6770833058
2700,351,171,6.9,9.8,8.74,45.4,775,8,37.8,158,238,200,690,76.92,534.75,538.92,71.43,45.4,8.74,2.00,1.43,289.86,0.992257886
3200,351,171,6.9,9.8,8.74,45.4,775,8,37.8,158,238,200,690,76.92,534.75,395.79,84.66,45.4,8.74,2.00,1.43,289.86,1.351087945
3700,351,171,6.9,9.8,8.74,45.4,775,8,37.8,158,238,200,690,76.92,534.75,306.32,97.88,45.4,8.74,2.00,1.43,289.86,1.745747607
10000,351,171,6.9,9.8,8.74,45.4,775,8,37.8,158,238,200,690,76.92,534.75,68.25,264.55,45.4,8.74,2.00,1.43,289.86,7.835115201
1300,353,128,6.5,10.7,5.98,48.1,659,4,27.4,149,109,200,690,76.92,454.71,1015.86,47.45,48.1,5.98,2.67,1.65,289.86,0.4476095764
1800,353,128,6.5,10.7,5.98,48.1,659,4,27.4,149,109,200,690,76.92,454.71,549.58,65.69,48.1,5.98,2.67,1.65,289.86,0.827374475
2300,353,128,6.5,10.7,5.98,48.1,659,4,27.4,149,109,200,690,76.92,454.71,351.93,83.94,48.1,5.98,2.67,1.65,289.86,1.292042638
2800,353,128,6.5,10.7,5.98,48.1,659,4,27.4,149,109,200,690,76.92,454.71,249.73,102.19,48.1,5.98,2.67,1.65,289.86,1.82080954
3300,353,128,6.5,10.7,5.98,48.1,659,4,27.4,149,109,200,690,76.92,454.71,189.81,120.44,48.1,5.98,2.67,1.65,289.86,2.395604133
8000,353,128,6.5,10.7,5.98,48.1,659,4,27.4,149,109,200,690,76.92,454.71,53.95,291.97,48.1,5.98,2.67,1.65,289.86,8.42804052
1250,348,127,5.8,8.5,7.46,53.3,544,3,26.4,87,84,200,690,76.92,375.36,844.93,47.35,53.3,7.46,2.67,1.46,289.86,0.4442523628
1750,348,127,5.8,8.5,7.46,53.3,544,3,26.4,87,84,200,690,76.92,375.36,443.10,66.29,53.3,7.46,2.67,1.46,289.86,0.8471263182
2250,348,127,5.8,8.5,7.46,53.3,544,3,26.4,87,84,200,690,76.92,375.36,277.44,85.23,53.3,7.46,2.67,1.46,289.86,1.352935886
2750,348,127,5.8,8.5,7.46,53.3,544,3,26.4,87,84,200,690,76.92,375.36,193.30,104.17,53.3,7.46,2.67,1.46,289.86,1.941868883
3250,348,127,5.8,8.5,7.46,53.3,544,3,26.4,87,84,200,690,76.92,375.36,144.64,123.11,53.3,7.46,2.67,1.46,289.86,2.595209728
6000,348,127,5.8,8.5,7.46,53.3,544,3,26.4,87,84,200,690,76.92,375.36,55.59,227.27,53.3,7.46,2.67,1.46,289.86,6.752854577
7700,427,340,45.2,75.2,2.26,5.5,9880,495,88.1,101000,15300,200,690,76.92,6817.2,15301.28,87.40,5.5,2.26,1.03,1.66,289.86,0.4455313322
8200,427,340,45.2,75.2,2.26,5.5,9880,495,88.1,101000,15300,200,690,76.92,6817.2,14315.92,93.08,5.5,2.26,1.03,1.66,289.86,0.4761972304
8700,427,340,45.2,75.2,2.26,5.5,9880,495,88.1,101000,15300,200,690,76.92,6817.2,13451.94,98.75,5.5,2.26,1.03,1.66,289.86,0.5067820442
9200,427,340,45.2,75.2,2.26,5.5,9880,495,88.1,101000,15300,200,690,76.92,6817.2,12687.96,104.43,5.5,2.26,1.03,1.66,289.86,0.537296921
9700,427,340,45.2,75.2,2.26,5.5,9880,495,88.1,101000,15300,200,690,76.92,6817.2,12007.37,110.10,5.5,2.26,1.03,1.66,289.86,0.5677511667
120000,427,340,45.2,75.2,2.26,5.5,9880,495,88.1,101000,15300,200,690,76.92,6817.2,951.28,1362.09,5.5,2.26,1.03,1.66,289.86,7.16638075
7000,414,335,41.4,68.4,2.45,6.0,8800,437,86.9,77000,13100,200,690,76.92,6072,13960.04,80.55,6.0,2.45,1.03,1.65,289.86,0.4349557507
7500,414,335,41.4,68.4,2.45,6.0,8800,437,86.9,77000,13100,200,690,76.92,6072,12960.50,86.31,6.0,2.45,1.03,1.65,289.86,0.4685005182
8000,414,335,41.4,68.4,2.45,6.0,8800,437,86.9,77000,13100,200,690,76.92,6072,12097.37,92.06,6.0,2.45,1.03,1.65,289.86,0.5019274645
8500,414,335,41.4,68.4,2.45,6.0,8800,437,86.9,77000,13100,200,690,76.92,6072,11344.17,97.81,6.0,2.45,1.03,1.65,289.86,0.5352529743
9000,414,335,41.4,68.4,2.45,6.0,8800,437,86.9,77000,13100,200,690,76.92,6072,10680.91,103.57,6.0,2.45,1.03,1.65,289.86,0.5684908067
120000,414,335,41.4,68.4,2.45,6.0,8800,437,86.9,77000,13100,200,690,76.92,6072,780.43,1380.90,6.0,2.45,1.03,1.65,289.86,7.780286661
7000,404,333,38.9,62.6,2.66,6.4,7880,390,85.9,59500,11300,200,690,76.92,5437.2,11647.90,81.49,6.4,2.66,1.03,1.61,289.86,0.4667966152
7500,404,333,38.9,62.6,2.66,6.4,7880,390,85.9,59500,11300,200,690,76.92,5437.2,10807.81,87.31,6.4,2.66,1.03,1.61,289.86,0.503080646
8000,404,333,38.9,62.6,2.66,6.4,7880,390,85.9,59500,11300,200,690,76.92,5437.2,10083.29,93.13,6.4,2.66,1.03,1.61,289.86,0.5392287856
8500,404,333,38.9,62.6,2.66,6.4,7880,390,85.9,59500,11300,200,690,76.92,5437.2,9451.74,98.95,6.4,2.66,1.03,1.61,289.86,0.5752592894
9000,404,333,38.9,62.6,2.66,6.4,7880,390,85.9,59500,11300,200,690,76.92,5437.2,8896.12,104.77,6.4,2.66,1.03,1.61,289.86,0.6111876598
100000,404,333,38.9,62.6,2.66,6.4,7880,390,85.9,59500,11300,200,690,76.92,5437.2,777.79,1164.14,6.4,2.66,1.03,1.61,289.86,6.990580101
6200,391,330,35.6,57.1,2.89,7.0,7010,345,84.8,45000,9610,200,690,76.92,4836.9,10965.53,73.11,7.0,2.89,1.01,1.60,289.86,0.4411006244
6700,391,330,35.6,57.1,2.89,7.0,7010,345,84.8,45000,9610,200,690,76.92,4836.9,10055.83,79.01,7.0,2.89,1.01,1.60,289.86,0.4810044926
7200,391,330,35.6,57.1,2.89,7.0,7010,345,84.8,45000,9610,200,690,76.92,4836.9,9289.02,84.91,7.0,2.89,1.01,1.60,289.86,0.5207118254
7700,391,330,35.6,57.1,2.89,7.0,7010,345,84.8,45000,9610,200,690,76.92,4836.9,8633.50,90.80,7.0,2.89,1.01,1.60,289.86,0.5602476846
8200,391,330,35.6,57.1,2.89,7.0,7010,345,84.8,45000,9610,200,690,76.92,4836.9,8066.42,96.70,7.0,2.89,1.01,1.60,289.86,0.5996341567
100000,391,330,35.6,57.1,2.89,7.0,7010,345,84.8,45000,9610,200,690,76.92,4836.9,636.21,1179.25,7.0,2.89,1.01,1.60,289.86,7.602682133
6000,384,328,32.8,52.7,3.11,7.6,6330,309,84.1,34900,8380,200,690,76.92,4367.7,9561.22,71.34,7.6,3.11,1.01,1.61,289.86,0.4568138737
6500,384,328,32.8,52.7,3.11,7.6,6330,309,84.1,34900,8380,200,690,76.92,4367.7,8729.82,77.29,7.6,3.11,1.01,1.61,289.86,0.5003193774
7000,384,328,32.8,52.7,3.11,7.6,6330,309,84.1,34900,8380,200,690,76.92,4367.7,8034.89,83.23,7.6,3.11,1.01,1.61,289.86,0.5435919074
7500,384,328,32.8,52.7,3.11,7.6,6330,309,84.1,34900,8380,200,690,76.92,4367.7,7445.05,89.18,7.6,3.11,1.01,1.61,289.86,0.5866582737
8000,384,328,32.8,52.7,3.11,7.6,6330,309,84.1,34900,8380,200,690,76.92,4367.7,6937.89,95.12,7.6,3.11,1.01,1.61,289.86,0.6295432392
100000,384,328,32.8,52.7,3.11,7.6,6330,309,84.1,34900,8380,200,690,76.92,4367.7,530.26,1189.06,7.6,3.11,1.01,1.61,289.86,8.236858126
5500,373,325,30.0,48.2,3.37,8.2,5700,276,83.3,26900,7300,200,690,76.92,3933,8869.98,66.03,8.2,3.37,1.00,1.61,289.86,0.4434056104
6000,373,325,30.0,48.2,3.37,8.2,5700,276,83.3,26900,7300,200,690,76.92,3933,8008.39,72.03,8.2,3.37,1.00,1.61,289.86,0.491110212
6500,373,325,30.0,48.2,3.37,8.2,5700,276,83.3,26900,7300,200,690,76.92,3933,7303.19,78.03,8.2,3.37,1.00,1.61,289.86,0.5385314419
7000,373,325,30.0,48.2,3.37,8.2,5700,276,83.3,26900,7300,200,690,76.92,3933,6715.12,84.03,8.2,3.37,1.00,1.61,289.86,0.5856933301
7500,373,325,30.0,48.2,3.37,8.2,5700,276,83.3,26900,7300,200,690,76.92,3933,6216.98,90.04,8.2,3.37,1.00,1.61,289.86,0.632622115
100000,373,325,30.0,48.2,3.37,8.2,5700,276,83.3,26900,7300,200,690,76.92,3933,439.99,1200.48,8.2,3.37,1.00,1.61,289.86,8.938745978
5300,366,323,26.9,44.2,3.65,9.2,5100,245,82.6,20300,6340,200,690,76.92,3519,7700.60,64.16,9.2,3.65,1.00,1.64,289.86,0.4569773444
5800,366,323,26.9,44.2,3.65,9.2,5100,245,82.6,20300,6340,200,690,76.92,3519,6906.70,70.22,9.2,3.65,1.00,1.64,289.86,0.5095050612
6300,366,323,26.9,44.2,3.65,9.2,5100,245,82.6,20300,6340,200,690,76.92,3519,6264.62,76.27,9.2,3.65,1.00,1.64,289.86,0.5617263599
6800,366,323,26.9,44.2,3.65,9.2,5100,245,82.6,20300,6340,200,690,76.92,3519,5734.51,82.32,9.2,3.65,1.00,1.64,289.86,0.6136535348
7300,366,323,26.9,44.2,3.65,9.2,5100,245,82.6,20300,6340,200,690,76.92,3519,5289.28,88.38,9.2,3.65,1.00,1.64,289.86,0.66530804
30000,366,323,26.9,44.2,3.65,9.2,5100,245,82.6,20300,6340,200,690,76.92,3519,1205.31,363.20,9.2,3.65,1.00,1.64,289.86,2.919569737
5000,356,320,24.4,39.7,4.03,10.1,4510,215,81.8,14800,5400,200,690,76.92,3111.9,6751.81,61.12,10.1,4.03,0.99,1.63,289.86,0.4608988049
5500,356,320,24.4,39.7,4.03,10.1,4510,215,81.8,14800,5400,200,690,76.92,3111.9,5991.12,67.24,10.1,4.03,0.99,1.63,289.86,0.5194185788
6000,356,320,24.4,39.7,4.03,10.1,4510,215,81.8,14800,5400,200,690,76.92,3111.9,5387.20,73.35,10.1,4.03,0.99,1.63,289.86,0.5776469261
6500,356,320,24.4,39.7,4.03,10.1,4510,215,81.8,14800,5400,200,690,76.92,3111.9,4896.30,79.46,10.1,4.03,0.99,1.63,289.86,0.6355619861
7000,356,320,24.4,39.7,4.03,10.1,4510,215,81.8,14800,5400,200,690,76.92,3111.9,4489.39,85.57,10.1,4.03,0.99,1.63,289.86,0.6931671066
30000,356,320,24.4,39.7,4.03,10.1,4510,215,81.8,14800,5400,200,690,76.92,3111.9,964.81,366.75,10.1,4.03,0.99,1.63,289.86,3.225402731
4500,348,318,22.1,35.7,4.46,11.2,3980,189,81.0,10700,4620,200,690,76.92,2746.2,6345.16,55.56,11.2,4.46,0.98,1.61,289.86,0.4328025738
5000,348,318,22.1,35.7,4.46,11.2,3980,189,81.0,10700,4620,200,690,76.92,2746.2,5515.45,61.73,11.2,4.46,0.98,1.61,289.86,0.4979108603
5500,348,318,22.1,35.7,4.46,11.2,3980,189,81.0,10700,4620,200,690,76.92,2746.2,4878.59,67.90,11.2,4.46,0.98,1.61,289.86,0.5629079802
6000,348,318,22.1,35.7,4.46,11.2,3980,189,81.0,10700,4620,200,690,76.92,2746.2,4375.25,74.07,11.2,4.46,0.98,1.61,289.86,0.6276664242
6500,348,318,22.1,35.7,4.46,11.2,3980,189,81.0,10700,4620,200,690,76.92,2746.2,3967.77,80.25,11.2,4.46,0.98,1.61,289.86,0.6921264662
30000,348,318,22.1,35.7,4.46,11.2,3980,189,81.0,10700,4620,200,690,76.92,2746.2,769.88,370.37,11.2,4.46,0.98,1.61,289.86,3.567041469
4300,340,315,20.1,31.8,4.96,12.3,3510,166,80.3,7700,3950,200,690,76.92,2421.9,5553.17,53.55,12.3,4.96,0.98,1.58,289.86,0.436129269
4800,340,315,20.1,31.8,4.96,12.3,3510,166,80.3,7700,3950,200,690,76.92,2421.9,4766.06,59.78,12.3,4.96,0.98,1.58,289.86,0.5081555243
5300,340,315,20.1,31.8,4.96,12.3,3510,166,80.3,7700,3950,200,690,76.92,2421.9,4172.97,66.00,12.3,4.96,0.98,1.58,289.86,0.5803781045
5800,340,315,20.1,31.8,4.96,12.3,3510,166,80.3,7700,3950,200,690,76.92,2421.9,3711.50,72.23,12.3,4.96,0.98,1.58,289.86,0.6525393317
6300,340,315,20.1,31.8,4.96,12.3,3510,166,80.3,7700,3950,200,690,76.92,2421.9,3342.89,78.46,12.3,4.96,0.98,1.58,289.86,0.7244931074
30000,340,315,20.1,31.8,4.96,12.3,3510,166,80.3,7700,3950,200,690,76.92,2421.9,612.77,373.60,12.3,4.96,0.98,1.58,289.86,3.952386976
4000,333,312,18.0,28.0,5.57,13.7,3050,144,79.5,5370,3330,200,690,76.92,2104.5,5011.83,50.31,13.7,5.57,0.98,1.56,289.86,0.4199068361
4500,333,312,18.0,28.0,5.57,13.7,3050,144,79.5,5370,3330,200,690,76.92,2104.5,4215.41,56.60,13.7,5.57,0.98,1.56,289.86,0.4992400011
5000,333,312,18.0,28.0,5.57,13.7,3050,144,79.5,5370,3330,200,690,76.92,2104.5,3631.81,62.89,13.7,5.57,0.98,1.56,289.86,0.5794630404
5500,333,312,18.0,28.0,5.57,13.7,3050,144,79.5,5370,3330,200,690,76.92,2104.5,3188.26,69.18,13.7,5.57,0.98,1.56,289.86,0.6600770104
6000,333,312,18.0,28.0,5.57,13.7,3050,144,79.5,5370,3330,200,690,76.92,2104.5,2840.98,75.47,13.7,5.57,0.98,1.56,289.86,0.7407651532
30000,333,312,18.0,28.0,5.57,13.7,3050,144,79.5,5370,3330,200,690,76.92,2104.5,477.33,377.36,13.7,5.57,0.98,1.56,289.86,4.408902493
4000,328,310,15.5,25.1,6.17,15.9,2690,125,79.0,3800,2870,200,690,76.92,1856.1,4135.96,50.63,15.9,6.17,0.98,1.62,289.86,0.4487709604
4500,328,310,15.5,25.1,6.17,15.9,2690,125,79.0,3800,2870,200,690,76.92,1856.1,3458.63,56.96,15.9,6.17,0.98,1.62,289.86,0.5366575536
5000,328,310,15.5,25.1,6.17,15.9,2690,125,79.0,3800,2870,200,690,76.92,1856.1,2964.63,63.29,15.9,6.17,0.98,1.62,289.86,0.6260818721
5500,328,310,15.5,25.1,6.17,15.9,2690,125,79.0,3800,2870,200,690,76.92,1856.1,2590.97,69.62,15.9,6.17,0.98,1.62,289.86,0.7163717724
6000,328,310,15.5,25.1,6.17,15.9,2690,125,79.0,3800,2870,200,690,76.92,1856.1,2299.80,75.95,15.9,6.17,0.98,1.62,289.86,0.8070708224
30000,328,310,15.5,25.1,6.17,15.9,2690,125,79.0,3800,2870,200,690,76.92,1856.1,374.82,379.75,15.9,6.17,0.98,1.62,289.86,4.952036495
4000,323,310,14.0,22.9,6.76,17.7,2410,112,78.5,2850,2530,200,690,76.92,1662.9,3549.60,50.96,17.7,6.76,0.97,1.64,289.86,0.4684746856
4500,323,310,14.0,22.9,6.76,17.7,2410,112,78.5,2850,2530,200,690,76.92,1662.9,2954.32,57.32,17.7,6.76,0.97,1.64,289.86,0.5628715752
5000,323,310,14.0,22.9,6.76,17.7,2410,112,78.5,2850,2530,200,690,76.92,1662.9,2521.62,63.69,17.7,6.76,0.97,1.64,289.86,0.6594575151
5500,323,310,14.0,22.9,6.76,17.7,2410,112,78.5,2850,2530,200,690,76.92,1662.9,2195.49,70.06,17.7,6.76,0.97,1.64,289.86,0.7574158376
6000,323,310,14.0,22.9,6.76,17.7,2410,112,78.5,2850,2530,200,690,76.92,1662.9,1942.27,76.43,17.7,6.76,0.97,1.64,289.86,0.85616499
30000,323,310,14.0,22.9,6.76,17.7,2410,112,78.5,2850,2530,200,690,76.92,1662.9,307.82,382.17,17.7,6.76,0.97,1.64,289.86,5.402100325
3700,318,307,13.1,20.5,7.48,18.9,2160,100,78.0,2120,2220,200,690,76.92,1490.4,3457.70,47.44,18.9,7.48,0.97,1.57,289.86,0.4310381814
4200,318,307,13.1,20.5,7.48,18.9,2160,100,78.0,2120,2220,200,690,76.92,1490.4,2811.07,53.85,18.9,7.48,0.97,1.57,289.86,0.5301902936
4700,318,307,13.1,20.5,7.48,18.9,2160,100,78.0,2120,2220,200,690,76.92,1490.4,2354.32,60.26,18.9,7.48,0.97,1.57,289.86,0.6330495063
5200,318,307,13.1,20.5,7.48,18.9,2160,100,78.0,2120,2220,200,690,76.92,1490.4,2018.22,66.67,18.9,7.48,0.97,1.57,289.86,0.7384741601
5700,318,307,13.1,20.5,7.48,18.9,2160,100,78.0,2120,2220,200,690,76.92,1490.4,1762.53,73.08,18.9,7.48,0.97,1.57,289.86,0.8456031841
30000,318,307,13.1,20.5,7.48,18.9,2160,100,78.0,2120,2220,200,690,76.92,1490.4,251.42,384.62,18.9,7.48,0.97,1.57,289.86,5.927917438
3700,315,307,11.9,18.7,8.22,20.7,1950,90,77.5,1600,1970,200,690,76.92,1345.5,3009.40,47.74,20.7,8.22,0.97,1.57,289.86,0.4470988697
4200,315,307,11.9,18.7,8.22,20.7,1950,90,77.5,1600,1970,200,690,76.92,1345.5,2435.26,54.19,20.7,8.22,0.97,1.57,289.86,0.5525085509
4700,315,307,11.9,18.7,8.22,20.7,1950,90,77.5,1600,1970,200,690,76.92,1345.5,2030.66,60.65,20.7,8.22,0.97,1.57,289.86,0.6625927983
5200,315,307,11.9,18.7,8.22,20.7,1950,90,77.5,1600,1970,200,690,76.92,1345.5,1733.72,67.10,20.7,8.22,0.97,1.57,289.86,0.7760787129
5700,315,307,11.9,18.7,8.22,20.7,1950,90,77.5,1600,1970,200,690,76.92,1345.5,1508.46,73.55,20.7,8.22,0.97,1.57,289.86,0.891967714
30000,315,307,11.9,18.7,8.22,20.7,1950,90,77.5,1600,1970,200,690,76.92,1345.5,207.62,387.10,20.7,8.22,0.97,1.57,289.86,6.480481024
3700,312,305,10.9,17.0,8.99,22.6,1770,81,77.2,1220,1760,200,690,76.92,1221.3,2642.80,47.93,22.6,8.99,0.97,1.56,289.86,0.4621241341
4200,312,305,10.9,17.0,8.99,22.6,1770,81,77.2,1220,1760,200,690,76.92,1221.3,2129.40,54.40,22.6,8.99,0.97,1.56,289.86,0.5735424288
4700,312,305,10.9,17.0,8.99,22.6,1770,81,77.2,1220,1760,200,690,76.92,1221.3,1768.30,60.88,22.6,8.99,0.97,1.56,289.86,0.6906639764
5200,312,305,10.9,17.0,8.99,22.6,1770,81,77.2,1220,1760,200,690,76.92,1221.3,1503.86,67.36,22.6,8.99,0.97,1.56,289.86,0.8121094873
5700,312,305,10.9,17.0,8.99,22.6,1770,81,77.2,1220,1760,200,690,76.92,1221.3,1303.75,73.83,22.6,8.99,0.97,1.56,289.86,0.9367576308
30000,312,305,10.9,17.0,8.99,22.6,1770,81,77.2,1220,1760,200,690,76.92,1221.3,172.80,388.60,22.6,8.99,0.97,1.56,289.86,7.067521977
3500,307,305,9.9,15.4,9.92,24.9,1590,72,76.7,907,1550,200,690,76.92,1097.1,2529.27,45.63,24.9,9.92,0.96,1.55,289.86,0.4337612387
4000,307,305,9.9,15.4,9.92,24.9,1590,72,76.7,907,1550,200,690,76.92,1097.1,2000.15,52.15,24.9,9.92,0.96,1.55,289.86,0.5485102161
4500,307,305,9.9,15.4,9.92,24.9,1590,72,76.7,907,1550,200,690,76.92,1097.1,1635.51,58.67,24.9,9.92,0.96,1.55,289.86,0.6708007746
5000,307,305,9.9,15.4,9.92,24.9,1590,72,76.7,907,1550,200,690,76.92,1097.1,1372.97,65.19,24.9,9.92,0.96,1.55,289.86,0.7990726854
5500,307,305,9.9,15.4,9.92,24.9,1590,72,76.7,907,1550,200,690,76.92,1097.1,1177.15,71.71,24.9,9.92,0.96,1.55,289.86,0.9319984703
30000,307,305,9.9,15.4,9.92,24.9,1590,72,76.7,907,1550,200,690,76.92,1097.1,141.20,391.13,24.9,9.92,0.96,1.55,289.86,7.769590089
3000,310,254,9.1,16.2,7.82,27.0,1420,45,63.8,874,959,200,690,76.92,979.8,2156.14,47.02,27.0,7.82,1.16,1.78,289.86,0.4544226212
3500,310,254,9.1,16.2,7.82,27.0,1420,45,63.8,874,959,200,690,76.92,979.8,1651.93,54.86,27.0,7.82,1.16,1.78,289.86,0.5931238869
4000,310,254,9.1,16.2,7.82,27.0,1420,45,63.8,874,959,200,690,76.92,979.8,1322.15,62.70,27.0,7.82,1.16,1.78,289.86,0.741067405
4500,310,254,9.1,16.2,7.82,27.0,1420,45,63.8,874,959,200,690,76.92,979.8,1093.78,70.53,27.0,7.82,1.16,1.78,289.86,0.8957943899
5000,310,254,9.1,16.2,7.82,27.0,1420,45,63.8,874,959,200,690,76.92,979.8,928.41,78.37,27.0,7.82,1.16,1.78,289.86,1.05535134
30000,310,254,9.1,16.2,7.82,27.0,1420,45,63.8,874,959,200,690,76.92,979.8,107.76,470.22,27.0,7.82,1.16,1.78,289.86,9.092180668
2900,307,254,8.8,14.6,8.69,28.1,1280,40,63.0,658,849,200,690,76.92,883.2,2004.00,46.03,28.1,8.69,1.15,1.67,289.86,0.4407196196
3400,307,254,8.8,14.6,8.69,28.1,1280,40,63.0,658,849,200,690,76.92,883.2,1512.22,53.97,28.1,8.69,1.15,1.67,289.86,0.5840430435
3900,307,254,8.8,14.6,8.69,28.1,1280,40,63.0,658,849,200,690,76.92,883.2,1195.36,61.90,28.1,8.69,1.15,1.67,289.86,0.738857499
4400,307,254,8.8,14.6,8.69,28.1,1280,40,63.0,658,849,200,690,76.92,883.2,978.62,69.84,28.1,8.69,1.15,1.67,289.86,0.9024947703
4900,307,254,8.8,14.6,8.69,28.1,1280,40,63.0,658,849,200,690,76.92,883.2,823.32,77.78,28.1,8.69,1.15,1.67,289.86,1.07273605
30000,307,254,8.8,14.6,8.69,28.1,1280,40,63.0,658,849,200,690,76.92,883.2,88.77,476.19,28.1,8.69,1.15,1.67,289.86,9.948790549
2400,310,205,9.4,16.2,6.31,26.8,1180,23,49.8,712,505,200,690,76.92,814.2,1770.68,48.19,26.8,6.31,1.43,1.73,289.86,0.4598233282
2900,310,205,9.4,16.2,6.31,26.8,1180,23,49.8,712,505,200,690,76.92,814.2,1278.04,58.23,26.8,6.31,1.43,1.73,289.86,0.6370683864
3400,310,205,9.4,16.2,6.31,26.8,1180,23,49.8,712,505,200,690,76.92,814.2,983.28,68.27,26.8,6.31,1.43,1.73,289.86,0.8280459052
3900,310,205,9.4,16.2,6.31,26.8,1180,23,49.8,712,505,200,690,76.92,814.2,791.82,78.31,26.8,6.31,1.43,1.73,289.86,1.028263747
4400,310,205,9.4,16.2,6.31,26.8,1180,23,49.8,712,505,200,690,76.92,814.2,659.59,88.35,26.8,6.31,1.43,1.73,289.86,1.234401852
21000,310,205,9.4,16.2,6.31,26.8,1180,23,49.8,712,505,200,690,76.92,814.2,101.25,421.69,26.8,6.31,1.43,1.73,289.86,8.041832387
2200,307,204,8.5,14.6,7.00,29.6,1050,21,49.5,524,443,200,690,76.92,724.5,1793.59,44.44,29.6,7.00,1.43,1.71,289.86,0.4039395074
2700,307,204,8.5,14.6,7.00,29.6,1050,21,49.5,524,443,200,690,76.92,724.5,1244.56,54.55,29.6,7.00,1.43,1.71,289.86,0.5821313309
3200,307,204,8.5,14.6,7.00,29.6,1050,21,49.5,524,443,200,690,76.92,724.5,930.02,64.65,29.6,7.00,1.43,1.71,289.86,0.7790156393
3700,307,204,8.5,14.6,7.00,29.6,1050,21,49.5,524,443,200,690,76.92,724.5,732.26,74.75,29.6,7.00,1.43,1.71,289.86,0.9894027836
4200,307,204,8.5,14.6,7.00,29.6,1050,21,49.5,524,443,200,690,76.92,724.5,599.17,84.85,29.6,7.00,1.43,1.71,289.86,1.209171524
21000,307,204,8.5,14.6,7.00,29.6,1050,21,49.5,524,443,200,690,76.92,724.5,82.20,424.24,29.6,7.00,1.43,1.71,289.86,8.813878165
2300,302,203,7.5,13.1,7.77,33.6,934,18,49.3,377,387,200,690,76.92,644.46,1429.39,46.65,33.6,7.77,1.42,1.74,289.86,0.4508633036
2800,302,203,7.5,13.1,7.77,33.6,934,18,49.3,377,387,200,690,76.92,644.46,1002.60,56.80,33.6,7.77,1.42,1.74,289.86,0.642790939
3300,302,203,7.5,13.1,7.77,33.6,934,18,49.3,377,387,200,690,76.92,644.46,753.31,66.94,33.6,7.77,1.42,1.74,289.86,0.8555038902
3800,302,203,7.5,13.1,7.77,33.6,934,18,49.3,377,387,200,690,76.92,644.46,594.58,77.08,33.6,7.77,1.42,1.74,289.86,1.083889731
4300,302,203,7.5,13.1,7.77,33.6,934,18,49.3,377,387,200,690,76.92,644.46,486.86,87.22,33.6,7.77,1.42,1.74,289.86,1.323716268
18000,302,203,7.5,13.1,7.77,33.6,934,18,49.3,377,387,200,690,76.92,644.46,77.67,365.11,33.6,7.77,1.42,1.74,289.86,8.297551051
1800,318,167,7.6,13.2,6.31,36.2,839,10,39.1,308,236,200,690,76.92,578.91,1336.40,46.04,36.2,6.31,1.82,1.74,289.86,0.433186251
2300,318,167,7.6,13.2,6.31,36.2,839,10,39.1,308,236,200,690,76.92,578.91,854.36,58.82,36.2,6.31,1.82,1.74,289.86,0.6775941653
2800,318,167,7.6,13.2,6.31,36.2,839,10,39.1,308,236,200,690,76.92,578.91,605.22,71.61,36.2,6.31,1.82,1.74,289.86,0.9565350951
3300,318,167,7.6,13.2,6.31,36.2,839,10,39.1,308,236,200,690,76.92,578.91,459.24,84.40,36.2,6.31,1.82,1.74,289.86,1.260594341
3800,318,167,7.6,13.2,6.31,36.2,839,10,39.1,308,236,200,690,76.92,578.91,365.90,97.19,36.2,6.31,1.82,1.74,289.86,1.582139803
14000,318,167,7.6,13.2,6.31,36.2,839,10,39.1,308,236,200,690,76.92,578.91,67.79,358.06,36.2,6.31,1.82,1.74,289.86,8.539628176
1800,312,166,6.6,11.2,7.41,41.8,706,8,38.6,190,193,200,690,76.92,487.14,1080.70,46.63,41.8,7.41,1.81,1.70,289.86,0.450762619
2300,312,166,6.6,11.2,7.41,41.8,706,8,38.6,190,193,200,690,76.92,487.14,684.66,59.59,41.8,7.41,1.81,1.70,289.86,0.7115028258
2800,312,166,6.6,11.2,7.41,41.8,706,8,38.6,190,193,200,690,76.92,487.14,480.39,72.54,41.8,7.41,1.81,1.70,289.86,1.014049623
3300,312,166,6.6,11.2,7.41,41.8,706,8,38.6,190,193,200,690,76.92,487.14,361.07,85.49,41.8,7.41,1.81,1.70,289.86,1.3491709
3800,312,166,6.6,11.2,7.41,41.8,706,8,38.6,190,193,200,690,76.92,487.14,285.08,98.45,41.8,7.41,1.81,1.70,289.86,1.708792055
11000,312,166,6.6,11.2,7.41,41.8,706,8,38.6,190,193,200,690,76.92,487.14,64.82,284.97,41.8,7.41,1.81,1.70,289.86,7.514705542
1800,310,165,5.8,9.7,8.54,47.2,610,7,38.4,125,163,200,690,76.92,420.9,905.50,46.88,47.2,8.54,1.82,1.65,289.86,0.4648276308
2300,310,165,5.8,9.7,8.54,47.2,610,7,38.4,125,163,200,690,76.92,420.9,569.87,59.90,47.2,8.54,1.82,1.65,289.86,0.7385848962
2800,310,165,5.8,9.7,8.54,47.2,610,7,38.4,125,163,200,690,76.92,420.9,396.97,72.92,47.2,8.54,1.82,1.65,289.86,1.060284358
3300,310,165,5.8,9.7,8.54,47.2,610,7,38.4,125,163,200,690,76.92,420.9,296.15,85.94,47.2,8.54,1.82,1.65,289.86,1.421225958
3800,310,165,5.8,9.7,8.54,47.2,610,7,38.4,125,163,200,690,76.92,420.9,232.11,98.96,47.2,8.54,1.82,1.65,289.86,1.813352556
10000,310,165,5.8,9.7,8.54,47.2,610,7,38.4,125,163,200,690,76.92,420.9,55.95,260.42,47.2,8.54,1.82,1.65,289.86,7.523384329
1000,312,102,6.6,10.8,4.74,41.8,480,2,21.5,122,44,200,690,76.92,331.2,795.26,46.51,41.8,4.74,2.95,1.63,289.86,0.416466453
1500,312,102,6.6,10.8,4.74,41.8,480,2,21.5,122,44,200,690,76.92,331.2,374.37,69.77,41.8,4.74,2.95,1.63,289.86,0.8846808951
2000,312,102,6.6,10.8,4.74,41.8,480,2,21.5,122,44,200,690,76.92,331.2,226.03,93.02,41.8,4.74,2.95,1.63,289.86,1.46526818
2500,312,102,6.6,10.8,4.74,41.8,480,2,21.5,122,44,200,690,76.92,331.2,156.46,116.28,41.8,4.74,2.95,1.63,289.86,2.116852983
3000,312,102,6.6,10.8,4.74,41.8,480,2,21.5,122,44,200,690,76.92,331.2,117.89,139.53,41.8,4.74,2.95,1.63,289.86,2.809297778
7800,312,102,6.6,10.8,4.74,41.8,480,2,21.5,122,44,200,690,76.92,331.2,34.17,362.79,41.8,4.74,2.95,1.63,289.86,9.691484055
950,310,102,6.0,8.9,5.72,46.2,405,2,20.9,75,35,200,690,76.92,279.45,698.31,45.45,46.2,5.72,2.95,1.49,289.86,0.4001805468
1450,310,102,6.0,8.9,5.72,46.2,405,2,20.9,75,35,200,690,76.92,279.45,313.32,69.38,46.2,5.72,2.95,1.49,289.86,0.8919052977
1950,310,102,6.0,8.9,5.72,46.2,405,2,20.9,75,35,200,690,76.92,279.45,183.34,93.30,46.2,5.72,2.95,1.49,289.86,1.524177648
2450,310,102,6.0,8.9,5.72,46.2,405,2,20.9,75,35,200,690,76.92,279.45,123.94,117.22,46.2,5.72,2.95,1.49,289.86,2.254731836
2950,310,102,6.0,8.9,5.72,46.2,405,2,20.9,75,35,200,690,76.92,279.45,91.65,141.15,46.2,5.72,2.95,1.49,289.86,3.048985614
6000,310,102,6.0,8.9,5.72,46.2,405,2,20.9,75,35,200,690,76.92,279.45,33.71,287.08,46.2,5.72,2.95,1.49,289.86,8.290102749
900,305,101,5.6,6.7,7.53,49.4,329,1,19.6,43,26,200,690,76.92,227.01,571.11,45.92,49.4,7.53,2.95,1.20,289.86,0.3974865032
1400,305,101,5.6,6.7,7.53,49.4,329,1,19.6,43,26,200,690,76.92,227.01,244.17,71.43,49.4,7.53,2.95,1.20,289.86,0.9297023161
1900,305,101,5.6,6.7,7.53,49.4,329,1,19.6,43,26,200,690,76.92,227.01,138.68,96.94,49.4,7.53,2.95,1.20,289.86,1.636977418
2400,305,101,5.6,6.7,7.53,49.4,329,1,19.6,43,26,200,690,76.92,227.01,91.66,122.45,49.4,7.53,2.95,1.20,289.86,2.476660548
2900,305,101,5.6,6.7,7.53,49.4,329,1,19.6,43,26,200,690,76.92,227.01,66.57,147.96,49.4,7.53,2.95,1.20,289.86,3.410285742
5000,305,101,5.6,6.7,7.53,49.4,329,1,19.6,43,26,200,690,76.92,227.01,29.13,255.10,49.4,7.53,2.95,1.20,289.86,7.792751543
900,302,101,5.1,5.7,8.82,54.3,285,1,19.1,29,22,200,690,76.92,196.65,474.79,47.12,54.3,8.82,2.93,1.13,289.86,0.414179955
1400,302,101,5.1,5.7,8.82,54.3,285,1,19.1,29,22,200,690,76.92,196.65,201.85,73.30,54.3,8.82,2.93,1.13,289.86,0.9742195561
1900,302,101,5.1,5.7,8.82,54.3,285,1,19.1,29,22,200,690,76.92,196.65,113.84,99.48,54.3,8.82,2.93,1.13,289.86,1.727390943
2400,302,101,5.1,5.7,8.82,54.3,285,1,19.1,29,22,200,690,76.92,196.65,74.68,125.65,54.3,8.82,2.93,1.13,289.86,2.633369175
2900,302,101,5.1,5.7,8.82,54.3,285,1,19.1,29,22,200,690,76.92,196.65,53.82,151.83,54.3,8.82,2.93,1.13,289.86,3.653724491
5000,302,101,5.1,5.7,8.82,54.3,285,1,19.1,29,22,200,690,76.92,196.65,22.95,261.78,54.3,8.82,2.93,1.13,289.86,8.567628572
4000,290,264,19.2,31.7,4.17,10.4,2410,98,68.1,6290,1620,200,690,76.92,1662.9,3770.23,58.74,10.4,4.17,0.98,1.65,289.86,0.4410606569
4500,290,264,19.2,31.7,4.17,10.4,2410,98,68.1,6290,1620,200,690,76.92,1662.9,3246.89,66.08,10.4,4.17,0.98,1.65,289.86,0.5121523959
5000,290,264,19.2,31.7,4.17,10.4,2410,98,68.1,6290,1620,200,690,76.92,1662.9,2853.07,73.42,10.4,4.17,0.98,1.65,289.86,0.5828459732
5500,290,264,19.2,31.7,4.17,10.4,2410,98,68.1,6290,1620,200,690,76.92,1662.9,2546.20,80.76,10.4,4.17,0.98,1.65,289.86,0.6530896939
6000,290,264,19.2,31.7,4.17,10.4,2410,98,68.1,6290,1620,200,690,76.92,1662.9,2300.36,88.11,10.4,4.17,0.98,1.65,289.86,0.722888142
30000,290,264,19.2,31.7,4.17,10.4,2410,98,68.1,6290,1620,200,690,76.92,1662.9,424.44,440.53,10.4,4.17,0.98,1.65,289.86,3.917888245
4000,282,262,17.3,28.4,4.62,11.6,2130,86,67.3,4540,1380,200,690,76.92,1469.7,3079.05,59.44,11.6,4.62,0.97,1.64,289.86,0.477323172
4500,282,262,17.3,28.4,4.62,11.6,2130,86,67.3,4540,1380,200,690,76.92,1469.7,2641.13,66.86,11.6,4.62,0.97,1.64,289.86,0.5564673681
5000,282,262,17.3,28.4,4.62,11.6,2130,86,67.3,4540,1380,200,690,76.92,1469.7,2313.37,74.29,11.6,4.62,0.97,1.64,289.86,0.6353079201
5500,282,262,17.3,28.4,4.62,11.6,2130,86,67.3,4540,1380,200,690,76.92,1469.7,2059.20,81.72,11.6,4.62,0.97,1.64,289.86,0.7137223434
6000,282,262,17.3,28.4,4.62,11.6,2130,86,67.3,4540,1380,200,690,76.92,1469.7,1856.44,89.15,11.6,4.62,0.97,1.64,289.86,0.791674653
30000,282,262,17.3,28.4,4.62,11.6,2130,86,67.3,4540,1380,200,690,76.92,1469.7,338.06,445.77,11.6,4.62,0.97,1.64,289.86,4.347394317
3700,274,262,15.4,25.3,5.18,13.0,1850,75,66.8,3130,1160,200,690,76.92,1276.5,2742.57,55.39,13.0,5.18,0.95,1.64,289.86,0.4654390005
4200,274,262,15.4,25.3,5.18,13.0,1850,75,66.8,3130,1160,200,690,76.92,1276.5,2302.52,62.87,13.0,5.18,0.95,1.64,289.86,0.554392346
4700,274,262,15.4,25.3,5.18,13.0,1850,75,66.8,3130,1160,200,690,76.92,1276.5,1983.65,70.36,13.0,5.18,0.95,1.64,289.86,0.6435109483
5200,274,262,15.4,25.3,5.18,13.0,1850,75,66.8,3130,1160,200,690,76.92,1276.5,1742.83,77.84,13.0,5.18,0.95,1.64,289.86,0.7324313593
5700,274,262,15.4,25.3,5.18,13.0,1850,75,66.8,3130,1160,200,690,76.92,1276.5,1554.86,85.33,13.0,5.18,0.95,1.64,289.86,0.8209735012
40000,274,262,15.4,25.3,5.18,13.0,1850,75,66.8,3130,1160,200,690,76.92,1276.5,195.45,598.80,13.0,5.18,0.95,1.64,289.86,6.530976589
3700,269,259,13.5,22.1,5.86,14.8,1600,64,66.0,2130,975,200,690,76.92,1104,2197.39,56.06,14.8,5.86,0.95,1.64,289.86,0.5024136729
4200,269,259,13.5,22.1,5.86,14.8,1600,64,66.0,2130,975,200,690,76.92,1104,1832.98,63.64,14.8,5.86,0.95,1.64,289.86,0.6022975109
4700,269,259,13.5,22.1,5.86,14.8,1600,64,66.0,2130,975,200,690,76.92,1104,1570.65,71.21,14.8,5.86,0.95,1.64,289.86,0.7028929688
5200,269,259,13.5,22.1,5.86,14.8,1600,64,66.0,2130,975,200,690,76.92,1104,1373.78,78.79,14.8,5.86,0.95,1.64,289.86,0.80362309
5700,269,259,13.5,22.1,5.86,14.8,1600,64,66.0,2130,975,200,690,76.92,1104,1221.02,86.36,14.8,5.86,0.95,1.64,289.86,0.9041597954
30000,269,259,13.5,22.1,5.86,14.8,1600,64,66.0,2130,975,200,690,76.92,1104,200.11,454.55,14.8,5.86,0.95,1.64,289.86,5.516838392
3500,264,257,11.9,19.5,6.58,16.7,1400,56,65.8,1480,832,200,690,76.92,966,1955.85,53.19,16.7,6.58,0.95,1.64,289.86,0.4939032496
4000,264,257,11.9,19.5,6.58,16.7,1400,56,65.8,1480,832,200,690,76.92,966,1599.24,60.79,16.7,6.58,0.95,1.64,289.86,0.6040367957
4500,264,257,11.9,19.5,6.58,16.7,1400,56,65.8,1480,832,200,690,76.92,966,1348.97,68.39,16.7,6.58,0.95,1.64,289.86,0.7161040109
5000,264,257,11.9,19.5,6.58,16.7,1400,56,65.8,1480,832,200,690,76.92,966,1165.10,75.99,16.7,6.58,0.95,1.64,289.86,0.8291135166
5500,264,257,11.9,19.5,6.58,16.7,1400,56,65.8,1480,832,200,690,76.92,966,1025.00,83.59,16.7,6.58,0.95,1.64,289.86,0.9424392948
30000,264,257,11.9,19.5,6.58,16.7,1400,56,65.8,1480,832,200,690,76.92,966,155.86,455.93,16.7,6.58,0.95,1.64,289.86,6.197720154
3200,259,257,10.7,17.3,7.41,18.7,1220,48,65.3,1030,709,200,690,76.92,841.8,1857.33,49.00,18.7,7.41,0.94,1.62,289.86,0.4532309099
3700,259,257,10.7,17.3,7.41,18.7,1220,48,65.3,1030,709,200,690,76.92,841.8,1472.65,56.66,18.7,7.41,0.94,1.62,289.86,0.5716228691
4200,259,257,10.7,17.3,7.41,18.7,1220,48,65.3,1030,709,200,690,76.92,841.8,1212.75,64.32,18.7,7.41,0.94,1.62,289.86,0.6941272476
4700,259,257,10.7,17.3,7.41,18.7,1220,48,65.3,1030,709,200,690,76.92,841.8,1027.66,71.98,18.7,7.41,0.94,1.62,289.86,0.8191390508
5200,259,257,10.7,17.3,7.41,18.7,1220,48,65.3,1030,709,200,690,76.92,841.8,890.27,79.63,18.7,7.41,0.94,1.62,289.86,0.9455526266
35000,259,257,10.7,17.3,7.41,18.7,1220,48,65.3,1030,709,200,690,76.92,841.8,103.61,535.99,18.7,7.41,0.94,1.62,289.86,8.124759293
3100,257,254,9.4,15.6,8.15,21.2,1090,43,65.0,758,623,200,690,76.92,752.1,1678.34,47.69,21.2,8.15,0.95,1.66,289.86,0.4481207584
3600,257,254,9.4,15.6,8.15,21.2,1090,43,65.0,758,623,200,690,76.92,752.1,1310.65,55.38,21.2,8.15,0.95,1.66,289.86,0.5738361358
4100,257,254,9.4,15.6,8.15,21.2,1090,43,65.0,758,623,200,690,76.92,752.1,1066.07,63.08,21.2,8.15,0.95,1.66,289.86,0.7054887704
4600,257,254,9.4,15.6,8.15,21.2,1090,43,65.0,758,623,200,690,76.92,752.1,894.19,70.77,21.2,8.15,0.95,1.66,289.86,0.8410945165
5100,257,254,9.4,15.6,8.15,21.2,1090,43,65.0,758,623,200,690,76.92,752.1,768.07,78.46,21.2,8.15,0.95,1.66,289.86,0.9792032367
30000,257,254,9.4,15.6,8.15,21.2,1090,43,65.0,758,623,200,690,76.92,752.1,98.16,461.54,21.2,8.15,0.95,1.66,289.86,7.661928783
3000,254,254,8.6,14.2,8.93,23.1,990,39,64.5,579,556,200,690,76.92,683.1,1561.26,46.51,23.1,8.93,0.94,1.65,289.86,0.437530153
3500,254,254,8.6,14.2,8.93,23.1,990,39,64.5,579,556,200,690,76.92,683.1,1201.18,54.26,23.1,8.93,0.94,1.65,289.86,0.5686908262
4000,254,254,8.6,14.2,8.93,23.1,990,39,64.5,579,556,200,690,76.92,683.1,965.26,62.02,23.1,8.93,0.94,1.65,289.86,0.7076826347
4500,254,254,8.6,14.2,8.93,23.1,990,39,64.5,579,556,200,690,76.92,683.1,801.56,69.77,23.1,8.93,0.94,1.65,289.86,0.8522097732
5000,254,254,8.6,14.2,8.93,23.1,990,39,64.5,579,556,200,690,76.92,683.1,682.75,77.52,23.1,8.93,0.94,1.65,289.86,1.000509491
30000,254,254,8.6,14.2,8.93,23.1,990,39,64.5,579,556,200,690,76.92,683.1,81.85,465.12,23.1,8.93,0.94,1.65,289.86,8.345655619
2500,257,204,8.9,15.8,6.47,22.5,900,22,51.1,629,322,200,690,76.92,621,1343.81,48.92,22.5,6.47,1.18,1.77,289.86,0.4621195765
3000,257,204,8.9,15.8,6.47,22.5,900,22,51.1,629,322,200,690,76.92,621,997.19,58.71,22.5,6.47,1.18,1.77,289.86,0.6227476743
3500,257,204,8.9,15.8,6.47,22.5,900,22,51.1,629,322,200,690,76.92,621,784.57,68.49,22.5,6.47,1.18,1.77,289.86,0.791514331
4000,257,204,8.9,15.8,6.47,22.5,900,22,51.1,629,322,200,690,76.92,621,643.53,78.28,22.5,6.47,1.18,1.77,289.86,0.9649958002
4500,257,204,8.9,15.8,6.47,22.5,900,22,51.1,629,322,200,690,76.92,621,544.29,88.06,22.5,6.47,1.18,1.77,289.86,1.140942431
30000,257,204,8.9,15.8,6.47,22.5,900,22,51.1,629,322,200,690,76.92,621,64.05,587.08,22.5,6.47,1.18,1.77,289.86,9.696141345
2200,252,203,8.0,13.5,7.53,25.0,767,19,50.3,406,266,200,690,76.92,529.23,1352.25,43.74,25.0,7.53,1.17,1.68,289.86,0.3913695893
2700,252,203,8.0,13.5,7.53,25.0,767,19,50.3,406,266,200,690,76.92,529.23,947.22,53.68,25.0,7.53,1.17,1.68,289.86,0.5587173516
3200,252,203,8.0,13.5,7.53,25.0,767,19,50.3,406,266,200,690,76.92,529.23,714.42,63.62,25.0,7.53,1.17,1.68,289.86,0.7407844726
3700,252,203,8.0,13.5,7.53,25.0,767,19,50.3,406,266,200,690,76.92,529.23,567.43,73.56,25.0,7.53,1.17,1.68,289.86,0.9326770532
4200,252,203,8.0,13.5,7.53,25.0,767,19,50.3,406,266,200,690,76.92,529.23,468.02,83.50,25.0,7.53,1.17,1.68,289.86,1.13079459
25000,252,203,8.0,13.5,7.53,25.0,767,19,50.3,406,266,200,690,76.92,529.23,57.01,497.02,25.0,7.53,1.17,1.68,289.86,9.282630882
2200,247,202,7.4,11.0,9.15,27.1,636,15,49.3,243,212,200,690,76.92,438.84,1057.67,44.62,27.1,9.15,1.17,1.50,289.86,0.4149135452
2700,247,202,7.4,11.0,9.15,27.1,636,15,49.3,243,212,200,690,76.92,438.84,733.12,54.77,27.1,9.15,1.17,1.50,289.86,0.5985907151
3200,247,202,7.4,11.0,9.15,27.1,636,15,49.3,243,212,200,690,76.92,438.84,547.25,64.91,27.1,9.15,1.17,1.50,289.86,0.801907235
3700,247,202,7.4,11.0,9.15,27.1,636,15,49.3,243,212,200,690,76.92,438.84,430.43,75.05,27.1,9.15,1.17,1.50,289.86,1.019532972
4200,247,202,7.4,11.0,9.15,27.1,636,15,49.3,243,212,200,690,76.92,438.84,351.86,85.19,27.1,9.15,1.17,1.50,289.86,1.247197885
22000,247,202,7.4,11.0,9.15,27.1,636,15,49.3,243,212,200,690,76.92,438.84,45.61,446.25,27.1,9.15,1.17,1.50,289.86,9.620987777
1500,267,148,7.6,13.0,5.70,29.5,600,7,34.8,259,111,200,690,76.92,414,1107.88,43.10,29.5,5.70,1.72,1.70,289.86,0.3736855392
2000,267,148,7.6,13.0,5.70,29.5,600,7,34.8,259,111,200,690,76.92,414,663.07,57.47,29.5,5.70,1.72,1.70,289.86,0.6243692492
2500,267,148,7.6,13.0,5.70,29.5,600,7,34.8,259,111,200,690,76.92,414,455.08,71.84,29.5,5.70,1.72,1.70,289.86,0.9097207463
3000,267,148,7.6,13.0,5.70,29.5,600,7,34.8,259,111,200,690,76.92,414,340.29,86.21,29.5,5.70,1.72,1.70,289.86,1.216594942
3500,267,148,7.6,13.0,5.70,29.5,600,7,34.8,259,111,200,690,76.92,414,269.56,100.57,29.5,5.70,1.72,1.70,289.86,1.535817028
15000,267,148,7.6,13.0,5.70,29.5,600,7,34.8,259,111,200,690,76.92,414,46.76,431.03,29.5,5.70,1.72,1.70,289.86,8.853627917
1500,262,147,6.6,11.2,6.56,34.0,513,6,34.5,167,93,200,690,76.92,353.97,911.85,43.48,34.0,6.56,1.71,1.70,289.86,0.3881886216
2000,262,147,6.6,11.2,6.56,34.0,513,6,34.5,167,93,200,690,76.92,353.97,539.46,57.97,34.0,6.56,1.71,1.70,289.86,0.6561514345
2500,262,147,6.6,11.2,6.56,34.0,513,6,34.5,167,93,200,690,76.92,353.97,365.94,72.46,34.0,6.56,1.71,1.70,289.86,0.9672772086
3000,262,147,6.6,11.2,6.56,34.0,513,6,34.5,167,93,200,690,76.92,353.97,270.65,86.96,34.0,6.56,1.71,1.70,289.86,1.30783323
3500,262,147,6.6,11.2,6.56,34.0,513,6,34.5,167,93,200,690,76.92,353.97,212.30,101.45,34.0,6.56,1.71,1.70,289.86,1.66728651
12000,262,147,6.6,11.2,6.56,34.0,513,6,34.5,167,93,200,690,76.92,353.97,44.15,347.83,34.0,6.56,1.71,1.70,289.86,8.017580471
1500,259,146,6.1,9.1,7.99,36.9,426,5,33.8,100,74,200,690,76.92,293.94,719.55,44.38,36.9,7.99,1.71,1.50,289.86,0.4085078598
2000,259,146,6.1,9.1,7.99,36.9,426,5,33.8,100,74,200,690,76.92,293.94,421.06,59.17,36.9,7.99,1.71,1.50,289.86,0.6981023471
2500,259,146,6.1,9.1,7.99,36.9,426,5,33.8,100,74,200,690,76.92,293.94,282.33,73.96,36.9,7.99,1.71,1.50,289.86,1.041118391
3000,259,146,6.1,9.1,7.99,36.9,426,5,33.8,100,74,200,690,76.92,293.94,206.45,88.76,36.9,7.99,1.71,1.50,289.86,1.423777636
3500,259,146,6.1,9.1,7.99,36.9,426,5,33.8,100,74,200,690,76.92,293.94,160.23,103.55,36.9,7.99,1.71,1.50,289.86,1.834494348
10000,259,146,6.1,9.1,7.99,36.9,426,5,33.8,100,74,200,690,76.92,293.94,38.29,295.86,36.9,7.99,1.71,1.50,289.86,7.67716822
1100,259,102,6.4,10.0,5.09,35.4,354,2,22.2,97,28,200,690,76.92,244.26,515.24,49.55,35.4,5.09,2.44,1.58,289.86,0.4740686595
1600,259,102,6.4,10.0,5.09,35.4,354,2,22.2,97,28,200,690,76.92,244.26,261.97,72.07,35.4,5.09,2.44,1.58,289.86,0.9323999011
2100,259,102,6.4,10.0,5.09,35.4,354,2,22.2,97,28,200,690,76.92,244.26,165.62,94.59,35.4,5.09,2.44,1.58,289.86,1.47482373
2600,259,102,6.4,10.0,5.09,35.4,354,2,22.2,97,28,200,690,76.92,244.26,118.32,117.12,35.4,5.09,2.44,1.58,289.86,2.064348832
3100,259,102,6.4,10.0,5.09,35.4,354,2,22.2,97,28,200,690,76.92,244.26,91.24,139.64,35.4,5.09,2.44,1.58,289.86,2.677256832
8000,259,102,6.4,10.0,5.09,35.4,354,2,22.2,97,28,200,690,76.92,244.26,28.08,360.36,35.4,5.09,2.44,1.58,289.86,8.698883571
960,257,102,6.1,8.4,6.08,36.9,306,1,21.5,65,23,200,690,76.92,211.14,542.20,44.65,36.9,6.08,2.44,1.38,289.86,0.3894154899
1460,257,102,6.1,8.4,6.08,36.9,306,1,21.5,65,23,200,690,76.92,211.14,248.23,67.91,36.9,6.08,2.44,1.38,289.86,0.8505847397
1960,257,102,6.1,8.4,6.08,36.9,306,1,21.5,65,23,200,690,76.92,211.14,147.89,91.16,36.9,6.08,2.44,1.38,289.86,1.427691085
2460,257,102,6.1,8.4,6.08,36.9,306,1,21.5,65,23,200,690,76.92,211.14,101.61,114.42,36.9,6.08,2.44,1.38,289.86,2.077999369
2960,257,102,6.1,8.4,6.08,36.9,306,1,21.5,65,23,200,690,76.92,211.14,76.22,137.67,36.9,6.08,2.44,1.38,289.86,2.770311097
7000,257,102,6.1,8.4,6.08,36.9,306,1,21.5,65,23,200,690,76.92,211.14,24.60,325.58,36.9,6.08,2.44,1.38,289.86,8.582816531
900,254,102,5.8,6.9,7.41,38.5,262,1,20.6,43,18,200,690,76.92,180.78,490.43,43.69,38.5,7.41,2.42,1.18,289.86,0.3686167866
1400,254,102,5.8,6.9,7.41,38.5,262,1,20.6,43,18,200,690,76.92,180.78,212.44,67.96,38.5,7.41,2.42,1.18,289.86,0.8509673062
1900,254,102,5.8,6.9,7.41,38.5,262,1,20.6,43,18,200,690,76.92,180.78,122.55,92.23,38.5,7.41,2.42,1.18,289.86,1.475180532
2400,254,102,5.8,6.9,7.41,38.5,262,1,20.6,43,18,200,690,76.92,180.78,82.32,116.50,38.5,7.41,2.42,1.18,289.86,2.196091786
2900,254,102,5.8,6.9,7.41,38.5,262,1,20.6,43,18,200,690,76.92,180.78,60.71,140.78,38.5,7.41,2.42,1.18,289.86,2.977639193
5500,254,102,5.8,6.9,7.41,38.5,262,1,20.6,43,18,200,690,76.92,180.78,24.66,266.99,38.5,7.41,2.42,1.18,289.86,7.331283868
800,251,101,4.8,5.4,9.43,46.6,206,1,19.9,23,14,200,690,76.92,142.14,459.64,40.20,46.6,9.43,2.43,1.11,289.86,0.3092418322
1300,251,101,4.8,5.4,9.43,46.6,206,1,19.9,23,14,200,690,76.92,142.14,179.67,65.33,46.6,9.43,2.43,1.11,289.86,0.7911376279
1800,251,101,4.8,5.4,9.43,46.6,206,1,19.9,23,14,200,690,76.92,142.14,97.87,90.45,46.6,9.43,2.43,1.11,289.86,1.452374619
2300,251,101,4.8,5.4,9.43,46.6,206,1,19.9,23,14,200,690,76.92,142.14,63.15,115.58,46.6,9.43,2.43,1.11,289.86,2.250889216
2800,251,101,4.8,5.4,9.43,46.6,206,1,19.9,23,14,200,690,76.92,142.14,45.16,140.70,46.6,9.43,2.43,1.11,289.86,3.147739219
5600,251,101,4.8,5.4,9.43,46.6,206,1,19.9,23,14,200,690,76.92,142.14,16.01,281.41,46.6,9.43,2.43,1.11,289.86,8.878294802
3000,229,210,14.5,23.7,4.43,11.1,1150,37,53.8,2100,387,200,690,76.92,793.5,1849.97,55.76,11.1,4.43,0.98,1.63,289.86,0.4289257169
3500,229,210,14.5,23.7,4.43,11.1,1150,37,53.8,2100,387,200,690,76.92,793.5,1511.50,65.06,11.1,4.43,0.98,1.63,289.86,0.524975433
4000,229,210,14.5,23.7,4.43,11.1,1150,37,53.8,2100,387,200,690,76.92,793.5,1278.67,74.35,11.1,4.43,0.98,1.63,289.86,0.620568446
4500,229,210,14.5,23.7,4.43,11.1,1150,37,53.8,2100,387,200,690,76.92,793.5,1109.05,83.64,11.1,4.43,0.98,1.63,289.86,0.7154780869
5000,229,210,14.5,23.7,4.43,11.1,1150,37,53.8,2100,387,200,690,76.92,793.5,980.03,92.94,11.1,4.43,0.98,1.63,289.86,0.8096711289
30000,229,210,14.5,23.7,4.43,11.1,1150,37,53.8,2100,387,200,690,76.92,793.5,150.18,557.62,11.1,4.43,0.98,1.63,289.86,5.283745067
4000,222,209,13.0,20.6,5.07,12.4,980,31,53.3,1390,317,200,690,76.92,676.2,983.72,75.05,12.4,5.07,0.96,1.59,289.86,0.6873887722
4500,222,209,13.0,20.6,5.07,12.4,980,31,53.3,1390,317,200,690,76.92,676.2,849.49,84.43,12.4,5.07,0.96,1.59,289.86,0.7960063187
5000,222,209,13.0,20.6,5.07,12.4,980,31,53.3,1390,317,200,690,76.92,676.2,748.08,93.81,12.4,5.07,0.96,1.59,289.86,0.9039137466
5500,222,209,13.0,20.6,5.07,12.4,980,31,53.3,1390,317,200,690,76.92,676.2,668.79,103.19,12.4,5.07,0.96,1.59,289.86,1.011087177
6000,222,209,13.0,20.6,5.07,12.4,980,31,53.3,1390,317,200,690,76.92,676.2,605.06,112.57,12.4,5.07,0.96,1.59,289.86,1.117566608
30000,222,209,13.0,20.6,5.07,12.4,980,31,53.3,1390,317,200,690,76.92,676.2,112.60,562.85,12.4,5.07,0.96,1.59,289.86,6.005427499
2700,216,206,10.2,17.4,5.92,15.9,803,25,52.8,816,250,200,690,76.92,554.07,1238.44,51.14,15.9,5.92,0.96,1.71,289.86,0.4473922228
3200,216,206,10.2,17.4,5.92,15.9,803,25,52.8,816,250,200,690,76.92,554.07,963.68,60.61,15.9,5.92,0.96,1.71,289.86,0.5749528329
3700,216,206,10.2,17.4,5.92,15.9,803,25,52.8,816,250,200,690,76.92,554.07,786.52,70.08,15.9,5.92,0.96,1.71,289.86,0.7044576999
4200,216,206,10.2,17.4,5.92,15.9,803,25,52.8,816,250,200,690,76.92,554.07,663.98,79.55,15.9,5.92,0.96,1.71,289.86,0.8344618642
4700,216,206,10.2,17.4,5.92,15.9,803,25,52.8,816,250,200,690,76.92,554.07,574.63,89.02,15.9,5.92,0.96,1.71,289.86,0.9642233655
35000,216,206,10.2,17.4,5.92,15.9,803,25,52.8,816,250,200,690,76.92,554.07,66.48,662.88,15.9,5.92,0.96,1.71,289.86,8.334367979
3000,210,205,9.1,14.2,7.21,17.6,652,20,51.8,466,195,200,690,76.92,449.88,776.93,57.92,17.6,7.21,0.96,1.56,289.86,0.5790471945
3500,210,205,9.1,14.2,7.21,17.6,652,20,51.8,466,195,200,690,76.92,449.88,616.01,67.57,17.6,7.21,0.96,1.56,289.86,0.7303121657
4000,210,205,9.1,14.2,7.21,17.6,652,20,51.8,466,195,200,690,76.92,449.88,508.65,77.22,17.6,7.21,0.96,1.56,289.86,0.8844607763
4500,210,205,9.1,14.2,7.21,17.6,652,20,51.8,466,195,200,690,76.92,449.88,432.66,86.87,17.6,7.21,0.96,1.56,289.86,1.039803608
5000,210,205,9.1,14.2,7.21,17.6,652,20,51.8,466,195,200,690,76.92,449.88,376.36,96.53,17.6,7.21,0.96,1.56,289.86,1.195357917
30000,210,205,9.1,14.2,7.21,17.6,652,20,51.8,466,195,200,690,76.92,449.88,52.77,579.15,17.6,7.21,0.96,1.56,289.86,8.524500037
2400,206,204,7.9,12.6,8.10,20.5,569,18,51.6,320,166,200,690,76.92,392.61,921.08,46.51,20.5,8.10,0.95,1.60,289.86,0.4262477599
2900,206,204,7.9,12.6,8.10,20.5,569,18,51.6,320,166,200,690,76.92,392.61,673.25,56.20,20.5,8.10,0.95,1.60,289.86,0.5831541994
3400,206,204,7.9,12.6,8.10,20.5,569,18,51.6,320,166,200,690,76.92,392.61,524.11,65.89,20.5,8.10,0.95,1.60,289.86,0.7490993235
3900,206,204,7.9,12.6,8.10,20.5,569,18,51.6,320,166,200,690,76.92,392.61,426.57,75.58,20.5,8.10,0.95,1.60,289.86,0.9203982972
4400,206,204,7.9,12.6,8.10,20.5,569,18,51.6,320,166,200,690,76.92,392.61,358.68,85.27,20.5,8.10,0.95,1.60,289.86,1.094595792
30000,206,204,7.9,12.6,8.10,20.5,569,18,51.6,320,166,200,690,76.92,392.61,40.79,581.40,20.5,8.10,0.95,1.60,289.86,9.62425741
2400,203,203,7.2,11.0,9.19,22.3,498,15,51.3,223,142,200,690,76.92,343.62,772.07,46.78,22.3,9.19,0.95,1.53,289.86,0.4450656324
2900,203,203,7.2,11.0,9.19,22.3,498,15,51.3,223,142,200,690,76.92,343.62,559.59,56.53,22.3,9.19,0.95,1.53,289.86,0.6140537201
3400,203,203,7.2,11.0,9.19,22.3,498,15,51.3,223,142,200,690,76.92,343.62,432.24,66.28,22.3,9.19,0.95,1.53,289.86,0.7949758748
3900,203,203,7.2,11.0,9.19,22.3,498,15,51.3,223,142,200,690,76.92,343.62,349.34,76.02,22.3,9.19,0.95,1.53,289.86,0.9836214052
4400,203,203,7.2,11.0,9.19,22.3,498,15,51.3,223,142,200,690,76.92,343.62,291.95,85.77,22.3,9.19,0.95,1.53,289.86,1.176982163
25000,203,203,7.2,11.0,9.19,22.3,498,15,51.3,223,142,200,690,76.92,343.62,38.33,487.33,22.3,9.19,0.95,1.53,289.86,8.964703002
2000,205,166,7.2,11.8,7.03,22.3,446,9,41.1,224,84,200,690,76.92,307.74,669.33,48.66,22.3,7.03,1.16,1.63,289.86,0.4597705343
2500,205,166,7.2,11.8,7.03,22.3,446,9,41.1,224,84,200,690,76.92,307.74,462.45,60.83,22.3,7.03,1.16,1.63,289.86,0.6654508381
3000,205,166,7.2,11.8,7.03,22.3,446,9,41.1,224,84,200,690,76.92,307.74,347.89,72.99,22.3,7.03,1.16,1.63,289.86,0.8845789997
3500,205,166,7.2,11.8,7.03,22.3,446,9,41.1,224,84,200,690,76.92,307.74,277.03,85.16,22.3,7.03,1.16,1.63,289.86,1.11086415
4000,205,166,7.2,11.8,7.03,22.3,446,9,41.1,224,84,200,690,76.92,307.74,229.58,97.32,22.3,7.03,1.16,1.63,289.86,1.340449879
20000,205,166,7.2,11.8,7.03,22.3,446,9,41.1,224,84,200,690,76.92,307.74,36.73,486.62,22.3,7.03,1.16,1.63,289.86,8.377811376
1800,201,165,6.2,10.2,8.12,25.9,379,8,40.9,144,70,200,690,76.92,261.51,652.74,44.01,25.9,8.12,1.16,1.63,289.86,0.4006369327
2300,201,165,6.2,10.2,8.12,25.9,379,8,40.9,144,70,200,690,76.92,261.51,425.17,56.23,25.9,8.12,1.16,1.63,289.86,0.6150645607
2800,201,165,6.2,10.2,8.12,25.9,379,8,40.9,144,70,200,690,76.92,261.51,306.86,68.46,25.9,8.12,1.16,1.63,289.86,0.8522052022
3300,201,165,6.2,10.2,8.12,25.9,379,8,40.9,144,70,200,690,76.92,261.51,236.98,80.68,25.9,8.12,1.16,1.63,289.86,1.103520809
3800,201,165,6.2,10.2,8.12,25.9,379,8,40.9,144,70,200,690,76.92,261.51,191.85,92.91,25.9,8.12,1.16,1.63,289.86,1.36306591
18000,201,165,6.2,10.2,8.12,25.9,379,8,40.9,144,70,200,690,76.92,261.51,30.27,440.10,25.9,8.12,1.16,1.63,289.86,8.639313491
1500,210,134,6.4,10.2,6.59,27.5,334,4,32.0,117,41,200,690,76.92,230.46,523.91,46.88,27.5,6.59,1.49,1.60,289.86,0.4398887282
2000,210,134,6.4,10.2,6.59,27.5,334,4,32.0,117,41,200,690,76.92,230.46,316.89,62.50,27.5,6.59,1.49,1.60,289.86,0.727261269
2500,210,134,6.4,10.2,6.59,27.5,334,4,32.0,117,41,200,690,76.92,230.46,219.72,78.13,27.5,6.59,1.49,1.60,289.86,1.048865524
3000,210,134,6.4,10.2,6.59,27.5,334,4,32.0,117,41,200,690,76.92,230.46,165.82,93.75,27.5,6.59,1.49,1.60,289.86,1.389851979
3500,210,134,6.4,10.2,6.59,27.5,334,4,32.0,117,41,200,690,76.92,230.46,132.40,109.38,27.5,6.59,1.49,1.60,289.86,1.740698727
13000,210,134,6.4,10.2,6.59,27.5,334,4,32.0,117,41,200,690,76.92,230.46,27.80,406.25,27.5,6.59,1.49,1.60,289.86,8.288567447
1500,207,133,5.8,8.4,7.95,29.9,279,3,31.2,72,33,200,690,76.92,192.51,413.96,48.08,29.9,7.95,1.49,1.43,289.86,0.465047817
2000,207,133,5.8,8.4,7.95,29.9,279,3,31.2,72,33,200,690,76.92,192.51,246.97,64.10,29.9,7.95,1.49,1.43,289.86,0.7794855284
2500,207,133,5.8,8.4,7.95,29.9,279,3,31.2,72,33,200,690,76.92,192.51,168.97,80.13,29.9,7.95,1.49,1.43,289.86,1.139308518
3000,207,133,5.8,8.4,7.95,29.9,279,3,31.2,72,33,200,690,76.92,192.51,125.98,96.15,29.9,7.95,1.49,1.43,289.86,1.528057181
3500,207,133,5.8,8.4,7.95,29.9,279,3,31.2,72,33,200,690,76.92,192.51,99.54,112.18,29.9,7.95,1.49,1.43,289.86,1.933945403
10000,207,133,5.8,8.4,7.95,29.9,279,3,31.2,72,33,200,690,76.92,192.51,26.31,320.51,29.9,7.95,1.49,1.43,289.86,7.31691574
1000,206,102,6.2,8.0,6.37,28.1,223,1,22.3,57,14,200,690,76.92,153.87,391.24,44.84,28.1,6.37,1.94,1.29,289.86,0.3932848342
1500,206,102,6.2,8.0,6.37,28.1,223,1,22.3,57,14,200,690,76.92,153.87,188.27,67.26,28.1,6.37,1.94,1.29,289.86,0.8173031282
2000,206,102,6.2,8.0,6.37,28.1,223,1,22.3,57,14,200,690,76.92,153.87,116.28,89.69,28.1,6.37,1.94,1.29,289.86,1.323249511
2500,206,102,6.2,8.0,6.37,28.1,223,1,22.3,57,14,200,690,76.92,153.87,82.18,112.11,28.1,6.37,1.94,1.29,289.86,1.87239751
3000,206,102,6.2,8.0,6.37,28.1,223,1,22.3,57,14,200,690,76.92,153.87,63.03,134.53,28.1,6.37,1.94,1.29,289.86,2.441207829
10000,206,102,6.2,8.0,6.37,28.1,223,1,22.3,57,14,200,690,76.92,153.87,14.97,448.43,28.1,6.37,1.94,1.29,289.86,10.27842646
1000,203,102,5.8,6.5,7.84,29.9,187,1,21.4,36,11,200,690,76.92,129.03,307.63,46.73,29.9,7.84,1.93,1.11,289.86,0.4194391464
1500,203,102,5.8,6.5,7.84,29.9,187,1,21.4,36,11,200,690,76.92,129.03,146.14,70.09,29.9,7.84,1.93,1.11,289.86,0.8829501986
2000,203,102,5.8,6.5,7.84,29.9,187,1,21.4,36,11,200,690,76.92,129.03,89.09,93.46,29.9,7.84,1.93,1.11,289.86,1.448367989
2500,203,102,5.8,6.5,7.84,29.9,187,1,21.4,36,11,200,690,76.92,129.03,62.22,116.82,29.9,7.84,1.93,1.11,289.86,2.073629613
3000,203,102,5.8,6.5,7.84,29.9,187,1,21.4,36,11,200,690,76.92,129.03,47.26,140.19,29.9,7.84,1.93,1.11,289.86,2.730339242
7000,203,102,5.8,6.5,7.84,29.9,187,1,21.4,36,11,200,690,76.92,129.03,15.97,327.10,29.9,7.84,1.93,1.11,289.86,8.080398877
1000,200,100,4.3,5.2,9.61,40.5,145,1,21.4,18,8,200,690,76.92,100.05,228.68,46.73,40.5,9.61,1.95,1.20,289.86,0.4375023044
1500,200,100,4.3,5.2,9.61,40.5,145,1,21.4,18,8,200,690,76.92,100.05,106.40,70.09,40.5,9.61,1.95,1.20,289.86,0.9403198114
2000,200,100,4.3,5.2,9.61,40.5,145,1,21.4,18,8,200,690,76.92,100.05,63.41,93.46,40.5,9.61,1.95,1.20,289.86,1.577813468
2500,200,100,4.3,5.2,9.61,40.5,145,1,21.4,18,8,200,690,76.92,100.05,43.34,116.82,40.5,9.61,1.95,1.20,289.86,2.308658148
3000,200,100,4.3,5.2,9.61,40.5,145,1,21.4,18,8,200,690,76.92,100.05,32.28,140.19,40.5,9.61,1.95,1.20,289.86,3.099527547
5700,200,100,4.3,5.2,9.61,40.5,145,1,21.4,18,8,200,690,76.92,100.05,13.01,266.36,40.5,9.61,1.95,1.20,289.86,7.690631704
2000,162,154,8.1,11.5,6.68,15.5,310,7,38.6,192,40,200,690,76.92,213.9,457.13,51.81,15.5,6.68,0.98,1.42,289.86,0.4679190979
2500,162,154,8.1,11.5,6.68,15.5,310,7,38.6,192,40,200,690,76.92,213.9,325.75,64.77,15.5,6.68,0.98,1.42,289.86,0.6566439003
3000,162,154,8.1,11.5,6.68,15.5,310,7,38.6,192,40,200,690,76.92,213.9,251.53,77.72,15.5,6.68,0.98,1.42,289.86,0.8504030163
3500,162,154,8.1,11.5,6.68,15.5,310,7,38.6,192,40,200,690,76.92,213.9,204.61,90.67,15.5,6.68,0.98,1.42,289.86,1.045415147
4000,162,154,8.1,11.5,6.68,15.5,310,7,38.6,192,40,200,690,76.92,213.9,172.51,103.63,15.5,6.68,0.98,1.42,289.86,1.239961736
20000,162,154,8.1,11.5,6.68,15.5,310,7,38.6,192,40,200,690,76.92,213.9,30.04,518.13,15.5,6.68,0.98,1.42,289.86,7.120003422
1900,157,153,6.6,9.3,8.25,19.1,246,6,38.1,100,30,200,690,76.92,169.74,355.07,49.87,19.1,8.25,0.97,1.40,289.86,0.478043515
2400,157,153,6.6,9.3,8.25,19.1,246,6,38.1,100,30,200,690,76.92,169.74,242.63,62.99,19.1,8.25,0.97,1.40,289.86,0.6995916316
2900,157,153,6.6,9.3,8.25,19.1,246,6,38.1,100,30,200,690,76.92,169.74,181.71,76.12,19.1,8.25,0.97,1.40,289.86,0.93414038
3400,157,153,6.6,9.3,8.25,19.1,246,6,38.1,100,30,200,690,76.92,169.74,144.48,89.24,19.1,8.25,0.97,1.40,289.86,1.174832443
3900,157,153,6.6,9.3,8.25,19.1,246,6,38.1,100,30,200,690,76.92,169.74,119.72,102.36,19.1,8.25,0.97,1.40,289.86,1.417788908
20000,157,153,6.6,9.3,8.25,19.1,246,6,38.1,100,30,200,690,76.92,169.74,19.17,524.93,19.1,8.25,0.97,1.40,289.86,8.853733569
1750,152,152,5.8,6.6,11.50,21.6,177,4,36.8,42,21,200,690,76.92,122.13,265.66,47.55,21.6,11.50,0.96,1.13,289.86,0.4597306087
2250,152,152,5.8,6.6,11.50,21.6,177,4,36.8,42,21,200,690,76.92,122.13,170.70,61.14,21.6,11.50,0.96,1.13,289.86,0.71544891
2750,152,152,5.8,6.6,11.50,21.6,177,4,36.8,42,21,200,690,76.92,122.13,122.12,74.73,21.6,11.50,0.96,1.13,289.86,1.00004185
3250,152,152,5.8,6.6,11.50,21.6,177,4,36.8,42,21,200,690,76.92,122.13,93.74,88.32,21.6,11.50,0.96,1.13,289.86,1.302848986
3750,152,152,5.8,6.6,11.50,21.6,177,4,36.8,42,21,200,690,76.92,122.13,75.56,101.90,21.6,11.50,0.96,1.13,289.86,1.616365848
15000,152,152,5.8,6.6,11.50,21.6,177,4,36.8,42,21,200,690,76.92,122.13,14.11,407.61,21.6,11.50,0.96,1.13,289.86,8.652550577
1000,160,102,6.6,10.2,4.98,19.1,192,2,24.6,93,10,200,690,76.92,132.48,413.79,40.65,19.1,4.98,1.47,1.55,289.86,0.3201661085
1500,160,102,6.6,10.2,4.98,19.1,192,2,24.6,93,10,200,690,76.92,132.48,211.68,60.98,19.1,4.98,1.47,1.55,289.86,0.6258607331
2000,160,102,6.6,10.2,4.98,19.1,192,2,24.6,93,10,200,690,76.92,132.48,138.00,81.30,19.1,4.98,1.47,1.55,289.86,0.9600082347
2500,160,102,6.6,10.2,4.98,19.1,192,2,24.6,93,10,200,690,76.92,132.48,101.80,101.63,19.1,4.98,1.47,1.55,289.86,1.301383057
3000,160,102,6.6,10.2,4.98,19.1,192,2,24.6,93,10,200,690,76.92,132.48,80.67,121.95,19.1,4.98,1.47,1.55,289.86,1.642173236
10000,160,102,6.6,10.2,4.98,19.1,192,2,24.6,93,10,200,690,76.92,132.48,21.39,406.50,19.1,4.98,1.47,1.55,289.86,6.193036665
1200,153,102,5.8,7.1,7.14,21.6,136,1,23.3,38,7,200,690,76.92,93.84,186.94,51.50,21.6,7.14,1.43,1.22,289.86,0.5019745958
1700,153,102,5.8,7.1,7.14,21.6,136,1,23.3,38,7,200,690,76.92,93.84,103.85,72.96,21.6,7.14,1.43,1.22,289.86,0.9035775193
2200,153,102,5.8,7.1,7.14,21.6,136,1,23.3,38,7,200,690,76.92,93.84,69.69,94.42,21.6,7.14,1.43,1.22,289.86,1.346522124
2700,153,102,5.8,7.1,7.14,21.6,136,1,23.3,38,7,200,690,76.92,93.84,51.97,115.88,21.6,7.14,1.43,1.22,289.86,1.805642622
3200,153,102,5.8,7.1,7.14,21.6,136,1,23.3,38,7,200,690,76.92,93.84,41.36,137.34,21.6,7.14,1.43,1.22,289.86,2.268839023
10000,153,102,5.8,7.1,7.14,21.6,136,1,23.3,38,7,200,690,76.92,93.84,11.27,429.18,21.6,7.14,1.43,1.22,289.86,8.327373136
1100,150,100,4.3,5.5,9.16,29.2,102,1,23.0,17,5,200,690,76.92,70.38,152.33,47.83,29.2,9.16,1.45,1.26,289.86,0.4620182745
1600,150,100,4.3,5.5,9.16,29.2,102,1,23.0,17,5,200,690,76.92,70.38,77.56,69.57,29.2,9.16,1.45,1.26,289.86,0.907467739
2100,150,100,4.3,5.5,9.16,29.2,102,1,23.0,17,5,200,690,76.92,70.38,49.10,91.30,29.2,9.16,1.45,1.26,289.86,1.433450359
2600,150,100,4.3,5.5,9.16,29.2,102,1,23.0,17,5,200,690,76.92,70.38,35.12,113.04,29.2,9.16,1.45,1.26,289.86,2.00402569
3100,150,100,4.3,5.5,9.16,29.2,102,1,23.0,17,5,200,690,76.92,70.38,27.11,134.78,29.2,9.16,1.45,1.26,289.86,2.596400002
8000,150,100,4.3,5.5,9.16,29.2,102,1,23.0,17,5,200,690,76.92,70.38,8.37,347.83,29.2,9.16,1.45,1.26,289.86,8.404167852
1000,148,100,4.3,5.0,10.10,29.1,94,1,22.6,14,4,200,690,76.92,64.791,162.71,44.25,29.1,10.10,1.43,1.15,289.86,0.3982046887
1500,148,100,4.3,5.0,10.10,29.1,94,1,22.6,14,4,200,690,76.92,64.791,77.27,66.37,29.1,10.10,1.43,1.15,289.86,0.8385549325
2000,148,100,4.3,5.0,10.10,29.1,94,1,22.6,14,4,200,690,76.92,64.791,47.08,88.50,29.1,10.10,1.43,1.15,289.86,1.376065462
2500,148,100,4.3,5.0,10.10,29.1,94,1,22.6,14,4,200,690,76.92,64.791,32.88,110.62,29.1,10.10,1.43,1.15,289.86,1.970802004
3000,148,100,4.3,5.0,10.10,29.1,94,1,22.6,14,4,200,690,76.92,64.791,24.96,132.74,29.1,10.10,1.43,1.15,289.86,2.595724502
8000,148,100,4.3,5.0,10.10,29.1,94,1,22.6,14,4,200,690,76.92,64.791,7.25,353.98,29.1,10.10,1.43,1.15,289.86,8.93431043
1800,131,128,6.9,10.9,5.85,13.7,190,4,32.5,132,14,200,690,76.92,131.1,271.11,55.38,13.7,5.85,0.94,1.59,289.86,0.483565856
2300,131,128,6.9,10.9,5.85,13.7,190,4,32.5,132,14,200,690,76.92,131.1,192.74,70.77,13.7,5.85,0.94,1.59,289.86,0.6802054889
2800,131,128,6.9,10.9,5.85,13.7,190,4,32.5,132,14,200,690,76.92,131.1,149.45,86.15,13.7,5.85,0.94,1.59,289.86,0.8772257832
3300,131,128,6.9,10.9,5.85,13.7,190,4,32.5,132,14,200,690,76.92,131.1,122.22,101.54,13.7,5.85,0.94,1.59,289.86,1.072663769
3800,131,128,6.9,10.9,5.85,13.7,190,4,32.5,132,14,200,690,76.92,131.1,103.54,116.92,13.7,5.85,0.94,1.59,289.86,1.266151076
25000,131,128,6.9,10.9,5.85,13.7,190,4,32.5,132,14,200,690,76.92,131.1,14.49,769.23,13.7,5.85,0.94,1.59,289.86,9.046385028
1500,127,127,6.1,9.1,6.94,15.4,158,3,32.0,80,11,200,690,76.92,109.02,272.08,46.88,15.4,6.94,0.93,1.50,289.86,0.4006981076
2000,127,127,6.1,9.1,6.94,15.4,158,3,32.0,80,11,200,690,76.92,109.02,174.78,62.50,15.4,6.94,0.93,1.50,289.86,0.6237408951
2500,127,127,6.1,9.1,6.94,15.4,158,3,32.0,80,11,200,690,76.92,109.02,127.54,78.13,15.4,6.94,0.93,1.50,289.86,0.8547856898
3000,127,127,6.1,9.1,6.94,15.4,158,3,32.0,80,11,200,690,76.92,109.02,100.28,93.75,15.4,6.94,0.93,1.50,289.86,1.087102423
3500,127,127,6.1,9.1,6.94,15.4,158,3,32.0,80,11,200,690,76.92,109.02,82.70,109.38,15.4,6.94,0.93,1.50,289.86,1.318199912
20000,127,127,6.1,9.1,6.94,15.4,158,3,32.0,80,11,200,690,76.92,109.02,12.82,625.00,15.4,6.94,0.93,1.50,289.86,8.504190086
1200,106,103,7.1,8.8,5.88,10.6,103,2,25.4,63,4,200,690,76.92,71.07,194.54,47.24,10.6,5.88,0.94,1.23,289.86,0.3653237618
1700,106,103,7.1,8.8,5.88,10.6,103,2,25.4,63,4,200,690,76.92,71.07,118.23,66.93,10.6,5.88,0.94,1.23,289.86,0.6011392605
2200,106,103,7.1,8.8,5.88,10.6,103,2,25.4,63,4,200,690,76.92,71.07,84.74,86.61,10.6,5.88,0.94,1.23,289.86,0.8387324575
2700,106,103,7.1,8.8,5.88,10.6,103,2,25.4,63,4,200,690,76.92,71.07,66.19,106.30,10.6,5.88,0.94,1.23,289.86,1.073688894
3200,106,103,7.1,8.8,5.88,10.6,103,2,25.4,63,4,200,690,76.92,71.07,54.43,125.98,10.6,5.88,0.94,1.23,289.86,1.305633664
20000,106,103,7.1,8.8,5.88,10.6,103,2,25.4,63,4,200,690,76.92,71.07,8.14,787.40,10.6,5.88,0.94,1.23,289.86,8.733360806