Lb,d,bf,tw,tf,bf/2tf,h/tw,Zx*10^3,Iy*10^6,ry,J*10^3,Cw*10^9,E*10^3,Fy,G*10^3,Mp,Mcr,Lb/ry,h/tw.1,B/2t,h/B,tf/tw,E/Fy,Mp/Mcr,Mn/Mp_pred,Mn_pred
3500,1140,409,31.0,55.1,3.71,35.0,32800,633,90.4,55800,186000,200,960,76.92,31488.0,77444.19,38.72,35.0,3.71,2.65,1.78,208.33,0.4065895452,0.9889326909790305,31139.512573547712
8000,1140,409,31.0,55.1,3.71,35.0,32800,633,90.4,55800,186000,200,960,76.92,31488.0,18330.69,88.5,35.0,3.71,2.65,1.78,208.33,1.717775088,0.45637908767750507,14370.46471278928
12000,1140,409,31.0,55.1,3.71,35.0,32800,633,90.4,55800,186000,200,960,76.92,31488.0,10093.65,132.74,35.0,3.71,2.65,1.78,208.33,3.119584725,0.2649915333906984,8344.053403406311
16000,1140,409,31.0,55.1,3.71,35.0,32800,633,90.4,55800,186000,200,960,76.92,31488.0,6925.69,176.99,35.0,3.71,2.65,1.78,208.33,4.546547371,0.17395033355756212,5477.348103060516
18000,1140,409,31.0,55.1,3.71,35.0,32800,633,90.4,55800,186000,200,960,76.92,31488.0,5992.2,199.12,35.0,3.71,2.65,1.78,208.33,5.254834828,0.17009825263008618,5356.053778816154
20000,1140,409,31.0,55.1,3.71,35.0,32800,633,90.4,55800,186000,200,960,76.92,31488.0,5284.89,221.24,35.0,3.71,2.65,1.78,208.33,5.958122875,0.17085331763177644,5379.8292655893765
3500,1130,406,27.9,50.0,4.06,38.7,29500,562,89.9,41600,163000,200,960,76.92,28320.0,67669.53,38.93,38.7,4.06,2.66,1.79,208.33,0.4185044779,0.9848552991486411,27891.102071889516
8000,1130,406,27.9,50.0,4.06,38.7,29500,562,89.9,41600,163000,200,960,76.92,28320.0,15643.91,88.99,38.7,4.06,2.66,1.79,208.33,1.810288631,0.45186576197860084,12796.838379233976
12000,1130,406,27.9,50.0,4.06,38.7,29500,562,89.9,41600,163000,200,960,76.92,28320.0,8476.16,133.48,38.7,4.06,2.66,1.79,208.33,3.341136239,0.2440570202194753,6911.694812615541
16000,1130,406,27.9,50.0,4.06,38.7,29500,562,89.9,41600,163000,200,960,76.92,28320.0,5757.03,177.98,38.7,4.06,2.66,1.79,208.33,4.91919969,0.1468315243911311,4158.268770756832
18000,1130,406,27.9,50.0,4.06,38.7,29500,562,89.9,41600,163000,200,960,76.92,28320.0,4963.62,200.22,38.7,4.06,2.66,1.79,208.33,5.70551707,0.1448508150677374,4102.175082718323
20000,1130,406,27.9,50.0,4.06,38.7,29500,562,89.9,41600,163000,200,960,76.92,28320.0,4365.59,222.47,38.7,4.06,2.66,1.79,208.33,6.487097898,0.1456058800694276,4123.558523566189
3600,1120,404,26.2,44.9,4.5,41.0,26500,499,88.6,31100,144000,200,960,76.92,25440.0,56326.16,40.63,41.0,4.5,2.66,1.71,208.33,0.4516551206,0.981573833692505,24971.238329137326
8000,1120,404,26.2,44.9,4.5,41.0,26500,499,88.6,31100,144000,200,960,76.92,25440.0,13434.57,90.29,41.0,4.5,2.66,1.71,208.33,1.893621864,0.4300009985213353,10939.22540238277
12000,1120,404,26.2,44.9,4.5,41.0,26500,499,88.6,31100,144000,200,960,76.92,25440.0,7159.12,135.44,41.0,4.5,2.66,1.71,208.33,3.553507249,0.23148080081925468,5888.871572841839
16000,1120,404,26.2,44.9,4.5,41.0,26500,499,88.6,31100,144000,200,960,76.92,25440.0,4809.12,180.59,41.0,4.5,2.66,1.71,208.33,5.289951302,0.13458172611774769,3423.7591124355013
18000,1120,404,26.2,44.9,4.5,41.0,26500,499,88.6,31100,144000,200,960,76.92,25440.0,4130.12,203.16,41.0,4.5,2.66,1.71,208.33,6.159623729,0.13663004525254008,3475.86835122462
20000,1120,404,26.2,44.9,4.5,41.0,26500,499,88.6,31100,144000,200,960,76.92,25440.0,3621.12,225.73,41.0,4.5,2.66,1.71,208.33,7.025450554,0.13688534399973423,3482.3631513532387
3500,1110,401,22.0,39.9,5.02,48.6,23100,433,88.6,21200,124000,200,960,76.92,22176.0,50869.6,39.5,48.6,5.02,2.67,1.82,208.33,0.435938171,1.0179327814568475,22573.67736158705
8000,1110,401,22.0,39.9,5.02,48.6,23100,433,88.6,21200,124000,200,960,76.92,22176.0,11181.47,90.29,48.6,5.02,2.67,1.82,208.33,1.983281632,0.4283612185006447,9499.338381470296
12000,1110,401,22.0,39.9,5.02,48.6,23100,433,88.6,21200,124000,200,960,76.92,22176.0,5824.48,135.44,48.6,5.02,2.67,1.82,208.33,3.80737669,0.2256487394535673,5003.986446122309
16000,1110,401,22.0,39.9,5.02,48.6,23100,433,88.6,21200,124000,200,960,76.92,22176.0,3849.91,180.59,48.6,5.02,2.67,1.82,208.33,5.760138791,0.13225004602461696,2932.7770206419054
18000,1110,401,22.0,39.9,5.02,48.6,23100,433,88.6,21200,124000,200,960,76.92,22176.0,3286.73,203.16,48.6,5.02,2.67,1.82,208.33,6.74712858,0.13486788394364796,2990.830194334337
20000,1110,401,22.0,39.9,5.02,48.6,23100,433,88.6,21200,124000,200,960,76.92,22176.0,2867.71,225.73,48.6,5.02,2.67,1.82,208.33,7.732994319,0.1351231826908421,2996.491699352114
3700,1100,401,19.9,36.0,5.57,53.5,20800,384,88.1,15500,109000,200,960,76.92,19968.0,40082.71,42.0,53.5,5.57,2.65,1.81,208.33,0.4981698931,1.0176581611115985,20320.5981610764
8000,1100,401,19.9,36.0,5.57,53.5,20800,384,88.1,15500,109000,200,960,76.92,19968.0,9620.92,90.81,53.5,5.57,2.65,1.81,208.33,2.075476126,0.43225891481471446,8631.346011020218
12000,1100,401,19.9,36.0,5.57,53.5,20800,384,88.1,15500,109000,200,960,76.92,19968.0,4926.2,136.21,53.5,5.57,2.65,1.81,208.33,4.053429075,0.21487874360676745,4290.698752339932
16000,1100,401,19.9,36.0,5.57,53.5,20800,384,88.1,15500,109000,200,960,76.92,19968.0,3213.86,181.61,53.5,5.57,2.65,1.81,208.33,6.21308968,0.13245651873873016,2644.891766174964
18000,1100,401,19.9,36.0,5.57,53.5,20800,384,88.1,15500,109000,200,960,76.92,19968.0,2730.0,204.31,53.5,5.57,2.65,1.81,208.33,7.314273845,0.1355401014160619,2706.464745075924
20000,1100,401,19.9,36.0,5.57,53.5,20800,384,88.1,15500,109000,200,960,76.92,19968.0,2372.04,227.01,53.5,5.57,2.65,1.81,208.33,8.41808212,0.13579540016325603,2711.5625504598966
3500,1090,401,18.0,31.1,6.45,58.8,18000,331,87.1,10400,92900,200,960,76.92,17280.0,37992.17,40.18,58.8,6.45,2.64,1.73,208.33,0.4548306203,1.0116242113302563,17480.86637178683
8000,1090,401,18.0,31.1,6.45,58.8,18000,331,87.1,10400,92900,200,960,76.92,17280.0,8013.37,91.85,58.8,6.45,2.64,1.73,208.33,2.156397375,0.40627613789968736,7020.451662906597
12000,1090,401,18.0,31.1,6.45,58.8,18000,331,87.1,10400,92900,200,960,76.92,17280.0,4018.07,137.77,58.8,6.45,2.64,1.73,208.33,4.300570497,0.217151913890794,3752.38507203292
16000,1090,401,18.0,31.1,6.45,58.8,18000,331,87.1,10400,92900,200,960,76.92,17280.0,2577.07,183.7,58.8,6.45,2.64,1.73,208.33,6.705281355,0.13082918900617618,2260.7283860267244
18000,1090,401,18.0,31.1,6.45,58.8,18000,331,87.1,10400,92900,200,960,76.92,17280.0,2174.21,206.66,58.8,6.45,2.64,1.73,208.33,7.947720872,0.13591488739899393,2348.6092542546153
20000,1090,401,18.0,31.1,6.45,58.8,18000,331,87.1,10400,92900,200,960,76.92,17280.0,1878.18,229.62,58.8,6.45,2.64,1.73,208.33,9.200372031,0.13617018614618806,2353.0208166061298
4000,1110,429,50.0,89.7,2.39,20.4,50500,1190,98.0,245000,309000,200,960,76.92,48480.0,119802.24,40.82,20.4,2.39,2.38,1.79,208.33,0.4046668947,0.9847996664023118,47743.08782718408
8000,1110,429,50.0,89.7,2.39,20.4,50500,1190,98.0,245000,309000,200,960,76.92,48480.0,42276.63,81.63,20.4,2.39,2.38,1.79,208.33,1.146732847,0.7290587876637618,35344.77002593917
12000,1110,429,50.0,89.7,2.39,20.4,50500,1190,98.0,245000,309000,200,960,76.92,48480.0,25419.38,122.45,20.4,2.39,2.38,1.79,208.33,1.907206051,0.4050303132367181,19635.869585716093
16000,1110,429,50.0,89.7,2.39,20.4,50500,1190,98.0,245000,309000,200,960,76.92,48480.0,18283.23,163.27,20.4,2.39,2.38,1.79,208.33,2.65161049,0.32367077765925056,15691.559300920468
18000,1110,429,50.0,89.7,2.39,20.4,50500,1190,98.0,245000,309000,200,960,76.92,48480.0,16059.21,183.67,20.4,2.39,2.38,1.79,208.33,3.01882848,0.297649918733044,14430.068060177975
20000,1110,429,50.0,89.7,2.39,20.4,50500,1190,98.0,245000,309000,200,960,76.92,48480.0,14328.05,204.08,20.4,2.39,2.38,1.79,208.33,3.383573474,0.2906179397204784,14089.157717648792
4000,1090,424,45.5,82.2,2.58,22.2,45200,1050,96.5,185000,268000,200,960,76.92,43392.0,102535.75,41.45,22.2,2.58,2.38,1.81,208.33,0.4231889816,0.9848027805832585,42732.562255068755
8000,1090,424,45.5,82.2,2.58,22.2,45200,1050,96.5,185000,268000,200,960,76.92,43392.0,35359.03,82.9,22.2,2.58,2.38,1.81,208.33,1.227183098,0.7136036941381604,30964.691496043055
12000,1090,424,45.5,82.2,2.58,22.2,45200,1050,96.5,185000,268000,200,960,76.92,43392.0,21029.62,124.35,22.2,2.58,2.38,1.81,208.33,2.063375728,0.40577048519777653,17607.19289370192
16000,1090,424,45.5,82.2,2.58,22.2,45200,1050,96.5,185000,268000,200,960,76.92,43392.0,15047.65,165.8,22.2,2.58,2.38,1.81,208.33,2.883639445,0.312924422576393,13578.416544434845
18000,1090,424,45.5,82.2,2.58,22.2,45200,1050,96.5,185000,268000,200,960,76.92,43392.0,13196.51,186.53,22.2,2.58,2.38,1.81,208.33,3.28814133,0.29267280038306115,12699.65815422179
20000,1090,424,45.5,82.2,2.58,22.2,45200,1050,96.5,185000,268000,200,960,76.92,43392.0,11760.16,207.25,22.2,2.58,2.38,1.81,208.33,3.689746455,0.288853458363238,12533.929265297624
4000,1070,417,39.1,70.0,2.98,25.6,38000,849,94.5,115000,212000,200,960,76.92,36480.0,79317.6,42.33,25.6,2.98,2.4,1.79,208.33,0.4599231354,0.9832193972246457,35867.84361075507
8000,1070,417,39.1,70.0,2.98,25.6,38000,849,94.5,115000,212000,200,960,76.92,36480.0,26293.41,84.66,25.6,2.98,2.4,1.79,208.33,1.387419838,0.6815829060392888,24864.144412313257
12000,1070,417,39.1,70.0,2.98,25.6,38000,849,94.5,115000,212000,200,960,76.92,36480.0,15320.39,126.98,25.6,2.98,2.4,1.79,208.33,2.381141128,0.38095388715519535,13897.197803421526
16000,1070,417,39.1,70.0,2.98,25.6,38000,849,94.5,115000,212000,200,960,76.92,36480.0,10850.97,169.31,25.6,2.98,2.4,1.79,208.33,3.361911399,0.3104143967355765,11323.917192913832
18000,1070,417,39.1,70.0,2.98,25.6,38000,849,94.5,115000,212000,200,960,76.92,36480.0,9486.13,190.48,25.6,2.98,2.4,1.79,208.33,3.845614811,0.2850842742358764,10399.87432412477
20000,1070,417,39.1,70.0,2.98,25.6,38000,849,94.5,115000,212000,200,960,76.92,36480.0,8433.55,211.64,25.6,2.98,2.4,1.79,208.33,4.325580027,0.27272442131052693,9948.986889408023
4000,1050,411,34.0,59.7,3.44,29.1,32100,703,92.7,73700,171000,200,960,76.92,30816.0,63116.57,43.15,29.1,3.44,2.41,1.76,208.33,0.4882394291,0.9895555420153515,30494.14358274507
8000,1050,411,34.0,59.7,3.44,29.1,32100,703,92.7,73700,171000,200,960,76.92,30816.0,20178.99,86.3,29.1,3.44,2.41,1.76,208.33,1.52713262,0.6021700327552949,18556.47172938717
12000,1050,411,34.0,59.7,3.44,29.1,32100,703,92.7,73700,171000,200,960,76.92,30816.0,11511.68,129.45,29.1,3.44,2.41,1.76,208.33,2.676934247,0.29666913095788255,9142.15593959811
16000,1050,411,34.0,59.7,3.44,29.1,32100,703,92.7,73700,171000,200,960,76.92,30816.0,8062.39,172.6,29.1,3.44,2.41,1.76,208.33,3.822192779,0.2238662786089487,6898.663241613363
18000,1050,411,34.0,59.7,3.44,29.1,32100,703,92.7,73700,171000,200,960,76.92,30816.0,7023.23,194.17,29.1,3.44,2.41,1.76,208.33,4.387725261,0.20161277980496944,6212.899422469938
20000,1050,411,34.0,59.7,3.44,29.1,32100,703,92.7,73700,171000,200,960,76.92,30816.0,6226.99,215.75,29.1,3.44,2.41,1.76,208.33,4.94877848,0.19701223773644896,6071.129118086411
4000,1040,409,31.0,55.9,3.66,31.7,29500,641,92.5,59100,155000,200,960,76.92,28320.0,56675.13,43.24,31.7,3.66,2.41,1.8,208.33,0.4996900966,0.9874401931616634,27964.306270338308
8000,1040,409,31.0,55.9,3.66,31.7,29500,641,92.5,59100,155000,200,960,76.92,28320.0,17788.6,86.49,31.7,3.66,2.41,1.8,208.33,1.592030937,0.5666811705734345,16048.410750639665
12000,1040,409,31.0,55.9,3.66,31.7,29500,641,92.5,59100,155000,200,960,76.92,28320.0,10029.43,129.73,31.7,3.66,2.41,1.8,208.33,2.823690226,0.2790998451700832,7904.107615216756
16000,1040,409,31.0,55.9,3.66,31.7,29500,641,92.5,59100,155000,200,960,76.92,28320.0,6978.33,172.97,31.7,3.66,2.41,1.8,208.33,4.058276713,0.19473490453904863,5514.892496545857
18000,1040,409,31.0,55.9,3.66,31.7,29500,641,92.5,59100,155000,200,960,76.92,28320.0,6065.95,194.59,31.7,3.66,2.41,1.8,208.33,4.66868644,0.187468515076552,5309.1083469679525
20000,1040,409,31.0,55.9,3.66,31.7,29500,641,92.5,59100,155000,200,960,76.92,28320.0,5369.41,216.22,31.7,3.66,2.41,1.8,208.33,5.274323711,0.18680539723281575,5290.328849633342
3600,1030,409,29.5,52.0,3.93,33.2,27500,591,91.4,48300,142000,200,960,76.92,26400.0,62569.14,39.39,33.2,3.93,2.39,1.76,208.33,0.4219332295,0.982882654437824,25948.102077158554
8000,1030,409,29.5,52.0,3.93,33.2,27500,591,91.4,48300,142000,200,960,76.92,26400.0,15912.94,87.53,33.2,3.93,2.39,1.76,208.33,1.659026935,0.5594489314404036,14769.451790026656
12000,1030,409,29.5,52.0,3.93,33.2,27500,591,91.4,48300,142000,200,960,76.92,26400.0,8872.19,131.29,33.2,3.93,2.39,1.76,208.33,2.975590685,0.2806340446161381,7408.738777866046
16000,1030,409,29.5,52.0,3.93,33.2,27500,591,91.4,48300,142000,200,960,76.92,26400.0,6133.34,175.05,33.2,3.93,2.39,1.76,208.33,4.3043438,0.19034749799287318,5025.173947011852
18000,1030,409,29.5,52.0,3.93,33.2,27500,591,91.4,48300,142000,200,960,76.92,26400.0,5320.04,196.94,33.2,3.93,2.39,1.76,208.33,4.962367969,0.18487169271931686,4880.612687789965
20000,1030,409,29.5,52.0,3.93,33.2,27500,591,91.4,48300,142000,200,960,76.92,26400.0,4701.34,218.82,33.2,3.93,2.39,1.76,208.33,5.615417941,0.18517565297544958,4888.637238551869
3700,1030,406,28.4,50.9,3.99,34.5,26900,574,91.4,45400,138000,200,960,76.92,25824.0,57637.95,40.48,34.5,3.99,2.41,1.79,208.33,0.4480381541,0.9826921982874867,25377.043328576056
8000,1030,406,28.4,50.9,3.99,34.5,26900,574,91.4,45400,138000,200,960,76.92,25824.0,15343.15,87.53,34.5,3.99,2.41,1.79,208.33,1.683096067,0.5590346635257013,14436.51115088771
12000,1030,406,28.4,50.9,3.99,34.5,26900,574,91.4,45400,138000,200,960,76.92,25824.0,8526.37,131.29,34.5,3.99,2.41,1.79,208.33,3.028722473,0.2819209780405393,7280.327336918886
16000,1030,406,28.4,50.9,3.99,34.5,26900,574,91.4,45400,138000,200,960,76.92,25824.0,5882.79,175.05,34.5,3.99,2.41,1.79,208.33,4.389756476,0.18958442245452195,4895.828125465575
18000,1030,406,28.4,50.9,3.99,34.5,26900,574,91.4,45400,138000,200,960,76.92,25824.0,5099.38,196.94,34.5,3.99,2.41,1.79,208.33,5.064140592,0.18506679887592103,4779.165014171785
20000,1030,406,28.4,50.9,3.99,34.5,26900,574,91.4,45400,138000,200,960,76.92,25824.0,4504.05,218.82,34.5,3.99,2.41,1.79,208.33,5.733500721,0.18537075913205375,4787.014483826156
3700,1020,404,25.4,45.9,4.4,38.4,23900,508,90.9,33000,120000,200,960,76.92,22944.0,49940.05,40.7,38.4,4.4,2.41,1.81,208.33,0.4594308479,0.9787705477791347,22456.911448244467
8000,1020,404,25.4,45.9,4.4,38.4,23900,508,90.9,33000,120000,200,960,76.92,22944.0,12952.59,88.01,38.4,4.4,2.41,1.81,208.33,1.771382652,0.4545195964076863,10428.497619977954
12000,1020,404,25.4,45.9,4.4,38.4,23900,508,90.9,33000,120000,200,960,76.92,22944.0,7070.54,132.01,38.4,4.4,2.41,1.81,208.33,3.245013253,0.24765400930983478,5682.173589604849
16000,1020,404,25.4,45.9,4.4,38.4,23900,508,90.9,33000,120000,200,960,76.92,22944.0,4825.27,176.02,38.4,4.4,2.41,1.81,208.33,4.754965346,0.1526896631749686,3503.3116318864795
18000,1020,404,25.4,45.9,4.4,38.4,23900,508,90.9,33000,120000,200,960,76.92,22944.0,4167.16,198.02,38.4,4.4,2.41,1.81,208.33,5.505906403,0.14963888318786894,3433.314535862465
20000,1020,404,25.4,45.9,4.4,38.4,23900,508,90.9,33000,120000,200,960,76.92,22944.0,3669.91,220.02,38.4,4.4,2.41,1.81,208.33,6.25192108,0.15123788215516987,3470.0019681682174
3700,1010,401,23.6,41.8,4.8,41.0,21800,454,89.9,25500,107000,200,960,76.92,20928.0,44198.6,41.16,41.0,4.8,2.41,1.77,208.33,0.473499166,0.9832267307565214,20576.96902127248
8000,1010,401,23.6,41.8,4.8,41.0,21800,454,89.9,25500,107000,200,960,76.92,20928.0,11244.45,88.99,41.0,4.8,2.41,1.77,208.33,1.86118458,0.4433159526545441,9277.7162571543
12000,1010,401,23.6,41.8,4.8,41.0,21800,454,89.9,25500,107000,200,960,76.92,20928.0,6050.93,133.48,41.0,4.8,2.41,1.77,208.33,3.458643793,0.24061421868018062,5035.57436853882
16000,1010,401,23.6,41.8,4.8,41.0,21800,454,89.9,25500,107000,200,960,76.92,20928.0,4091.48,177.98,41.0,4.8,2.41,1.77,208.33,5.115014596,0.1396521941542891,2922.641119260962
18000,1010,401,23.6,41.8,4.8,41.0,21800,454,89.9,25500,107000,200,960,76.92,20928.0,3522.07,200.22,41.0,4.8,2.41,1.77,208.33,5.9419677,0.13804716052897267,2889.05097555034
20000,1010,401,23.6,41.8,4.8,41.0,21800,454,89.9,25500,107000,200,960,76.92,20928.0,3093.83,222.47,41.0,4.8,2.41,1.77,208.33,6.764425213,0.13964615949627357,2922.5148259380135
3500,1010,401,21.1,39.9,5.03,46.0,20500,433,90.9,21400,102000,200,960,76.92,19680.0,46530.53,38.5,46.0,5.03,2.42,1.89,208.33,0.4229480769,0.9912948987986901,19508.683608358224
8000,1010,401,21.1,39.9,5.03,46.0,20500,433,90.9,21400,102000,200,960,76.92,19680.0,10479.83,88.01,46.0,5.03,2.42,1.89,208.33,1.877892771,0.436775482876567,8595.741503010839
12000,1010,401,21.1,39.9,5.03,46.0,20500,433,90.9,21400,102000,200,960,76.92,19680.0,5568.62,132.01,46.0,5.03,2.42,1.89,208.33,3.534090041,0.24060839647546176,4735.173242637087
16000,1010,401,21.1,39.9,5.03,46.0,20500,433,90.9,21400,102000,200,960,76.92,19680.0,3733.36,176.02,46.0,5.03,2.42,1.89,208.33,5.271386742,0.13658623685932533,2688.0171413915227
18000,1010,401,21.1,39.9,5.03,46.0,20500,433,90.9,21400,102000,200,960,76.92,19680.0,3203.98,198.02,46.0,5.03,2.42,1.89,208.33,6.142363524,0.13522226544703594,2661.1741839976676
20000,1010,401,21.1,39.9,5.03,46.0,20500,433,90.9,21400,102000,200,960,76.92,19680.0,2807.5,220.02,46.0,5.03,2.42,1.89,208.33,7.00978385,0.13682126441433687,2692.6424836741494
3500,1000,401,19.1,36.1,5.55,50.5,18400,385,90.2,15900,89700,200,960,76.92,17664.0,40853.76,38.8,50.5,5.55,2.4,1.89,208.33,0.432371415,1.0227868220496648,18066.506424685278
8000,1000,401,19.1,36.1,5.55,50.5,18400,385,90.2,15900,89700,200,960,76.92,17664.0,9016.66,88.69,50.5,5.55,2.4,1.89,208.33,1.959040305,0.451958807774307,7983.40038052536
12000,1000,401,19.1,36.1,5.55,50.5,18400,385,90.2,15900,89700,200,960,76.92,17664.0,4713.09,133.04,50.5,5.55,2.4,1.89,208.33,3.74785791,0.2384672270928446,4212.285099368007
16000,1000,401,19.1,36.1,5.55,50.5,18400,385,90.2,15900,89700,200,960,76.92,17664.0,3123.21,177.38,50.5,5.55,2.4,1.89,208.33,5.655727223,0.13566074936978806,2396.311476867936
18000,1000,401,19.1,36.1,5.55,50.5,18400,385,90.2,15900,89700,200,960,76.92,17664.0,2668.87,199.56,50.5,5.55,2.4,1.89,208.33,6.618521503,0.13493646849011182,2383.517779409335
20000,1000,401,19.1,36.1,5.55,50.5,18400,385,90.2,15900,89700,200,960,76.92,17664.0,2330.45,221.73,50.5,5.55,2.4,1.89,208.33,7.579649155,0.1365354674574127,2411.7624971677383
3500,991,401,16.5,31.1,6.45,58.2,15800,334,89.9,10300,76300,200,960,76.92,15168.0,34766.71,38.93,58.2,6.45,2.39,1.88,208.33,0.4362793896,1.0145778799259424,15389.117282716694
8000,991,401,16.5,31.1,6.45,58.2,15800,334,89.9,10300,76300,200,960,76.92,15168.0,7457.14,88.99,58.2,6.45,2.39,1.88,208.33,2.034023524,0.45103228327314754,6841.257672687102
12000,991,401,16.5,31.1,6.45,58.2,15800,334,89.9,10300,76300,200,960,76.92,15168.0,3800.38,133.48,58.2,6.45,2.39,1.88,208.33,3.991175468,0.23628482877558007,3583.9682828679984
16000,991,401,16.5,31.1,6.45,58.2,15800,334,89.9,10300,76300,200,960,76.92,15168.0,2470.18,177.98,58.2,6.45,2.39,1.88,208.33,6.140433258,0.13643591032476685,2069.4598878060633
18000,991,401,16.5,31.1,6.45,58.2,15800,334,89.9,10300,76300,200,960,76.92,15168.0,2095.23,200.22,58.2,6.45,2.39,1.88,208.33,7.239287346,0.13612739853497666,2064.780380978526
20000,991,401,16.5,31.1,6.45,58.2,15800,334,89.9,10300,76300,200,960,76.92,15168.0,1818.26,222.47,58.2,6.45,2.39,1.88,208.33,8.342021838,0.13772639750227755,2089.033997314546
3500,983,401,16.5,27.1,7.39,57.9,14200,289,87.6,7620,66100,200,960,76.92,13632.0,29967.42,39.95,57.9,7.39,2.38,1.64,208.33,0.4548939411,0.9938371724483878,13547.988334816422
8000,983,401,16.5,27.1,7.39,57.9,14200,289,87.6,7620,66100,200,960,76.92,13632.0,6336.49,91.32,57.9,7.39,2.38,1.64,208.33,2.151349269,0.4042914525122201,5511.3010806465845
12000,983,401,16.5,27.1,7.39,57.9,14200,289,87.6,7620,66100,200,960,76.92,13632.0,3185.11,136.99,57.9,7.39,2.38,1.64,208.33,4.279913617,0.2161781930565507,2946.941127746899
16000,983,401,16.5,27.1,7.39,57.9,14200,289,87.6,7620,66100,200,960,76.92,13632.0,2047.09,182.65,57.9,7.39,2.38,1.64,208.33,6.659200757,0.1285397780465788,1752.254254330962
18000,983,401,16.5,27.1,7.39,57.9,14200,289,87.6,7620,66100,200,960,76.92,13632.0,1728.55,205.48,57.9,7.39,2.38,1.64,208.33,7.886396056,0.13355751386669792,1820.6560290308262
20000,983,401,16.5,27.1,7.39,57.9,14200,289,87.6,7620,66100,200,960,76.92,13632.0,1494.29,228.31,57.9,7.39,2.38,1.64,208.33,9.122707116,0.13381281261389205,1824.1362615525763
2800,1060,315,36.1,64.3,2.45,27.6,28000,334,67.1,71600,82200,200,960,76.92,26880.0,61494.19,41.73,27.6,2.45,3.16,1.78,208.33,0.4371144828,0.9843575454997542,26459.530823033394
8000,1060,315,36.1,45.7,3.45,28.1,28000,334,67.1,71600,82200,200,960,76.92,26880.0,11924.18,119.23,28.1,3.45,3.22,1.26,208.33,2.254243958,0.3442251307024424,9252.77151328165
12000,1060,315,36.1,35.4,4.45,28.4,28000,334,67.1,71600,82200,200,960,76.92,26880.0,7219.92,178.84,28.4,4.45,3.25,0.98,208.33,3.723031711,0.18350986866121097,4932.7452696133505
16000,1060,315,36.1,28.9,5.45,28.6,28000,334,67.1,71600,82200,200,960,76.92,26880.0,5209.88,238.45,28.6,5.45,3.27,0.8,208.33,5.159424814,0.1678344015943482,4511.38871485608
18000,1060,315,36.1,24.4,6.45,28.7,28000,334,67.1,71600,82200,200,960,76.92,26880.0,4580.58,268.26,28.7,6.45,3.29,0.68,208.33,5.868253126,0.15836949722168522,4256.972085318899
20000,1060,315,36.1,21.1,7.45,28.8,28000,334,67.1,71600,82200,200,960,76.92,26880.0,4089.75,298.06,28.8,7.45,3.3,0.59,208.33,6.572530427,0.15767655379983303,4238.345766139511
2700,1040,310,31.0,54.2,2.86,28.0,23400,268,65.3,43700,64700,200,960,76.92,22464.0,50993.09,41.35,28.0,2.86,3.18,1.75,208.33,0.4405302742,0.9856314902498078,22141.22579697168
8000,1040,310,31.0,54.2,2.86,28.0,23400,268,65.3,43700,64700,200,960,76.92,22464.0,8717.22,122.51,28.0,2.86,3.18,1.75,208.33,2.576969669,0.3469508698544352,7793.904340410032
12000,1040,310,31.0,54.2,2.86,28.0,23400,268,65.3,43700,64700,200,960,76.92,22464.0,5175.33,183.77,28.0,2.86,3.18,1.75,208.33,4.340594402,0.22119632042367723,4968.954141997486
16000,1040,310,31.0,54.2,2.86,28.0,23400,268,65.3,43700,64700,200,960,76.92,22464.0,3700.0,245.02,28.0,2.86,3.18,1.75,208.33,6.071350462,0.19097509595251483,4290.064555477293
18000,1040,310,31.0,54.2,2.86,28.0,23400,268,65.3,43700,64700,200,960,76.92,22464.0,3243.98,275.65,28.0,2.86,3.18,1.75,208.33,6.924823175,0.19097509595251483,4290.064555477293
20000,1040,310,31.0,54.2,2.86,28.0,23400,268,65.3,43700,64700,200,960,76.92,22464.0,2890.33,306.28,28.0,2.86,3.18,1.75,208.33,7.772131134,0.19097509595251483,4290.064555477293
2800,1040,307,30.0,53.9,2.85,29.0,23100,266,65.5,42900,64200,200,960,76.92,22176.0,47297.35,42.75,29.0,2.85,3.21,1.8,208.33,0.4688634826,0.9867562883706256,21882.307450906992
5000,1040,307,30.0,53.9,2.85,29.0,23100,266,65.5,42900,64200,200,960,76.92,22176.0,17367.85,76.34,29.0,2.85,3.21,1.8,208.33,1.276841737,0.7049140290300177,15632.173507769672
8000,1040,307,30.0,53.9,2.85,29.0,23100,266,65.5,42900,64200,200,960,76.92,22176.0,8622.02,122.14,29.0,2.85,3.21,1.8,208.33,2.572019055,0.3475505609338694,7707.281239269488
10000,1040,307,30.0,53.9,2.85,29.0,23100,266,65.5,42900,64200,200,960,76.92,22176.0,6415.14,152.67,29.0,2.85,3.21,1.8,208.33,3.456823425,0.2743331109100658,6083.611067541619
12000,1040,307,30.0,53.9,2.85,29.0,23100,266,65.5,42900,64200,200,960,76.92,22176.0,5114.31,183.21,29.0,2.85,3.21,1.8,208.33,4.336067562,0.22203404805984772,4923.827049775183
15000,1040,307,30.0,53.9,2.85,29.0,23100,266,65.5,42900,64200,200,960,76.92,22176.0,3933.34,229.01,29.0,2.85,3.21,1.8,208.33,5.63795102,0.21332471321157917,4730.68884017998
2700,1030,305,26.9,49.0,3.11,32.2,20800,234,64.8,31900,55900,200,960,76.92,19968.0,43733.53,41.67,32.2,3.11,3.22,1.82,208.33,0.4565833591,0.9829685920085177,19627.916845226082
5000,1030,305,26.9,49.0,3.11,32.2,20800,234,64.8,31900,55900,200,960,76.92,19968.0,14756.25,77.16,32.2,3.11,3.22,1.82,208.33,1.353188892,0.6869587605387217,13717.192530437196
8000,1030,305,26.9,49.0,3.11,32.2,20800,234,64.8,31900,55900,200,960,76.92,19968.0,7193.44,123.46,32.2,3.11,3.22,1.82,208.33,2.77586146,0.3179191081618686,6348.208751776192
10000,1030,305,26.9,49.0,3.11,32.2,20800,234,64.8,31900,55900,200,960,76.92,19968.0,5310.11,154.32,32.2,3.11,3.22,1.82,208.33,3.760372381,0.26434675335424446,5278.4759709775535
12000,1030,305,26.9,49.0,3.11,32.2,20800,234,64.8,31900,55900,200,960,76.92,19968.0,4210.17,185.19,32.2,3.11,3.22,1.82,208.33,4.742802305,0.21338740585529245,4260.91972011848
15000,1030,305,26.9,49.0,3.11,32.2,20800,234,64.8,31900,55900,200,960,76.92,19968.0,3220.64,231.48,32.2,3.11,3.22,1.82,208.33,6.200015505,0.20592089906624933,4111.828512554866
2500,1020,305,26.2,46.1,3.31,33.3,19500,217,64.0,27100,51600,200,960,76.92,18720.0,46496.06,39.06,33.3,3.31,3.19,1.76,208.33,0.4026147853,0.9897810289352507,18528.700861667894
5000,1020,305,26.2,46.1,3.31,33.3,19500,217,64.0,27100,51600,200,960,76.92,18720.0,13456.91,78.13,33.3,3.31,3.19,1.76,208.33,1.391106878,0.6704414320812195,12550.66360856043
8000,1020,305,26.2,46.1,3.31,33.3,19500,217,64.0,27100,51600,200,960,76.92,18720.0,6497.86,125.0,33.3,3.31,3.19,1.76,208.33,2.880947398,0.3137828328733571,5874.014631389246
10000,1020,305,26.2,46.1,3.31,33.3,19500,217,64.0,27100,51600,200,960,76.92,18720.0,4776.06,156.25,33.3,3.31,3.19,1.76,208.33,3.919552437,0.2579381453458867,4828.602080874999
12000,1020,305,26.2,46.1,3.31,33.3,19500,217,64.0,27100,51600,200,960,76.92,18720.0,3775.19,187.5,33.3,3.31,3.19,1.76,208.33,4.958690185,0.21338907509754224,3994.643485825991
15000,1020,305,26.2,46.1,3.31,33.3,19500,217,64.0,27100,51600,200,960,76.92,18720.0,2879.13,234.38,33.3,3.31,3.19,1.76,208.33,6.501953478,0.20229595687519897,3786.980312703725
2500,1020,302,24.4,43.8,3.45,35.6,18500,205,64.0,23400,48600,200,960,76.92,17760.0,43651.29,39.06,35.6,3.45,3.23,1.79,208.33,0.406860853,0.987600551082022,17539.78578721671
5000,1020,302,24.4,43.8,3.45,35.6,18500,205,64.0,23400,48600,200,960,76.92,17760.0,12513.55,78.13,35.6,3.45,3.23,1.79,208.33,1.419261769,0.6220006903929133,11046.73226137814
8000,1020,302,24.4,43.8,3.45,35.6,18500,205,64.0,23400,48600,200,960,76.92,17760.0,5982.91,125.0,35.6,3.45,3.23,1.79,208.33,2.968456986,0.2819076167045724,5006.679272673206
10000,1020,302,24.4,43.8,3.45,35.6,18500,205,64.0,23400,48600,200,960,76.92,17760.0,4377.4,156.25,35.6,3.45,3.23,1.79,208.33,4.057205683,0.21122789424759403,3751.40740183727
12000,1020,302,24.4,43.8,3.45,35.6,18500,205,64.0,23400,48600,200,960,76.92,17760.0,3448.63,187.5,35.6,3.45,3.23,1.79,208.33,5.149864759,0.17526741542011243,3112.7492978611967
15000,1020,302,24.4,43.8,3.45,35.6,18500,205,64.0,23400,48600,200,960,76.92,17760.0,2621.33,234.38,35.6,3.45,3.23,1.79,208.33,6.775191023,0.16983050535026756,3016.1897750207518
3000,1010,302,21.1,40.1,3.77,41.2,16600,185,64.5,17200,43200,200,960,76.92,15936.0,27420.3,46.51,41.2,3.77,3.21,1.9,208.33,0.5811751622,0.947049996657307,15092.188746730844
5000,1010,302,21.1,40.1,3.77,41.2,16600,185,64.5,17200,43200,200,960,76.92,15936.0,10893.53,77.52,41.2,3.77,3.21,1.9,208.33,1.462887271,0.6154214017681532,9807.355458577289
8000,1010,302,21.1,40.1,3.77,41.2,16600,185,64.5,17200,43200,200,960,76.92,15936.0,5099.23,124.03,41.2,3.77,3.21,1.9,208.33,3.125178049,0.26387534624237263,4205.1175177184505
10000,1010,302,21.1,40.1,3.77,41.2,16600,185,64.5,17200,43200,200,960,76.92,15936.0,3692.61,155.04,41.2,3.77,3.21,1.9,208.33,4.315641083,0.19544638526239902,3114.6335955415907
12000,1010,302,21.1,40.1,3.77,41.2,16600,185,64.5,17200,43200,200,960,76.92,15936.0,2887.06,186.05,41.2,3.77,3.21,1.9,208.33,5.519809763,0.14424835948417983,2298.74185673989
15000,1010,302,21.1,40.1,3.77,41.2,16600,185,64.5,17200,43200,200,960,76.92,15936.0,2177.31,232.56,41.2,3.77,3.21,1.9,208.33,7.319116057,0.14442819459309153,2301.6077090355066
2500,1000,300,19.1,36.0,4.17,45.6,14800,162,63.8,12700,37900,200,960,76.92,14208.0,33716.03,39.18,45.6,4.17,3.21,1.88,208.33,0.4214018684,0.9850736392433359,13995.926266369317
5000,1000,300,19.1,36.0,4.17,45.6,14800,162,63.8,12700,37900,200,960,76.92,14208.0,9334.42,78.37,45.6,4.17,3.21,1.88,208.33,1.522109055,0.5788067754176032,8223.686665133306
8000,1000,300,19.1,36.0,4.17,45.6,14800,162,63.8,12700,37900,200,960,76.92,14208.0,4289.49,125.39,45.6,4.17,3.21,1.88,208.33,3.312284047,0.2637759993307635,3747.729398491488
10000,1000,300,19.1,36.0,4.17,45.6,14800,162,63.8,12700,37900,200,960,76.92,14208.0,3076.77,156.74,45.6,4.17,3.21,1.88,208.33,4.617834335,0.18534560154256227,2633.390306716725
12000,1000,300,19.1,36.0,4.17,45.6,14800,162,63.8,12700,37900,200,960,76.92,14208.0,2388.06,188.09,45.6,4.17,3.21,1.88,208.33,5.949607628,0.1401015901471215,1990.5633928103023
15000,1000,300,19.1,36.0,4.17,45.6,14800,162,63.8,12700,37900,200,960,76.92,14208.0,1787.08,235.11,45.6,4.17,3.21,1.88,208.33,7.950417359,0.13945765327469234,1981.4143377268288
2500,991,300,16.5,30.5,4.92,52.6,12700,138,63.2,8030,31700,200,960,76.92,12192.0,28196.32,39.56,52.6,4.92,3.2,1.85,208.33,0.4323968461,1.0078548730092813,12287.766611729157
5000,991,300,16.5,30.5,4.92,52.6,12700,138,63.2,8030,31700,200,960,76.92,12192.0,7638.85,79.11,52.6,4.92,3.2,1.85,208.33,1.596050755,0.5599964501604905,6827.4767203567
7000,991,300,16.5,30.5,4.92,52.6,12700,138,63.2,8030,31700,200,960,76.92,12192.0,4251.57,110.76,52.6,4.92,3.2,1.85,208.33,2.867646116,0.3020931090099536,3683.1191850493547
8000,991,300,16.5,30.5,4.92,52.6,12700,138,63.2,8030,31700,200,960,76.92,12192.0,3413.67,126.58,52.6,4.92,3.2,1.85,208.33,3.57151765,0.24980035882936485,3045.5659748476164
10000,991,300,16.5,30.5,4.92,52.6,12700,138,63.2,8030,31700,200,960,76.92,12192.0,2410.94,158.23,52.6,4.92,3.2,1.85,208.33,5.056940933,0.163079403425289,1988.2640865611236
12000,991,300,16.5,30.5,4.92,52.6,12700,138,63.2,8030,31700,200,960,76.92,12192.0,1848.21,189.87,52.6,4.92,3.2,1.85,208.33,6.596657112,0.1325701967102657,1616.2958382915594
2500,980,300,16.5,26.0,5.76,52.6,11400,118,61.0,5830,26800,200,960,76.92,10944.0,23874.93,40.98,52.6,5.76,3.18,1.58,208.33,0.4583886971,1.0192280949585806,11154.432271226706
5000,980,300,16.5,26.0,5.76,52.6,11400,118,61.0,5830,26800,200,960,76.92,10944.0,6403.4,81.97,52.6,5.76,3.18,1.58,208.33,1.709091498,0.5637884686841832,6170.1010012797005
7000,980,300,16.5,26.0,5.76,52.6,11400,118,61.0,5830,26800,200,960,76.92,10944.0,3530.64,114.75,52.6,5.76,3.18,1.58,208.33,3.09972259,0.286975311606137,3140.657810217563
8000,980,300,16.5,26.0,5.76,52.6,11400,118,61.0,5830,26800,200,960,76.92,10944.0,2821.96,131.15,52.6,5.76,3.18,1.58,208.33,3.87815505,0.2303475653153158,2520.9237548108163
10000,980,300,16.5,26.0,5.76,52.6,11400,118,61.0,5830,26800,200,960,76.92,10944.0,1976.66,163.93,52.6,5.76,3.18,1.58,208.33,5.536625036,0.14829368385165542,1622.926076072517
12000,980,300,16.5,26.0,5.76,52.6,11400,118,61.0,5830,26800,200,960,76.92,10944.0,1504.86,196.72,52.6,5.76,3.18,1.58,208.33,7.272417664,0.1234348228007616,1350.870700731535
2400,970,300,16.0,21.1,7.11,54.3,9800,95,58.2,3900,21500,200,960,76.92,9408.0,20730.63,41.24,54.3,7.11,3.16,1.32,208.33,0.4538211834,0.9998367274101689,9406.46393147487
5000,970,300,16.0,21.1,7.11,54.3,9800,95,58.2,3900,21500,200,960,76.92,9408.0,5078.85,85.91,54.3,7.11,3.16,1.32,208.33,1.852386476,0.47010482182402163,4422.746163720395
7000,970,300,16.0,21.1,7.11,54.3,9800,95,58.2,3900,21500,200,960,76.92,9408.0,2771.76,120.27,54.3,7.11,3.16,1.32,208.33,3.394232196,0.2569216199510323,2417.118600499312
8000,970,300,16.0,21.1,7.11,54.3,9800,95,58.2,3900,21500,200,960,76.92,9408.0,2204.11,137.46,54.3,7.11,3.16,1.32,208.33,4.268390122,0.20614954628440815,1939.454931443712
10000,970,300,16.0,21.1,7.11,54.3,9800,95,58.2,3900,21500,200,960,76.92,9408.0,1529.22,171.82,54.3,7.11,3.16,1.32,208.33,6.152136495,0.13055747492190736,1228.2847240653045
11000,970,300,16.0,21.1,7.11,54.3,9800,95,58.2,3900,21500,200,960,76.92,9408.0,1317.63,189.0,54.3,7.11,3.16,1.32,208.33,7.140074246,0.1208951087230697,1137.3811828666398
5000,1090,472,76.7,115.1,2.05,10.8,67700,2060,108.0,595000,494000,200,960,76.92,64992.0,153826.92,46.3,10.8,2.05,2.07,1.5,208.33,0.4225008105,0.9248733685743886,60109.369970386666
8000,1090,472,76.7,115.1,2.05,10.8,67700,2060,108.0,595000,494000,200,960,76.92,64992.0,81557.76,74.07,10.8,2.05,2.07,1.5,208.33,0.796883047,0.7985838959708484,51901.564566937384
10000,1090,472,76.7,115.1,2.05,10.8,67700,2060,108.0,595000,494000,200,960,76.92,64992.0,62243.97,92.59,10.8,2.05,2.07,1.5,208.33,1.044149389,0.7331360119042353,47647.97568568006
12000,1090,472,76.7,115.1,2.05,10.8,67700,2060,108.0,595000,494000,200,960,76.92,64992.0,50458.96,111.11,10.8,2.05,2.07,1.5,208.33,1.288016926,0.7354741411479456,47799.93538148728
15000,1090,472,76.7,115.1,2.05,10.8,67700,2060,108.0,595000,494000,200,960,76.92,64992.0,39419.57,138.89,10.8,2.05,2.07,1.5,208.33,1.648724353,0.6328728047839277,41131.66932851703
20000,1090,472,76.7,115.1,2.05,10.8,67700,2060,108.0,595000,494000,200,960,76.92,64992.0,28999.87,185.19,10.8,2.05,2.07,1.5,208.33,2.241113736,0.4136506297451421,26883.981728396277
5000,1090,462,64.0,114.9,2.01,12.9,64200,1910,109.0,516000,459000,200,960,76.92,61632.0,140184.84,45.87,12.9,2.01,2.11,1.8,208.33,0.43964812,0.9231050135331276,56892.80819407372
8000,1090,462,64.0,114.9,2.01,12.9,64200,1910,109.0,516000,459000,200,960,76.92,61632.0,73782.45,73.39,12.9,2.01,2.11,1.8,208.33,0.8353206306,0.7969421147638254,49117.136417124086
10000,1090,462,64.0,114.9,2.01,12.9,64200,1910,109.0,516000,459000,200,960,76.92,61632.0,56163.34,91.74,12.9,2.01,2.11,1.8,208.33,1.097370537,0.7244424263855176,44648.83562299222
12000,1090,462,64.0,114.9,2.01,12.9,64200,1910,109.0,516000,459000,200,960,76.92,61632.0,45454.51,110.09,12.9,2.01,2.11,1.8,208.33,1.355905047,0.7178721049227655,44243.89357059989
15000,1090,462,64.0,114.9,2.01,12.9,64200,1910,109.0,516000,459000,200,960,76.92,61632.0,35456.7,137.61,12.9,2.01,2.11,1.8,208.33,1.738232731,0.5920645144332504,36490.12015355009
20000,1090,462,64.0,114.9,2.01,12.9,64200,1910,109.0,516000,459000,200,960,76.92,61632.0,26051.22,183.49,12.9,2.01,2.11,1.8,208.33,2.365800647,0.38119439358583285,23493.77286548205
5000,1080,457,60.5,108.8,2.1,13.7,60000,1750,107.0,437000,414000,200,960,76.92,57600.0,125387.71,46.73,13.7,2.1,2.13,1.8,208.33,0.4593751589,0.9201892823831073,53002.90266526698
8000,1080,457,60.5,108.8,2.1,13.7,60000,1750,107.0,437000,414000,200,960,76.92,57600.0,65546.8,74.77,13.7,2.1,2.13,1.8,208.33,0.8787614934,0.774811440335205,44629.13896330781
10000,1080,457,60.5,108.8,2.1,13.7,60000,1750,107.0,437000,414000,200,960,76.92,57600.0,49771.32,93.46,13.7,2.1,2.13,1.8,208.33,1.15729297,0.7292276855491302,42003.5146876299
12000,1080,457,60.5,108.8,2.1,13.7,60000,1750,107.0,437000,414000,200,960,76.92,57600.0,40217.81,112.15,13.7,2.1,2.13,1.8,208.33,1.43220146,0.7256088309727298,41795.06866402923
15000,1080,457,60.5,108.8,2.1,13.7,60000,1750,107.0,437000,414000,200,960,76.92,57600.0,31326.58,140.19,13.7,2.1,2.13,1.8,208.33,1.838694011,0.5664761495213164,32629.026212427827
20000,1080,457,60.5,108.8,2.1,13.7,60000,1750,107.0,437000,414000,200,960,76.92,57600.0,22988.32,186.92,13.7,2.1,2.13,1.8,208.33,2.505620727,0.38278902137845566,22048.647631399046
5000,1060,452,55.1,99.1,2.28,15.0,53600,1540,106.0,327000,357000,200,960,76.92,51456.0,105501.94,47.17,15.0,2.28,2.13,1.8,208.33,0.4877256491,0.9505857334518144,48913.339500496564
8000,1060,452,55.1,99.1,2.28,15.0,53600,1540,106.0,327000,357000,200,960,76.92,51456.0,54293.75,75.47,15.0,2.28,2.13,1.8,208.33,0.9477333948,0.7553784019625186,38868.751051383355
10000,1060,452,55.1,99.1,2.28,15.0,53600,1540,106.0,327000,357000,200,960,76.92,51456.0,40985.55,94.34,15.0,2.28,2.13,1.8,208.33,1.255467016,0.6934068654511945,35679.94366865666
12000,1060,452,55.1,99.1,2.28,15.0,53600,1540,106.0,327000,357000,200,960,76.92,51456.0,32992.92,113.21,15.0,2.28,2.13,1.8,208.33,1.559607118,0.6680025629178309,34372.73987749991
15000,1060,452,55.1,99.1,2.28,15.0,53600,1540,106.0,327000,357000,200,960,76.92,51456.0,25608.88,141.51,15.0,2.28,2.13,1.8,208.33,2.009302799,0.4311844379697468,22187.026440171292
20000,1060,452,55.1,99.1,2.28,15.0,53600,1540,106.0,327000,357000,200,960,76.92,51456.0,18735.68,188.68,15.0,2.28,2.13,1.8,208.33,2.74641786,0.31902519933610013,16415.76065703837
4500,1040,447,50.0,90.1,2.48,16.3,47700,1340,104.0,247000,303000,200,960,76.92,45792.0,104305.78,43.27,16.3,2.48,2.13,1.8,208.33,0.4390169171,0.9772637900042946,44750.86347187666
8000,1040,447,50.0,90.1,2.48,16.3,47700,1340,104.0,247000,303000,200,960,76.92,45792.0,44837.39,76.92,16.3,2.48,2.13,1.8,208.33,1.021290506,0.7457552647212358,34149.62508211483
10000,1040,447,50.0,90.1,2.48,16.3,47700,1340,104.0,247000,303000,200,960,76.92,45792.0,33673.99,96.15,16.3,2.48,2.13,1.8,208.33,1.359862663,0.6994234553791231,32027.998868720806
12000,1040,447,50.0,90.1,2.48,16.3,47700,1340,104.0,247000,303000,200,960,76.92,45792.0,27015.71,115.38,16.3,2.48,2.13,1.8,208.33,1.695013489,0.6157415321757101,28196.03624139012
15000,1040,447,50.0,90.1,2.48,16.3,47700,1340,104.0,247000,303000,200,960,76.92,45792.0,20903.05,144.23,16.3,2.48,2.13,1.8,208.33,2.190684577,0.4148428639287151,18996.484425023722
20000,1040,447,50.0,90.1,2.48,16.3,47700,1340,104.0,247000,303000,200,960,76.92,45792.0,15250.57,192.31,16.3,2.48,2.13,1.8,208.33,3.002640893,0.31656717757306096,14496.244195425608
4500,1010,437,40.9,73.8,2.96,19.9,38200,1040,102.0,136000,227000,200,960,76.92,36672.0,75296.92,44.12,19.9,2.96,2.14,1.8,208.33,0.4870318903,0.98876455929542,36259.97391848164
8000,1010,437,40.9,73.8,2.96,19.9,38200,1040,102.0,136000,227000,200,960,76.92,36672.0,31004.24,78.43,19.9,2.96,2.14,1.8,208.33,1.182806003,0.7193068260204313,26378.419923821257
10000,1010,437,40.9,73.8,2.96,19.9,38200,1040,102.0,136000,227000,200,960,76.92,36672.0,22943.7,98.04,19.9,2.96,2.14,1.8,208.33,1.598347292,0.6010156491440688,22040.445885411293
12000,1010,437,40.9,73.8,2.96,19.9,38200,1040,102.0,136000,227000,200,960,76.92,36672.0,18222.76,117.65,19.9,2.96,2.14,1.8,208.33,2.012428907,0.4246721079268191,15573.575541892309
15000,1010,437,40.9,73.8,2.96,19.9,38200,1040,102.0,136000,227000,200,960,76.92,36672.0,13963.68,147.06,19.9,2.96,2.14,1.8,208.33,2.626242074,0.33026524167492205,12111.48694270274
20000,1010,437,40.9,73.8,2.96,19.9,38200,1040,102.0,136000,227000,200,960,76.92,36672.0,10099.75,196.08,19.9,2.96,2.14,1.8,208.33,3.630979219,0.2890878445202465,10601.42943424648
4000,998,434,38.1,68.0,3.19,21.4,34900,937,101.0,107000,202000,200,960,76.92,33504.0,81096.01,39.6,21.4,3.19,2.14,1.79,208.33,0.4131399434,0.986052057127008,33036.68812198328
8000,998,434,38.1,68.0,3.19,21.4,34900,937,101.0,107000,202000,200,960,76.92,33504.0,26780.33,79.21,21.4,3.19,2.14,1.79,208.33,1.251067421,0.7133088877350385,23898.70097467473
10000,998,434,38.1,68.0,3.19,21.4,34900,937,101.0,107000,202000,200,960,76.92,33504.0,19692.87,99.01,21.4,3.19,2.14,1.79,208.33,1.701326638,0.5718673269685965,19159.84292275586
12000,998,434,38.1,68.0,3.19,21.4,34900,937,101.0,107000,202000,200,960,76.92,33504.0,15571.03,118.81,21.4,3.19,2.14,1.79,208.33,2.151688666,0.4185212141775403,14022.13475980431
15000,998,434,38.1,68.0,3.19,21.4,34900,937,101.0,107000,202000,200,960,76.92,33504.0,11878.98,148.51,21.4,3.19,2.14,1.79,208.33,2.820444434,0.31843494924247373,10668.84453941984
20000,998,434,38.1,68.0,3.19,21.4,34900,937,101.0,107000,202000,200,960,76.92,33504.0,8557.0,198.02,21.4,3.19,2.14,1.79,208.33,3.915391608,0.28528090464470196,9558.051429216095
4000,988,432,34.5,62.1,3.48,23.6,31300,828,99.6,80700,178000,200,960,76.92,30048.0,70269.65,40.16,23.6,3.48,2.14,1.8,208.33,0.4276099378,0.9865242066923562,29643.07936269192
8000,988,432,34.5,62.1,3.48,23.6,31300,828,99.6,80700,178000,200,960,76.92,30048.0,22641.87,80.32,23.6,3.48,2.14,1.8,208.33,1.327098744,0.7203303763743805,21644.487149297383
10000,988,432,34.5,62.1,3.48,23.6,31300,828,99.6,80700,178000,200,960,76.92,30048.0,16512.55,100.4,23.6,3.48,2.14,1.8,208.33,1.81970638,0.5297095826735834,15916.713540175833
12000,988,432,34.5,62.1,3.48,23.6,31300,828,99.6,80700,178000,200,960,76.92,30048.0,12978.4,120.48,23.6,3.48,2.14,1.8,208.33,2.315231533,0.37223587416646664,11184.94354695399
15000,988,432,34.5,62.1,3.48,23.6,31300,828,99.6,80700,178000,200,960,76.92,30048.0,9841.28,150.6,23.6,3.48,2.14,1.8,208.33,3.053260107,0.29317974739930086,8809.465049854192
20000,988,432,34.5,62.1,3.48,23.6,31300,828,99.6,80700,178000,200,960,76.92,30048.0,7048.97,200.8,23.6,3.48,2.14,1.8,208.33,4.262749843,0.2517634204895522,7564.987258870065
4000,975,427,31.0,55.7,3.83,26.3,28000,728,98.6,59100,154000,200,960,76.92,26880.0,60241.3,40.57,26.3,3.83,2.15,1.8,208.33,0.4462054853,0.9843210175035809,26458.548950496253
8000,975,427,31.0,55.7,3.83,26.3,28000,728,98.6,59100,154000,200,960,76.92,26880.0,18926.01,81.14,26.3,3.83,2.15,1.8,208.33,1.420267395,0.6967137086689121,18727.664489020357
10000,975,427,31.0,55.7,3.83,26.3,28000,728,98.6,59100,154000,200,960,76.92,26880.0,13677.59,101.42,26.3,3.83,2.15,1.8,208.33,1.965259009,0.44502954302213005,11962.394116434856
12000,975,427,31.0,55.7,3.83,26.3,28000,728,98.6,59100,154000,200,960,76.92,26880.0,10677.42,121.7,26.3,3.83,2.15,1.8,208.33,2.517462801,0.34691596447388057,9325.10112505791
15000,975,427,31.0,55.7,3.83,26.3,28000,728,98.6,59100,154000,200,960,76.92,26880.0,8039.6,152.13,26.3,3.83,2.15,1.8,208.33,3.343449344,0.27766829236158763,7463.723698679476
20000,975,427,31.0,55.7,3.83,26.3,28000,728,98.6,59100,154000,200,960,76.92,26880.0,5719.54,202.84,26.3,3.83,2.15,1.8,208.33,4.699676669,0.24058287858975735,6466.867776492678
4000,965,424,28.4,51.0,4.16,28.6,25400,653,97.8,45400,137000,200,960,76.92,24384.0,53098.94,40.9,28.6,4.16,2.16,1.79,208.33,0.4592181702,0.9816899395446136,23937.52748585586
8000,965,424,28.4,51.0,4.16,28.6,25400,653,97.8,45400,137000,200,960,76.92,24384.0,16332.37,81.8,28.6,4.16,2.16,1.79,208.33,1.492986083,0.6723633238343053,16394.9072883757
10000,965,424,28.4,51.0,4.16,28.6,25400,653,97.8,45400,137000,200,960,76.92,24384.0,11707.66,102.25,28.6,4.16,2.16,1.79,208.33,2.082738419,0.40436617948149567,9860.06492047679
12000,965,424,28.4,51.0,4.16,28.6,25400,653,97.8,45400,137000,200,960,76.92,24384.0,9082.62,122.7,28.6,4.16,2.16,1.79,208.33,2.684688129,0.2999023005322622,7312.817696178681
15000,965,424,28.4,51.0,4.16,28.6,25400,653,97.8,45400,137000,200,960,76.92,24384.0,6793.35,153.37,28.6,4.16,2.16,1.79,208.33,3.589393696,0.24113344604139655,5879.797948273414
20000,965,424,28.4,51.0,4.16,28.6,25400,653,97.8,45400,137000,200,960,76.92,24384.0,4801.17,204.5,28.6,4.16,2.16,1.79,208.33,5.078758779,0.19215810840139946,4685.583315259724
4000,958,422,25.9,47.0,4.49,31.4,23100,591,97.3,35100,122000,200,960,76.92,22176.0,47128.65,41.11,31.4,4.49,2.16,1.81,208.33,0.4705418052,0.9886668871037151,21924.676888411985
8000,958,422,25.9,47.0,4.49,31.4,23100,591,97.3,35100,122000,200,960,76.92,22176.0,14218.42,82.22,31.4,4.49,2.16,1.81,208.33,1.559666614,0.6327052221361171,14030.871006090534
10000,958,422,25.9,47.0,4.49,31.4,23100,591,97.3,35100,122000,200,960,76.92,22176.0,10112.64,102.77,31.4,4.49,2.16,1.81,208.33,2.19289869,0.3958060156601399,8777.394203279262
12000,958,422,25.9,47.0,4.49,31.4,23100,591,97.3,35100,122000,200,960,76.92,22176.0,7796.64,123.33,31.4,4.49,2.16,1.81,208.33,2.844302001,0.2880946252649065,6388.786409874566
15000,958,422,25.9,47.0,4.49,31.4,23100,591,97.3,35100,122000,200,960,76.92,22176.0,5791.99,154.16,31.4,4.49,2.16,1.81,208.33,3.82873308,0.22661693844475822,5025.457226950958
20000,958,422,25.9,47.0,4.49,31.4,23100,591,97.3,35100,122000,200,960,76.92,22176.0,4065.3,205.55,31.4,4.49,2.16,1.81,208.33,5.454947189,0.18353688661733028,4070.1139976259165
4000,947,424,24.0,42.7,4.96,33.9,21000,541,97.0,26800,111000,200,960,76.92,20160.0,42480.97,41.24,33.9,4.96,2.13,1.78,208.33,0.4745654841,0.9892419158290191,19943.117023113024
8000,947,424,24.0,42.7,4.96,33.9,21000,541,97.0,26800,111000,200,960,76.92,20160.0,12532.48,82.47,33.9,4.96,2.13,1.78,208.33,1.60862004,0.6150240531155957,12398.88491081041
10000,947,424,24.0,42.7,4.96,33.9,21000,541,97.0,26800,111000,200,960,76.92,20160.0,8828.02,103.09,33.9,4.96,2.13,1.78,208.33,2.283638735,0.3902640996653949,7867.724249254361
12000,947,424,24.0,42.7,4.96,33.9,21000,541,97.0,26800,111000,200,960,76.92,20160.0,6752.81,123.71,33.9,4.96,2.13,1.78,208.33,2.985423272,0.28380921036662804,5721.593680991221
15000,947,424,24.0,42.7,4.96,33.9,21000,541,97.0,26800,111000,200,960,76.92,20160.0,4972.2,154.64,33.9,4.96,2.13,1.78,208.33,4.054543974,0.2134512781745773,4303.177767999478
20000,947,424,24.0,42.7,4.96,33.9,21000,541,97.0,26800,111000,200,960,76.92,20160.0,3457.55,206.19,33.9,4.96,2.13,1.78,208.33,5.830722377,0.1757970046252142,3544.067613244318
4000,942,422,22.5,39.9,5.29,36.2,19500,499,96.5,21900,102000,200,960,76.92,18720.0,38825.35,41.45,36.2,5.29,2.14,1.77,208.33,0.4821591815,0.9889879054554821,18513.853590126626
8000,942,422,22.5,39.9,5.29,36.2,19500,499,96.5,21900,102000,200,960,76.92,18720.0,11295.27,82.9,36.2,5.29,2.14,1.77,208.33,1.657331345,0.5564828875551302,10417.359655032038
10000,942,422,22.5,39.9,5.29,36.2,19500,499,96.5,21900,102000,200,960,76.92,18720.0,7906.28,103.63,36.2,5.29,2.14,1.77,208.33,2.36773733,0.3617436545817137,6771.8412137696805
12000,942,422,22.5,39.9,5.29,36.2,19500,499,96.5,21900,102000,200,960,76.92,18720.0,6015.61,124.35,36.2,5.29,2.14,1.77,208.33,3.111901501,0.267840225096473,5013.969013805974
15000,942,422,22.5,39.9,5.29,36.2,19500,499,96.5,21900,102000,200,960,76.92,18720.0,4402.11,155.44,36.2,5.29,2.14,1.77,208.33,4.252506033,0.19573818065444365,3664.2187418511853
20000,942,422,22.5,39.9,5.29,36.2,19500,499,96.5,21900,102000,200,960,76.92,18720.0,3040.73,207.25,36.2,5.29,2.14,1.77,208.33,6.156415825,0.1529819502295558,2863.8221082972846
4000,937,422,21.3,36.7,5.75,38.2,18000,454,95.5,17300,91800,200,960,76.92,17280.0,34878.41,41.88,38.2,5.75,2.13,1.72,208.33,0.4954354432,0.9889242242524365,17088.610595082104
8000,937,422,21.3,36.7,5.75,38.2,18000,454,95.5,17300,91800,200,960,76.92,17280.0,10000.75,83.77,38.2,5.75,2.13,1.72,208.33,1.727869924,0.4979696932008721,8604.916298511069
10000,937,422,21.3,36.7,5.75,38.2,18000,454,95.5,17300,91800,200,960,76.92,17280.0,6952.26,104.71,38.2,5.75,2.13,1.72,208.33,2.485522484,0.36715029722387216,6344.3571360285105
12000,937,422,21.3,36.7,5.75,38.2,18000,454,95.5,17300,91800,200,960,76.92,17280.0,5258.51,125.65,38.2,5.75,2.13,1.72,208.33,3.286103949,0.2655456265209256,4588.628426281594
15000,937,422,21.3,36.7,5.75,38.2,18000,454,95.5,17300,91800,200,960,76.92,17280.0,3821.1,157.07,38.2,5.75,2.13,1.72,208.33,4.522262556,0.1866771356031718,3225.780903222809
20000,937,422,21.3,36.7,5.75,38.2,18000,454,95.5,17300,91800,200,960,76.92,17280.0,2618.83,209.42,38.2,5.75,2.13,1.72,208.33,6.59837854,0.14863586543809798,2568.427754770333
3600,932,419,20.3,34.3,6.11,40.1,16900,420,95.0,14400,84900,200,960,76.92,16224.0,39257.6,37.89,40.1,6.11,2.14,1.69,208.33,0.413270306,0.9989947500110802,16207.690824179765
8000,932,419,20.3,34.3,6.11,40.1,16900,420,95.0,14400,84900,200,960,76.92,16224.0,9101.37,84.21,40.1,6.11,2.14,1.69,208.33,1.782588241,0.4979327484731438,8078.460911228285
10000,932,419,20.3,34.3,6.11,40.1,16900,420,95.0,14400,84900,200,960,76.92,16224.0,6293.06,105.26,40.1,6.11,2.14,1.69,208.33,2.578077077,0.35785673700658677,5805.867701194864
12000,932,419,20.3,34.3,6.11,40.1,16900,420,95.0,14400,84900,200,960,76.92,16224.0,4737.35,126.32,40.1,6.11,2.14,1.69,208.33,3.424696388,0.260344737834733,4223.833026630708
15000,932,419,20.3,34.3,6.11,40.1,16900,420,95.0,14400,84900,200,960,76.92,16224.0,3422.57,157.89,40.1,6.11,2.14,1.69,208.33,4.740298497,0.16746177603299772,2716.8998543593552
20000,932,419,20.3,34.3,6.11,40.1,16900,420,95.0,14400,84900,200,960,76.92,16224.0,2330.25,210.53,40.1,6.11,2.14,1.69,208.33,6.962337772,0.13777811545840002,2235.312145197082
3600,927,419,19.3,32.0,6.54,42.2,15800,391,94.2,11900,78400,200,960,76.92,15168.0,36247.95,38.22,42.2,6.54,2.14,1.66,208.33,0.4184512221,0.9985364701535734,15145.801179289401
8000,927,419,19.3,32.0,6.54,42.2,15800,391,94.2,11900,78400,200,960,76.92,15168.0,8305.82,84.93,42.2,6.54,2.14,1.66,208.33,1.826189489,0.48537378023325817,7362.14949857806
10000,927,419,19.3,32.0,6.54,42.2,15800,391,94.2,11900,78400,200,960,76.92,15168.0,5711.54,106.16,42.2,6.54,2.14,1.66,208.33,2.655677476,0.3336994199633669,5061.552802004348
12000,927,419,19.3,32.0,6.54,42.2,15800,391,94.2,11900,78400,200,960,76.92,15168.0,4278.38,127.39,42.2,6.54,2.14,1.66,208.33,3.545265375,0.24250678391069394,3678.342898357406
15000,927,419,19.3,32.0,6.54,42.2,15800,391,94.2,11900,78400,200,960,76.92,15168.0,3072.04,159.24,42.2,6.54,2.14,1.66,208.33,4.937437095,0.15898457550320902,2411.4780412326745
20000,927,419,19.3,32.0,6.54,42.2,15800,391,94.2,11900,78400,200,960,76.92,15168.0,2076.57,212.31,42.2,6.54,2.14,1.66,208.33,7.304347348,0.1349095781219414,2046.3084809536072
3000,993,323,36.1,65.1,2.48,22.9,26400,367,70.6,71600,78900,200,960,76.92,25344.0,56135.19,42.49,22.9,2.48,2.87,1.8,208.33,0.4514814943,0.9809218213688989,24860.482640773374
8000,993,323,36.1,65.1,2.48,22.9,26400,367,70.6,71600,78900,200,960,76.92,25344.0,12420.03,113.31,22.9,2.48,2.87,1.8,208.33,2.040574555,0.4451144190310912,11280.979835923976
10000,993,323,36.1,65.1,2.48,22.9,26400,367,70.6,71600,78900,200,960,76.92,25344.0,9371.95,141.64,22.9,2.48,2.87,1.8,208.33,2.704239035,0.3322847878751573,8421.425663907987
12000,993,323,36.1,65.1,2.48,22.9,26400,367,70.6,71600,78900,200,960,76.92,25344.0,7542.35,169.97,22.9,2.48,2.87,1.8,208.33,3.360225932,0.3102811298271232,7863.764954338611
15000,993,323,36.1,65.1,2.48,22.9,26400,367,70.6,71600,78900,200,960,76.92,25344.0,5852.89,212.46,22.9,2.48,2.87,1.8,208.33,4.330164848,0.2731652521571994,6923.100150672061
18000,993,323,36.1,65.1,2.48,22.9,26400,367,70.6,71600,78900,200,960,76.92,25344.0,4793.5,254.96,22.9,2.48,2.87,1.8,208.33,5.287163551,0.24424033374182127,6190.027018352718
3000,980,320,33.0,58.8,2.72,25.0,23600,325,69.9,53700,69000,200,960,76.92,22656.0,48543.77,42.92,25.0,2.72,2.88,1.78,208.33,0.4667128544,0.9867980996995958,22356.897746794042
8000,980,320,33.0,58.8,2.72,25.0,23600,325,69.9,53700,69000,200,960,76.92,22656.0,10376.2,114.45,25.0,2.72,2.88,1.78,208.33,2.18345837,0.42705422404644205,9675.340499996191
10000,980,320,33.0,58.8,2.72,25.0,23600,325,69.9,53700,69000,200,960,76.92,22656.0,7776.34,143.06,25.0,2.72,2.88,1.78,208.33,2.913454443,0.32555060587098333,7375.674526612998
12000,980,320,33.0,58.8,2.72,25.0,23600,325,69.9,53700,69000,200,960,76.92,22656.0,6229.95,171.67,25.0,2.72,2.88,1.78,208.33,3.636626404,0.30249345109740666,6853.291628062845
15000,980,320,33.0,58.8,2.72,25.0,23600,325,69.9,53700,69000,200,960,76.92,22656.0,4813.91,214.59,25.0,2.72,2.88,1.78,208.33,4.70635674,0.2682071595811712,6076.501407471014
18000,980,320,33.0,58.8,2.72,25.0,23600,325,69.9,53700,69000,200,960,76.92,22656.0,3932.48,257.51,25.0,2.72,2.88,1.78,208.33,5.761248749,0.24138985557293705,5468.928567860462
3000,970,315,30.0,54.1,2.91,27.5,21300,284,68.6,40900,59600,200,960,76.92,20448.0,41636.4,43.73,27.5,2.91,2.91,1.8,208.33,0.491108734,0.987440590611013,20191.185196813993
8000,970,315,30.0,54.1,2.91,27.5,21300,284,68.6,40900,59600,200,960,76.92,20448.0,8655.89,116.62,27.5,2.91,2.91,1.8,208.33,2.362321824,0.402508364761235,8230.491042637734
10000,970,315,30.0,54.1,2.91,27.5,21300,284,68.6,40900,59600,200,960,76.92,20448.0,6448.66,145.77,27.5,2.91,2.91,1.8,208.33,3.170889783,0.313425314894614,6408.920838965068
12000,970,315,30.0,54.1,2.91,27.5,21300,284,68.6,40900,59600,200,960,76.92,20448.0,5145.59,174.93,27.5,2.91,2.91,1.8,208.33,3.973890872,0.2924462254274987,5979.940417541494
15000,970,315,30.0,54.1,2.91,27.5,21300,284,68.6,40900,59600,200,960,76.92,20448.0,3960.78,218.66,27.5,2.91,2.91,1.8,208.33,5.162622253,0.2674351626246157,5468.514205348141
18000,970,315,30.0,54.1,2.91,27.5,21300,284,68.6,40900,59600,200,960,76.92,20448.0,3227.99,262.39,27.5,2.91,2.91,1.8,208.33,6.334600739,0.24155163834791557,4939.247900938178
2900,960,312,26.9,48.9,3.19,30.6,19000,251,68.1,30300,52100,200,960,76.92,18240.0,38365.95,42.58,30.6,3.19,2.92,1.82,208.33,0.4754215569,0.9864531499287409,17992.905454700234
8000,960,312,26.9,48.9,3.19,30.6,19000,251,68.1,30300,52100,200,960,76.92,18240.0,7232.76,117.47,30.6,3.19,2.92,1.82,208.33,2.521860304,0.36504308082073816,6658.3857941702645
10000,960,312,26.9,48.9,3.19,30.6,19000,251,68.1,30300,52100,200,960,76.92,18240.0,5344.3,146.84,30.6,3.19,2.92,1.82,208.33,3.41297976,0.2741993403114341,5001.395967280559
12000,960,312,26.9,48.9,3.19,30.6,19000,251,68.1,30300,52100,200,960,76.92,18240.0,4240.16,176.21,30.6,3.19,2.92,1.82,208.33,4.301719512,0.22962553246209366,4188.369712108589
15000,960,312,26.9,48.9,3.19,30.6,19000,251,68.1,30300,52100,200,960,76.92,18240.0,3245.76,220.26,30.6,3.19,2.92,1.82,208.33,5.619631506,0.21582003666264382,3936.5574687266235
16000,960,312,26.9,48.9,3.19,30.6,19000,251,68.1,30300,52100,200,960,76.92,18240.0,3012.55,234.95,30.6,3.19,2.92,1.82,208.33,6.054678649,0.20895021123336424,3811.251852896564
2800,951,310,24.4,43.9,3.53,33.8,17000,220,67.3,22000,45100,200,960,76.92,16320.0,35217.07,41.6,33.8,3.53,2.93,1.8,208.33,0.4634116916,0.9830186739739651,16042.864759255111
8000,951,310,24.4,43.9,3.53,33.8,17000,220,67.3,22000,45100,200,960,76.92,16320.0,5991.94,118.87,33.8,3.53,2.93,1.8,208.33,2.723660127,0.3175040380298899,5181.665900647803
10000,951,310,24.4,43.9,3.53,33.8,17000,220,67.3,22000,45100,200,960,76.92,16320.0,4387.05,148.59,33.8,3.53,2.93,1.8,208.33,3.720036906,0.24387089740881893,3979.973045711925
12000,951,310,24.4,43.9,3.53,33.8,17000,220,67.3,22000,45100,200,960,76.92,16320.0,3457.99,178.31,33.8,3.53,2.93,1.8,208.33,4.719510086,0.19488102573750915,3180.4583400361494
15000,951,310,24.4,43.9,3.53,33.8,17000,220,67.3,22000,45100,200,960,76.92,16320.0,2629.78,222.88,33.8,3.53,2.93,1.8,208.33,6.2058412,0.18796847889978816,3067.6455756445425
16000,951,310,24.4,43.9,3.53,33.8,17000,220,67.3,22000,45100,200,960,76.92,16320.0,2436.97,237.74,33.8,3.53,2.93,1.8,208.33,6.696845615,0.18361711988588725,2996.63139653768
2700,943,307,22.1,39.8,3.86,37.3,15300,195,66.5,16500,39700,200,960,76.92,14688.0,33000.68,40.6,37.3,3.86,2.94,1.8,208.33,0.4450816982,0.9780730376773855,14365.936777405439
8000,943,307,22.1,39.8,3.86,37.3,15300,195,66.5,16500,39700,200,960,76.92,14688.0,5073.24,120.3,37.3,3.86,2.94,1.8,208.33,2.89519239,0.27262042396657493,4004.2487872210527
10000,943,307,22.1,39.8,3.86,37.3,15300,195,66.5,16500,39700,200,960,76.92,14688.0,3682.45,150.38,37.3,3.86,2.94,1.8,208.33,3.988653281,0.21446540038723408,3150.067800887694
12000,943,307,22.1,39.8,3.86,37.3,15300,195,66.5,16500,39700,200,960,76.92,14688.0,2884.19,180.45,37.3,3.86,2.94,1.8,208.33,5.092590374,0.15720119445105876,2308.971144097151
15000,943,307,22.1,39.8,3.86,37.3,15300,195,66.5,16500,39700,200,960,76.92,14688.0,2179.15,225.56,37.3,3.86,2.94,1.8,208.33,6.740228761,0.15752002265062642,2313.654092692401
16000,943,307,22.1,39.8,3.86,37.3,15300,195,66.5,16500,39700,200,960,76.92,14688.0,2016.15,240.6,37.3,3.86,2.94,1.8,208.33,7.285182519,0.15455244255026143,2270.06627617824
3000,932,310,21.1,34.6,4.48,39.1,13700,171,65.5,11700,34400,200,960,76.92,13152.0,23313.56,45.8,39.1,4.48,2.89,1.64,208.33,0.5641351306,0.9551155365134811,12561.679536225303
8000,932,310,21.1,34.6,4.48,39.1,13700,171,65.5,11700,34400,200,960,76.92,13152.0,4212.91,122.14,39.1,4.48,2.89,1.64,208.33,3.121829245,0.26720991376895437,3514.344785889288
10000,932,310,21.1,34.6,4.48,39.1,13700,171,65.5,11700,34400,200,960,76.92,13152.0,3024.34,152.67,39.1,4.48,2.89,1.64,208.33,4.348716571,0.19206501939539758,2526.039135088269
12000,932,310,21.1,34.6,4.48,39.1,13700,171,65.5,11700,34400,200,960,76.92,13152.0,2348.87,183.21,39.1,4.48,2.89,1.64,208.33,5.5992775,0.12947426517788727,1702.8455356195734
15000,932,310,21.1,34.6,4.48,39.1,13700,171,65.5,11700,34400,200,960,76.92,13152.0,1758.97,229.01,39.1,4.48,2.89,1.64,208.33,7.477099695,0.135576587496285,1783.1032787511406
16000,932,310,21.1,34.6,4.48,39.1,13700,171,65.5,11700,34400,200,960,76.92,13152.0,1623.77,244.27,39.1,4.48,2.89,1.64,208.33,8.099674671,0.13019914442101604,1712.379147425203
2500,927,307,19.4,31.9,4.81,42.4,12600,156,65.0,9240,31200,200,960,76.92,12096.0,29887.29,38.46,42.4,4.81,2.92,1.64,208.33,0.4047204917,0.9878330561228392,11948.828646861863
4500,927,307,19.4,31.9,4.81,42.4,12600,156,65.0,9240,31200,200,960,76.92,12096.0,9895.17,69.23,42.4,4.81,2.92,1.64,208.33,1.222414655,0.7118719768632165,8610.803432137467
6000,927,307,19.4,31.9,4.81,42.4,12600,156,65.0,9240,31200,200,960,76.92,12096.0,5961.99,92.31,42.4,4.81,2.92,1.64,208.33,2.028852779,0.3947228968846446,4774.568160716662
8000,927,307,19.4,31.9,4.81,42.4,12600,156,65.0,9240,31200,200,960,76.92,12096.0,3716.77,123.08,42.4,4.81,2.92,1.64,208.33,3.25444177,0.2627137781134533,3177.7858600603313
9000,927,307,19.4,31.9,4.81,42.4,12600,156,65.0,9240,31200,200,960,76.92,12096.0,3097.97,138.46,42.4,4.81,2.92,1.64,208.33,3.904487384,0.22306082421173518,2698.143729665149
10000,927,307,19.4,31.9,4.81,42.4,12600,156,65.0,9240,31200,200,960,76.92,12096.0,2647.74,153.85,42.4,4.81,2.92,1.64,208.33,4.568425028,0.18337034192960017,2218.047655980444
2500,922,307,18.4,30.0,5.12,44.8,11800,144,64.8,7700,28700,200,960,76.92,11328.0,27453.04,38.58,44.8,5.12,2.91,1.63,208.33,0.4126319172,0.9930801735589064,11249.612206075291
4500,922,307,18.4,30.0,5.12,44.8,11800,144,64.8,7700,28700,200,960,76.92,11328.0,9036.52,69.44,44.8,5.12,2.91,1.63,208.33,1.253580255,0.7106665624753422,8050.4308197206765
6000,922,307,18.4,30.0,5.12,44.8,11800,144,64.8,7700,28700,200,960,76.92,11328.0,5417.43,92.59,44.8,5.12,2.91,1.63,208.33,2.091028636,0.39532183285936084,4478.20572263084
8000,922,307,18.4,30.0,5.12,44.8,11800,144,64.8,7700,28700,200,960,76.92,11328.0,3355.76,123.46,44.8,5.12,2.91,1.63,208.33,3.375687487,0.25714639738657985,2912.9543895951765
9000,922,307,18.4,30.0,5.12,44.8,11800,144,64.8,7700,28700,200,960,76.92,11328.0,2789.07,138.89,44.8,5.12,2.91,1.63,208.33,4.061574099,0.2119015543152199,2400.420807282811
10000,922,307,18.4,30.0,5.12,44.8,11800,144,64.8,7700,28700,200,960,76.92,11328.0,2377.54,154.32,44.8,5.12,2.91,1.63,208.33,4.764592532,0.18137902207157877,2054.6615620268444
2500,919,305,17.3,27.9,5.47,47.7,10900,133,64.3,6290,26500,200,960,76.92,10464.0,25262.47,38.88,47.7,5.47,2.92,1.61,208.33,0.414211265,1.0338244708497515,10817.9392629718
4500,919,305,17.3,27.9,5.47,47.7,10900,133,64.3,6290,26500,200,960,76.92,10464.0,8260.54,69.98,47.7,5.47,2.92,1.61,208.33,1.266745489,0.7230780574317459,7566.288792965789
6000,919,305,17.3,27.9,5.47,47.7,10900,133,64.3,6290,26500,200,960,76.92,10464.0,4923.37,93.31,47.7,5.47,2.92,1.61,208.33,2.125371445,0.4212510025759737,4407.970490954989
8000,919,305,17.3,27.9,5.47,47.7,10900,133,64.3,6290,26500,200,960,76.92,10464.0,3026.5,124.42,47.7,5.47,2.92,1.61,208.33,3.457455467,0.2531066218657701,2648.5076912034183
9000,919,305,17.3,27.9,5.47,47.7,10900,133,64.3,6290,26500,200,960,76.92,10464.0,2506.63,139.97,47.7,5.47,2.92,1.61,208.33,4.174529857,0.20797222015639696,2176.221311716538
10000,919,305,17.3,27.9,5.47,47.7,10900,133,64.3,6290,26500,200,960,76.92,10464.0,2129.92,155.52,47.7,5.47,2.92,1.61,208.33,4.912849299,0.17781263011731913,1860.6313615476274
2500,914,305,16.5,25.9,5.88,49.9,10200,123,63.5,5160,24200,200,960,76.92,9792.0,23151.4,39.37,49.9,5.88,2.91,1.57,208.33,0.4229550153,1.031359704149039,10099.07422302739
4500,914,305,16.5,25.9,5.88,49.9,10200,123,63.5,5160,24200,200,960,76.92,9792.0,7530.23,70.87,49.9,5.88,2.91,1.57,208.33,1.300358589,0.7426304013278713,7271.8368898025155
6000,914,305,16.5,25.9,5.88,49.9,10200,123,63.5,5160,24200,200,960,76.92,9792.0,4466.71,94.49,49.9,5.88,2.91,1.57,208.33,2.192219784,0.4064264581312823,3979.7278780215165
8000,914,305,16.5,25.9,5.88,49.9,10200,123,63.5,5160,24200,200,960,76.92,9792.0,2728.24,125.98,49.9,5.88,2.91,1.57,208.33,3.58912536,0.2521422818256866,2468.977223637123
9000,914,305,16.5,25.9,5.88,49.9,10200,123,63.5,5160,24200,200,960,76.92,9792.0,2252.85,141.73,49.9,5.88,2.91,1.57,208.33,4.34649596,0.20353051146102247,1992.970768226332
10000,914,305,16.5,25.9,5.88,49.9,10200,123,63.5,5160,24200,200,960,76.92,9792.0,1908.97,157.48,49.9,5.88,2.91,1.57,208.33,5.129480866,0.1698773585929349,1663.4390953420186
2500,912,305,15.9,23.9,6.37,51.9,9520,112,62.7,4200,22100,200,960,76.92,9139.2,21054.92,39.87,51.9,6.37,2.91,1.51,208.33,0.4340647359,1.0272288072403388,9388.049515130906
4500,912,305,15.9,23.9,6.37,51.9,9520,112,62.7,4200,22100,200,960,76.92,9139.2,6812.82,71.77,51.9,6.37,2.91,1.51,208.33,1.341471878,0.7337109876421716,6705.531458259335
6000,912,305,15.9,23.9,6.37,51.9,9520,112,62.7,4200,22100,200,960,76.92,9139.2,4021.87,95.69,51.9,6.37,2.91,1.51,208.33,2.272375888,0.406817674322865,3717.988089171528
8000,912,305,15.9,23.9,6.37,51.9,9520,112,62.7,4200,22100,200,960,76.92,9139.2,2440.47,127.59,51.9,6.37,2.91,1.51,208.33,3.744844998,0.2332173063549412,2131.419606239079
9000,912,305,15.9,23.9,6.37,51.9,9520,112,62.7,4200,22100,200,960,76.92,9139.2,2008.94,143.54,51.9,6.37,2.91,1.51,208.33,4.549260494,0.1996075786980454,1824.2535832371768
10000,912,305,15.9,23.9,6.37,51.9,9520,112,62.7,4200,22100,200,960,76.92,9139.2,1697.29,159.49,51.9,6.37,2.91,1.51,208.33,5.384567952,0.15011226143048462,1371.9059796654851
2500,904,305,15.2,20.2,7.56,54.1,8340,94,60.5,2910,18300,200,960,76.92,8006.4,17461.02,41.32,54.1,7.56,2.9,1.33,208.33,0.4585298029,1.0059414013838233,8053.969236039442
4500,904,305,15.2,20.2,7.56,54.1,8340,94,60.5,2910,18300,200,960,76.92,8006.4,5609.75,74.38,54.1,7.56,2.9,1.33,208.33,1.42723027,0.621082137397533,4972.6320248596085
6000,904,305,15.2,20.2,7.56,54.1,8340,94,60.5,2910,18300,200,960,76.92,8006.4,3289.46,99.17,54.1,7.56,2.9,1.33,208.33,2.433958427,0.36084589045240784,2889.076537318158
8000,904,305,15.2,20.2,7.56,54.1,8340,94,60.5,2910,18300,200,960,76.92,8006.4,1977.21,132.23,54.1,7.56,2.9,1.33,208.33,4.049334718,0.21898978848936262,1753.319842561233
9000,904,305,15.2,20.2,7.56,54.1,8340,94,60.5,2910,18300,200,960,76.92,8006.4,1620.09,148.76,54.1,7.56,2.9,1.33,208.33,4.941941552,0.17998942353002104,1441.0673205507603
10000,904,305,15.2,20.2,7.56,54.1,8340,94,60.5,2910,18300,200,960,76.92,8006.4,1362.74,165.29,54.1,7.56,2.9,1.33,208.33,5.875223612,0.14450325795908536,1156.950884523621
4000,914,411,32.0,57.9,3.55,23.7,25600,674,95.8,61600,123000,200,960,76.92,24576.0,53305.99,41.75,23.7,3.55,2.08,1.81,208.33,0.4610363576,0.9854084203039803,24217.39733739062
4500,914,411,32.0,57.9,3.55,23.7,25600,674,95.8,61600,123000,200,960,76.92,24576.0,43429.02,46.97,23.7,3.55,2.08,1.81,208.33,0.5658889411,0.9529787666665418,23420.406169596932
6000,914,411,32.0,57.9,3.55,23.7,25600,674,95.8,61600,123000,200,960,76.92,24576.0,26985.99,62.63,23.7,3.55,2.08,1.81,208.33,0.9106948469,0.8205086213291793,20164.81987778591
8000,914,411,32.0,57.9,3.55,23.7,25600,674,95.8,61600,123000,200,960,76.92,24576.0,17446.38,83.51,23.7,3.55,2.08,1.81,208.33,1.40865899,0.6907577758398731,16976.063099040723
9000,914,411,32.0,57.9,3.55,23.7,25600,674,95.8,61600,123000,200,960,76.92,24576.0,14766.59,93.95,23.7,3.55,2.08,1.81,208.33,1.664297061,0.5918064763313706,14544.235962319764
12000,914,411,32.0,57.9,3.55,23.7,25600,674,95.8,61600,123000,200,960,76.92,24576.0,10092.68,125.26,23.7,3.55,2.08,1.81,208.33,2.435032379,0.3611457152557645,8875.517098125669
3800,904,409,29.5,53.1,3.85,25.7,23300,608,95.0,47900,110000,200,960,76.92,22368.0,51674.4,40.0,25.7,3.85,2.08,1.8,208.33,0.4328642313,0.9858254450074924,22050.943553927587
4500,904,409,29.5,53.1,3.85,25.7,23300,608,95.0,47900,110000,200,960,76.92,22368.0,38279.5,47.37,25.7,3.85,2.08,1.8,208.33,0.5843336859,0.9397047758631744,21019.316426507485
6000,904,409,29.5,53.1,3.85,25.7,23300,608,95.0,47900,110000,200,960,76.92,22368.0,23576.7,63.16,25.7,3.85,2.08,1.8,208.33,0.9487333101,0.7878614228950955,17622.884307317498
8000,904,409,29.5,53.1,3.85,25.7,23300,608,95.0,47900,110000,200,960,76.92,22368.0,15091.52,84.21,25.7,3.85,2.08,1.8,208.33,1.482156725,0.6812735991181608,15238.72786507502
9000,904,409,29.5,53.1,3.85,25.7,23300,608,95.0,47900,110000,200,960,76.92,22368.0,12721.98,94.74,25.7,3.85,2.08,1.8,208.33,1.758217412,0.5467500598831052,12229.705339465298
12000,904,409,29.5,53.1,3.85,25.7,23300,608,95.0,47900,110000,200,960,76.92,22368.0,8617.77,126.32,25.7,3.85,2.08,1.8,208.33,2.595565951,0.3466017420810172,7752.787766868192
4000,894,406,26.4,48.0,4.23,28.7,20800,537,94.2,35100,95900,200,960,76.92,19968.0,40645.8,42.46,28.7,4.23,2.08,1.82,208.33,0.4912684149,0.9879734787680542,19727.854424040506
4500,894,406,26.4,48.0,4.23,28.7,20800,537,94.2,35100,95900,200,960,76.92,19968.0,32898.18,47.77,28.7,4.23,2.08,1.82,208.33,0.6069636722,0.936116325883336,18692.370795238454
6000,894,406,26.4,48.0,4.23,28.7,20800,537,94.2,35100,95900,200,960,76.92,19968.0,20053.22,63.69,28.7,4.23,2.08,1.82,208.33,0.9957504435,0.7794260131460318,15563.578630499962
8000,894,406,26.4,48.0,4.23,28.7,20800,537,94.2,35100,95900,200,960,76.92,19968.0,12681.15,84.93,28.7,4.23,2.08,1.82,208.33,1.574620917,0.6190957454808573,12362.10384576176
9000,894,406,26.4,48.0,4.23,28.7,20800,537,94.2,35100,95900,200,960,76.92,19968.0,10635.78,95.54,28.7,4.23,2.08,1.82,208.33,1.877436406,0.4670293129332912,9325.64132065196
12000,894,406,26.4,48.0,4.23,28.7,20800,537,94.2,35100,95900,200,960,76.92,19968.0,7121.37,127.39,28.7,4.23,2.08,1.82,208.33,2.803956613,0.28360378335587555,5663.000346050123
3800,884,404,24.4,43.9,4.6,31.0,19000,483,93.5,27100,85700,200,960,76.92,18240.0,39542.3,40.64,31.0,4.6,2.08,1.8,208.33,0.4612781393,0.985193429138236,17969.928147481427
4500,884,404,24.4,43.9,4.6,31.0,19000,483,93.5,27100,85700,200,960,76.92,18240.0,29041.36,48.13,31.0,4.6,2.08,1.8,208.33,0.6280698058,0.9316819240688695,16993.87829501618
6000,884,404,24.4,43.9,4.6,31.0,19000,483,93.5,27100,85700,200,960,76.92,18240.0,17558.67,64.17,31.0,4.6,2.08,1.8,208.33,1.038802818,0.7709104882639708,14061.407305934827
8000,884,404,24.4,43.9,4.6,31.0,19000,483,93.5,27100,85700,200,960,76.92,18240.0,10993.9,85.56,31.0,4.6,2.08,1.8,208.33,1.659102027,0.6015170882688887,10971.67169002453
9000,884,404,24.4,43.9,4.6,31.0,19000,483,93.5,27100,85700,200,960,76.92,18240.0,9181.14,96.26,31.0,4.6,2.08,1.8,208.33,1.986680951,0.4280595289121121,7807.805807356925
12000,884,404,24.4,43.9,4.6,31.0,19000,483,93.5,27100,85700,200,960,76.92,18240.0,6085.51,128.34,31.0,4.6,2.08,1.8,208.33,2.99728452,0.28229808268254303,5149.1170281295845
3500,876,401,22.1,39.9,5.03,34.3,17000,433,93.0,20300,75500,200,960,76.92,16320.0,40542.18,37.63,34.3,5.03,2.09,1.8,208.33,0.4025436946,0.9903985490795036,16163.304320977499
4500,876,401,22.1,39.9,5.03,34.3,17000,433,93.0,20300,75500,200,960,76.92,16320.0,25420.18,48.39,34.3,5.03,2.09,1.8,208.33,0.6420097306,0.9241879528259447,15082.747390119417
6000,876,401,22.1,39.9,5.03,34.3,17000,433,93.0,20300,75500,200,960,76.92,16320.0,15241.13,64.52,34.3,5.03,2.09,1.8,208.33,1.070786783,0.776381724827042,12670.549749177326
8000,876,401,22.1,39.9,5.03,34.3,17000,433,93.0,20300,75500,200,960,76.92,16320.0,9442.24,86.02,34.3,5.03,2.09,1.8,208.33,1.728404258,0.5230760656329656,8536.601391129998
9000,876,401,22.1,39.9,5.03,34.3,17000,433,93.0,20300,75500,200,960,76.92,16320.0,7848.2,96.77,34.3,5.03,2.09,1.8,208.33,2.07945901,0.3916872860522719,6392.336508373077
12000,876,401,22.1,39.9,5.03,34.3,17000,433,93.0,20300,75500,200,960,76.92,16320.0,5142.71,129.03,34.3,5.03,2.09,1.8,208.33,3.173421043,0.27024812884703103,4410.449462783547
3500,869,404,21.1,35.7,5.66,35.9,15400,388,91.9,15100,67400,200,960,76.92,14784.0,35915.07,38.08,35.9,5.66,2.06,1.69,208.33,0.4116378445,0.9986151521192658,14763.526408931226
4500,869,404,21.1,35.7,5.66,35.9,15400,388,91.9,15100,67400,200,960,76.92,14784.0,22401.34,48.97,35.9,5.66,2.06,1.69,208.33,0.659960469,0.9185455014550629,13579.776693511649
6000,869,404,21.1,35.7,5.66,35.9,15400,388,91.9,15100,67400,200,960,76.92,14784.0,13316.61,65.29,35.9,5.66,2.06,1.69,208.33,1.11019257,0.7758319175126879,11469.899068507577
8000,869,404,21.1,35.7,5.66,35.9,15400,388,91.9,15100,67400,200,960,76.92,14784.0,8157.52,87.05,35.9,5.66,2.06,1.69,208.33,1.812316454,0.46010322615963545,6802.16609554405
9000,869,404,21.1,35.7,5.66,35.9,15400,388,91.9,15100,67400,200,960,76.92,14784.0,6745.33,97.93,35.9,5.66,2.06,1.69,208.33,2.191740149,0.37945521923497294,5609.86596116984
12000,869,404,21.1,35.7,5.66,35.9,15400,388,91.9,15100,67400,200,960,76.92,14784.0,4362.86,130.58,35.9,5.66,2.06,1.69,208.33,3.388601771,0.24992856141623473,3694.9438519776145
3500,861,401,19.7,32.3,6.2,38.5,14000,350,91.2,11600,60200,200,960,76.92,13440.0,32019.0,38.38,38.5,6.2,2.07,1.64,208.33,0.4197507259,1.0012623096749016,13456.965442030678
4500,861,401,19.7,32.3,6.2,38.5,14000,350,91.2,11600,60200,200,960,76.92,13440.0,19895.17,49.34,38.5,6.2,2.07,1.64,208.33,0.6755409002,0.8920577891377856,11989.256686011839
6000,861,401,19.7,32.3,6.2,38.5,14000,350,91.2,11600,60200,200,960,76.92,13440.0,11751.43,65.79,38.5,6.2,2.07,1.64,208.33,1.143691064,0.7763365336976578,10433.96301289652
8000,861,401,19.7,32.3,6.2,38.5,14000,350,91.2,11600,60200,200,960,76.92,13440.0,7136.27,87.72,38.5,6.2,2.07,1.64,208.33,1.883336232,0.45382893229803395,6099.460850085577
9000,861,401,19.7,32.3,6.2,38.5,14000,350,91.2,11600,60200,200,960,76.92,13440.0,5876.59,98.68,38.5,6.2,2.07,1.64,208.33,2.287042315,0.36787596979202336,4944.253034004794
12000,861,401,19.7,32.3,6.2,38.5,14000,350,91.2,11600,60200,200,960,76.92,13440.0,3760.46,131.58,38.5,6.2,2.07,1.64,208.33,3.574031628,0.24406652623365352,3280.254112580303
3500,856,399,18.2,29.1,6.85,41.7,12700,312,90.4,8660,53200,200,960,76.92,12192.0,28232.59,38.72,41.7,6.85,2.07,1.6,208.33,0.4318413795,0.9967417608617236,12152.275548426134
4500,856,399,18.2,29.1,6.85,41.7,12700,312,90.4,8660,53200,200,960,76.92,12192.0,17476.46,49.78,41.7,6.85,2.07,1.6,208.33,0.6976239548,0.8610667567837084,10498.125898706972
6000,856,399,18.2,29.1,6.85,41.7,12700,312,90.4,8660,53200,200,960,76.92,12192.0,10256.47,66.37,41.7,6.85,2.07,1.6,208.33,1.18871345,0.7144307599936565,8710.339825842659
8000,856,399,18.2,29.1,6.85,41.7,12700,312,90.4,8660,53200,200,960,76.92,12192.0,6172.3,88.5,41.7,6.85,2.07,1.6,208.33,1.975278067,0.428804504553089,5227.984519511261
9000,856,399,18.2,29.1,6.85,41.7,12700,312,90.4,8660,53200,200,960,76.92,12192.0,5060.45,99.56,41.7,6.85,2.07,1.6,208.33,2.409271807,0.3618983019411278,4412.26409726623
12000,856,399,18.2,29.1,6.85,41.7,12700,312,90.4,8660,53200,200,960,76.92,12192.0,3200.25,132.74,41.7,6.85,2.07,1.6,208.33,3.809698388,0.2369331525968377,2888.6889964606453
2600,859,292,17.0,31.0,4.71,44.7,10300,129,63.5,7370,22100,200,960,76.92,9888.0,21302.57,40.94,44.7,4.71,2.84,1.82,208.33,0.4641692681,0.9793580824979542,9683.892719739772
4500,859,292,17.0,31.0,4.71,44.7,10300,129,63.5,7370,22100,200,960,76.92,9888.0,7663.0,70.87,44.7,4.71,2.84,1.82,208.33,1.290356451,0.7171155321148313,7090.838381551452
6000,859,292,17.0,31.0,4.71,44.7,10300,129,63.5,7370,22100,200,960,76.92,9888.0,4646.56,94.49,44.7,4.71,2.84,1.82,208.33,2.128024896,0.382193278155599,3779.127134402563
8000,859,292,17.0,31.0,4.71,44.7,10300,129,63.5,7370,22100,200,960,76.92,9888.0,2919.74,125.98,44.7,4.71,2.84,1.82,208.33,3.386602039,0.25793683100520304,2550.479384979448
9000,859,292,17.0,31.0,4.71,44.7,10300,129,63.5,7370,22100,200,960,76.92,9888.0,2442.12,141.73,44.7,4.71,2.84,1.82,208.33,4.048943154,0.2092668935629574,2069.231043550523
12000,859,292,17.0,31.0,4.71,44.7,10300,129,63.5,7370,22100,200,960,76.92,9888.0,1624.71,188.98,44.7,4.71,2.84,1.82,208.33,6.085991754,0.1317597640770247,1302.84054719362
2500,851,295,16.1,26.9,5.48,47.2,9160,114,62.7,5160,19300,200,960,76.92,8793.6,20028.71,39.87,47.2,5.48,2.79,1.67,208.33,0.439049846,1.022058263629897,8987.571547055863
4500,851,295,16.1,26.9,5.48,47.2,9160,114,62.7,5160,19300,200,960,76.92,8793.6,6591.4,71.77,47.2,5.48,2.79,1.67,208.33,1.334101932,0.7353976074756491,6466.792401097868
6000,851,295,16.1,26.9,5.48,47.2,9160,114,62.7,5160,19300,200,960,76.92,8793.6,3950.89,95.69,47.2,5.48,2.79,1.67,208.33,2.225725703,0.4130137792850438,3631.8779695209614
8000,851,295,16.1,26.9,5.48,47.2,9160,114,62.7,5160,19300,200,960,76.92,8793.6,2446.79,127.59,47.2,5.48,2.79,1.67,208.33,3.593936973,0.24205254016824485,2128.513217223478
9000,851,295,16.1,26.9,5.48,47.2,9160,114,62.7,5160,19300,200,960,76.92,8793.6,2033.39,143.54,47.2,5.48,2.79,1.67,208.33,4.32460364,0.21035686790515243,1849.7941536107485
12000,851,295,16.1,26.9,5.48,47.2,9160,114,62.7,5160,19300,200,960,76.92,8793.6,1331.89,191.39,47.2,5.48,2.79,1.67,208.33,6.602349268,0.13138734474813252,1155.367754777178
2500,846,292,15.4,24.3,6.01,49.6,8420,102,61.7,4040,17300,200,960,76.92,8083.2,17867.28,40.52,49.6,6.01,2.81,1.58,208.33,0.4524023162,1.0298122243040024,8324.178171494112
4500,846,292,15.4,24.3,6.01,49.6,8420,102,61.7,4040,17300,200,960,76.92,8083.2,5837.53,72.93,49.6,6.01,2.81,1.58,208.33,1.384695904,0.7005827898610413,5662.950807004769
6000,846,292,15.4,24.3,6.01,49.6,8420,102,61.7,4040,17300,200,960,76.92,8083.2,3476.64,97.24,49.6,6.01,2.81,1.58,208.33,2.325003898,0.37926545499594083,3065.678525823189
8000,846,292,15.4,24.3,6.01,49.6,8420,102,61.7,4040,17300,200,960,76.92,8083.2,2135.05,129.66,49.6,6.01,2.81,1.58,208.33,3.785955513,0.23192769010560949,1874.7179046616625
9000,846,292,15.4,24.3,6.01,49.6,8420,102,61.7,4040,17300,200,960,76.92,8083.2,1767.49,145.87,49.6,6.01,2.81,1.58,208.33,4.573258507,0.1818735127445242,1470.1199782165381
12000,846,292,15.4,24.3,6.01,49.6,8420,102,61.7,4040,17300,200,960,76.92,8083.2,1146.6,194.49,49.6,6.01,2.81,1.58,208.33,7.04970116,0.12305367514352437,994.6674669201362
2500,841,292,14.7,21.7,6.73,51.7,7650,91,60.7,3070,15200,200,960,76.92,7344.0,15735.34,41.19,51.7,6.73,2.81,1.48,208.33,0.4667201733,1.0193391363984214,7486.0266177100075
4500,841,292,14.7,21.7,6.73,51.7,7650,91,60.7,3070,15200,200,960,76.92,7344.0,5105.25,74.14,51.7,6.73,2.81,1.48,208.33,1.438518797,0.6893191432903804,5062.359788324553
6000,841,292,14.7,21.7,6.73,51.7,7650,91,60.7,3070,15200,200,960,76.92,7344.0,3021.33,98.85,51.7,6.73,2.81,1.48,208.33,2.430716015,0.3754889132647115,2757.5905790160414
8000,841,292,14.7,21.7,6.73,51.7,7650,91,60.7,3070,15200,200,960,76.92,7344.0,1839.64,131.8,51.7,6.73,2.81,1.48,208.33,3.992076911,0.2308723316538097,1695.5264036655783
9000,841,292,14.7,21.7,6.73,51.7,7650,91,60.7,3070,15200,200,960,76.92,7344.0,1516.84,148.27,51.7,6.73,2.81,1.48,208.33,4.841654106,0.18162580894513725,1333.859940893088
12000,841,292,14.7,21.7,6.73,51.7,7650,91,60.7,3070,15200,200,960,76.92,7344.0,973.87,197.69,51.7,6.73,2.81,1.48,208.33,7.541032098,0.1225085647035581,899.7028991829307
2400,836,292,14.0,18.8,7.76,54.5,6800,78,58.9,2210,13000,200,960,76.92,6528.0,14547.02,40.75,54.5,7.76,2.8,1.34,208.33,0.448751758,1.003953758744876,6553.81013708655
4500,836,292,14.0,18.8,7.76,54.5,6800,78,58.9,2210,13000,200,960,76.92,6528.0,4324.89,76.4,54.5,7.76,2.8,1.34,208.33,1.509401928,0.5582381379826535,3644.1785647507622
6000,836,292,14.0,18.8,7.76,54.5,6800,78,58.9,2210,13000,200,960,76.92,6528.0,2542.2,101.87,54.5,7.76,2.8,1.34,208.33,2.567859527,0.3480092153643634,2271.8041578985644
8000,836,292,14.0,18.8,7.76,54.5,6800,78,58.9,2210,13000,200,960,76.92,6528.0,1533.34,135.82,54.5,7.76,2.8,1.34,208.33,4.257379669,0.20530776187057756,1340.2490694911303
9000,836,292,14.0,18.8,7.76,54.5,6800,78,58.9,2210,13000,200,960,76.92,6528.0,1258.52,152.8,54.5,7.76,2.8,1.34,208.33,5.187030302,0.17697754735967336,1155.3094291639477
10000,836,292,14.0,18.8,7.76,54.5,6800,78,58.9,2210,13000,200,960,76.92,6528.0,1060.33,169.78,54.5,7.76,2.8,1.34,208.33,6.156546788,0.145971098047375,952.899328053264
4000,843,396,34.5,62.1,3.19,19.7,23800,645,93.2,72000,98300,200,960,76.92,22848.0,49116.07,42.92,19.7,3.19,1.97,1.8,208.33,0.4651837692,0.9897339140700064,22613.440468671506
4500,843,396,34.5,62.1,3.19,19.7,23800,645,93.2,72000,98300,200,960,76.92,22848.0,40391.35,48.28,19.7,3.19,1.97,1.8,208.33,0.5656656969,0.9374475406773848,21418.80140939689
6000,843,396,34.5,62.1,3.19,19.7,23800,645,93.2,72000,98300,200,960,76.92,22848.0,25753.95,64.38,19.7,3.19,1.97,1.8,208.33,0.8871649206,0.7951937946877182,18168.587821024987
8000,843,396,34.5,62.1,3.19,19.7,23800,645,93.2,72000,98300,200,960,76.92,22848.0,17105.07,85.84,19.7,3.19,1.97,1.8,208.33,1.335744077,0.7101585317786214,16225.702134077943
9000,843,396,34.5,62.1,3.19,19.7,23800,645,93.2,72000,98300,200,960,76.92,22848.0,14629.19,96.57,19.7,3.19,1.97,1.8,208.33,1.561809272,0.6171401570086136,14100.418307332802
12000,843,396,34.5,62.1,3.19,19.7,23800,645,93.2,72000,98300,200,960,76.92,22848.0,10221.57,128.76,19.7,3.19,1.97,1.8,208.33,2.235273583,0.3931716918115089,8983.186814509356
4000,833,394,31.5,57.1,3.45,21.6,21600,579,92.5,55800,87000,200,960,76.92,20736.0,42917.23,43.24,21.6,3.45,1.97,1.81,208.33,0.4831625717,0.9890890440377232,20509.75041716623
4500,833,394,31.5,57.1,3.45,21.6,21600,579,92.5,55800,87000,200,960,76.92,20736.0,35172.94,48.65,21.6,3.45,1.97,1.81,208.33,0.589544159,0.932932384903442,19345.285933357773
6000,833,394,31.5,57.1,3.45,21.6,21600,579,92.5,55800,87000,200,960,76.92,20736.0,22220.43,64.86,21.6,3.45,1.97,1.81,208.33,0.9331950694,0.7874479524184314,16328.520741348593
8000,833,394,31.5,57.1,3.45,21.6,21600,579,92.5,55800,87000,200,960,76.92,20736.0,14621.03,86.49,21.6,3.45,1.97,1.81,208.33,1.418231521,0.6710170056599661,13914.208629365057
9000,833,394,31.5,57.1,3.45,21.6,21600,579,92.5,55800,87000,200,960,76.92,20736.0,12460.81,97.3,21.6,3.45,1.97,1.81,208.33,1.66409789,0.5751255180928223,11925.802743172764
12000,833,394,31.5,57.1,3.45,21.6,21600,579,92.5,55800,87000,200,960,76.92,20736.0,8643.29,129.73,21.6,3.45,1.97,1.81,208.33,2.399085838,0.34975494031573545,7252.5184423870905
3700,823,391,29.0,52.1,3.75,23.4,19500,516,91.4,42900,77100,200,960,76.92,18720.0,42903.81,40.48,23.4,3.75,1.97,1.8,208.33,0.4363248793,0.986149652535835,18460.721495470832
4500,823,391,29.0,52.1,3.75,23.4,19500,516,91.4,42900,77100,200,960,76.92,18720.0,30554.41,49.23,23.4,3.75,1.97,1.8,208.33,0.6126774524,0.9079843671179753,16997.467352448497
6000,823,391,29.0,52.1,3.75,23.4,19500,516,91.4,42900,77100,200,960,76.92,18720.0,19117.72,65.65,23.4,3.75,1.97,1.8,208.33,0.9791960904,0.78737607110376,14739.680051062387
8000,823,391,29.0,52.1,3.75,23.4,19500,516,91.4,42900,77100,200,960,76.92,18720.0,12452.84,87.53,23.4,3.75,1.97,1.8,208.33,1.503271047,0.6398005425880575,11977.066157248437
9000,823,391,29.0,52.1,3.75,23.4,19500,516,91.4,42900,77100,200,960,76.92,18720.0,10571.53,98.47,23.4,3.75,1.97,1.8,208.33,1.770793905,0.5383064169106674,10077.096124567694
12000,823,391,29.0,52.1,3.75,23.4,19500,516,91.4,42900,77100,200,960,76.92,18720.0,7272.24,131.29,23.4,3.75,1.97,1.8,208.33,2.574171655,0.3375409707073739,6318.766971642039
3500,813,389,25.9,47.2,4.12,26.2,17400,458,90.9,31300,67100,200,960,76.92,16704.0,40918.29,38.5,26.2,4.12,1.97,1.82,208.33,0.4082281568,0.9862956527225808,16475.08258307799
4500,813,389,25.9,47.2,4.12,26.2,17400,458,90.9,31300,67100,200,960,76.92,16704.0,26183.74,49.5,26.2,4.12,1.97,1.82,208.33,0.6379530621,0.9019459197301587,15066.104643172572
6000,813,389,25.9,47.2,4.12,26.2,17400,458,90.9,31300,67100,200,960,76.92,16704.0,16196.31,66.01,26.2,4.12,1.97,1.82,208.33,1.031346234,0.7746323337563925,12939.45850306678
8000,813,389,25.9,47.2,4.12,26.2,17400,458,90.9,31300,67100,200,960,76.92,16704.0,10418.01,88.01,26.2,4.12,1.97,1.82,208.33,1.603376888,0.6188213287042716,10336.791474676154
9000,813,389,25.9,47.2,4.12,26.2,17400,458,90.9,31300,67100,200,960,76.92,16704.0,8799.81,99.01,26.2,4.12,1.97,1.82,208.33,1.898223336,0.44167392227250174,7377.721197639869
12000,813,389,25.9,47.2,4.12,26.2,17400,458,90.9,31300,67100,200,960,76.92,16704.0,5987.52,132.01,26.2,4.12,1.97,1.82,208.33,2.789802752,0.31286180682698456,5226.04362123795
3500,803,386,23.6,42.0,4.59,28.7,15500,399,89.7,22500,57700,200,960,76.92,14880.0,34882.81,39.02,28.7,4.59,1.97,1.78,208.33,0.426571099,0.9911157681445637,14747.802629991107
4500,803,386,23.6,42.0,4.59,28.7,15500,399,89.7,22500,57700,200,960,76.92,14880.0,22156.95,50.17,28.7,4.59,1.97,1.78,208.33,0.671572725,0.9051816802391139,13469.103401958015
6000,803,386,23.6,42.0,4.59,28.7,15500,399,89.7,22500,57700,200,960,76.92,14880.0,13555.9,66.89,28.7,4.59,1.97,1.78,208.33,1.097677056,0.7628111437943931,11350.62981966057
8000,803,386,23.6,42.0,4.59,28.7,15500,399,89.7,22500,57700,200,960,76.92,14880.0,8610.16,89.19,28.7,4.59,1.97,1.78,208.33,1.728190316,0.5279267372478474,7855.5498502479695
9000,803,386,23.6,42.0,4.59,28.7,15500,399,89.7,22500,57700,200,960,76.92,14880.0,7234.87,100.33,28.7,4.59,1.97,1.78,208.33,2.056705829,0.4051628708833997,6028.823518744987
12000,803,386,23.6,42.0,4.59,28.7,15500,399,89.7,22500,57700,200,960,76.92,14880.0,4865.08,133.78,28.7,4.59,1.97,1.78,208.33,3.058530389,0.27839374928176575,4142.498989312674
3500,795,384,21.1,38.2,5.02,32.2,13900,356,89.2,16800,51000,200,960,76.92,13344.0,30597.88,39.24,32.2,5.02,1.97,1.81,208.33,0.436108682,0.9923806441563126,13242.327315621835
4500,795,384,21.1,38.2,5.02,32.2,13900,356,89.2,16800,51000,200,960,76.92,13344.0,19313.67,50.45,32.2,5.02,1.97,1.81,208.33,0.6909097707,0.8985305824582687,11989.992092323137
6000,795,384,21.1,38.2,5.02,32.2,13900,356,89.2,16800,51000,200,960,76.92,13344.0,11703.18,67.26,32.2,5.02,1.97,1.81,208.33,1.140202578,0.7630085058556382,10181.585502137636
8000,795,384,21.1,38.2,5.02,32.2,13900,356,89.2,16800,51000,200,960,76.92,13344.0,7347.78,89.69,32.2,5.02,1.97,1.81,208.33,1.81605944,0.5099725155539382,6805.073247551752
9000,795,384,21.1,38.2,5.02,32.2,13900,356,89.2,16800,51000,200,960,76.92,13344.0,6143.58,100.9,32.2,5.02,1.97,1.81,208.33,2.172022455,0.3986450180577685,5319.519120962863
12000,795,384,21.1,38.2,5.02,32.2,13900,356,89.2,16800,51000,200,960,76.92,13344.0,4083.77,134.53,32.2,5.02,1.97,1.81,208.33,3.267570612,0.2593898518202037,3461.298182688798
3500,785,384,19.7,33.4,5.74,34.5,12300,315,88.6,11800,44600,200,960,76.92,11808.0,26553.21,39.5,34.5,5.74,1.96,1.7,208.33,0.4446920342,0.9948271043161332,11746.918447764901
4500,785,384,19.7,33.4,5.74,34.5,12300,315,88.6,11800,44600,200,960,76.92,11808.0,16640.83,50.79,34.5,5.74,1.96,1.7,208.33,0.7095798275,0.9119596098452317,10768.419073052497
6000,785,384,19.7,33.4,5.74,34.5,12300,315,88.6,11800,44600,200,960,76.92,11808.0,9969.4,67.72,34.5,5.74,1.96,1.7,208.33,1.18442399,0.7608270700774721,8983.84604347479
8000,785,384,19.7,33.4,5.74,34.5,12300,315,88.6,11800,44600,200,960,76.92,11808.0,6169.95,90.29,34.5,5.74,1.96,1.7,208.33,1.913792181,0.5047025812489744,5959.528079387889
9000,785,384,19.7,33.4,5.74,34.5,12300,315,88.6,11800,44600,200,960,76.92,11808.0,5125.96,101.58,34.5,5.74,1.96,1.7,208.33,2.30357045,0.4104693033623713,4846.821534102881
12000,785,384,19.7,33.4,5.74,34.5,12300,315,88.6,11800,44600,200,960,76.92,11808.0,3355.05,135.44,34.5,5.74,1.96,1.7,208.33,3.519470546,0.25957248707979985,3065.031927438277
3500,780,381,18.0,30.0,6.35,37.7,11100,280,87.9,8740,39200,200,960,76.92,10656.0,23262.27,39.82,37.7,6.35,1.97,1.67,208.33,0.4580808548,0.989432479919555,10543.392506022778
4500,780,381,18.0,30.0,6.35,37.7,11100,280,87.9,8740,39200,200,960,76.92,10656.0,14507.53,51.19,37.7,6.35,1.97,1.67,208.33,0.7345151225,0.9046309562627279,9639.747469935628
6000,780,381,18.0,30.0,6.35,37.7,11100,280,87.9,8740,39200,200,960,76.92,10656.0,8622.24,68.26,37.7,6.35,1.97,1.67,208.33,1.235873385,0.7218378109570824,7691.9037135586705
8000,780,381,18.0,30.0,6.35,37.7,11100,280,87.9,8740,39200,200,960,76.92,10656.0,5280.32,91.01,37.7,6.35,1.97,1.67,208.33,2.018061373,0.4206689562989981,4482.648398322123
9000,780,381,18.0,30.0,6.35,37.7,11100,280,87.9,8740,39200,200,960,76.92,10656.0,4365.63,102.39,37.7,6.35,1.97,1.67,208.33,2.440887137,0.37793181533594095,4027.2414242197865
12000,780,381,18.0,30.0,6.35,37.7,11100,280,87.9,8740,39200,200,960,76.92,10656.0,2822.71,136.52,37.7,6.35,1.97,1.67,208.33,3.775099807,0.23310289576005888,2483.9444572191874
3500,772,381,16.6,27.1,7.04,40.8,9950,249,86.9,6490,34600,200,960,76.92,9552.0,20451.58,40.28,40.8,7.04,1.96,1.63,208.33,0.467054445,0.98672974697678,9425.242543122202
4500,772,381,16.6,27.1,7.04,40.8,9950,249,86.9,6490,34600,200,960,76.92,9552.0,12699.61,51.78,40.8,7.04,1.96,1.63,208.33,0.7521491099,0.860965243776064,8223.940008548963
6000,772,381,16.6,27.1,7.04,40.8,9950,249,86.9,6490,34600,200,960,76.92,9552.0,7493.16,69.04,40.8,7.04,1.96,1.63,208.33,1.274762653,0.6879663576366093,6571.454648144892
8000,772,381,16.6,27.1,7.04,40.8,9950,249,86.9,6490,34600,200,960,76.92,9552.0,4543.56,92.06,40.8,7.04,1.96,1.63,208.33,2.102315765,0.373123879848528,3564.07930031314
9000,772,381,16.6,27.1,7.04,40.8,9950,249,86.9,6490,34600,200,960,76.92,9552.0,3738.85,103.57,40.8,7.04,1.96,1.63,208.33,2.554797318,0.3440736962383775,3286.5919464689823
12000,772,381,16.6,27.1,7.04,40.8,9950,249,86.9,6490,34600,200,960,76.92,9552.0,2387.97,138.09,40.8,7.04,1.96,1.63,208.33,4.000053042,0.22306694050456946,2130.7354156996475
2200,780,267,16.5,30.1,4.44,41.6,8190,95,57.9,6040,13300,200,960,76.92,7862.4,19735.38,38.0,41.6,4.44,2.81,1.82,208.33,0.3983911427,0.9811356412039627,7714.080865402036
4500,780,267,16.5,30.1,4.44,41.6,8190,95,57.9,6040,13300,200,960,76.92,7862.4,5276.3,77.72,41.6,4.44,2.81,1.82,208.33,1.49013584,0.6032720693393047,4743.166317973349
6000,780,267,16.5,30.1,4.44,41.6,8190,95,57.9,6040,13300,200,960,76.92,7862.4,3258.22,103.63,41.6,4.44,2.81,1.82,208.33,2.41309407,0.35636675394555534,2801.8979662215343
8000,780,267,16.5,30.1,4.44,41.6,8190,95,57.9,6040,13300,200,960,76.92,7862.4,2091.81,138.17,41.6,4.44,2.81,1.82,208.33,3.758651024,0.22610473148292773,1777.725840811371
9000,780,267,16.5,30.1,4.44,41.6,8190,95,57.9,6040,13300,200,960,76.92,7862.4,1765.53,155.44,41.6,4.44,2.81,1.82,208.33,4.453284321,0.18596723561706646,1462.1487933156234
12000,780,267,16.5,30.1,4.44,41.6,8190,95,57.9,6040,13300,200,960,76.92,7862.4,1199.22,207.25,41.6,4.44,2.81,1.82,208.33,6.556238275,0.1358296414944479,1067.946973285947
2200,770,267,15.6,25.3,5.27,43.9,7160,82,57.2,4050,11300,200,960,76.92,6873.6,16762.79,38.46,43.9,5.27,2.79,1.62,208.33,0.4100510815,0.9954640798901677,6842.4218995330575
4500,770,267,15.6,25.3,5.27,43.9,7160,82,57.2,4050,11300,200,960,76.92,6873.6,4391.85,78.67,43.9,5.27,2.79,1.62,208.33,1.565082548,0.5747708165120501,3950.7446843772277
6000,770,267,15.6,25.3,5.27,43.9,7160,82,57.2,4050,11300,200,960,76.92,6873.6,2673.85,104.9,43.9,5.27,2.79,1.62,208.33,2.570675987,0.35731024951157586,2456.007731042768
8000,770,267,15.6,25.3,5.27,43.9,7160,82,57.2,4050,11300,200,960,76.92,6873.6,1688.43,139.86,43.9,5.27,2.79,1.62,208.33,4.070990699,0.21097653847072725,1450.1683348323909
9000,770,267,15.6,25.3,5.27,43.9,7160,82,57.2,4050,11300,200,960,76.92,6873.6,1415.23,157.34,43.9,5.27,2.79,1.62,208.33,4.85687926,0.1751806515092076,1204.1217262136895
12000,770,267,15.6,25.3,5.27,43.9,7160,82,57.2,4050,11300,200,960,76.92,6873.6,946.23,209.79,43.9,5.27,2.79,1.62,208.33,7.264181329,0.12881247073738553,885.4053988604932
2200,767,267,14.9,23.6,5.65,46.2,6690,75,56.6,3330,10400,200,960,76.92,6422.4,15395.9,38.87,46.2,5.65,2.78,1.59,208.33,0.4171499699,1.0381161631396658,6667.197246148189
4500,767,267,14.9,23.6,5.65,46.2,6690,75,56.6,3330,10400,200,960,76.92,6422.4,3999.55,79.51,46.2,5.65,2.78,1.59,208.33,1.605780193,0.5776956203909087,3710.192352398572
6000,767,267,14.9,23.6,5.65,46.2,6690,75,56.6,3330,10400,200,960,76.92,6422.4,2419.8,106.01,46.2,5.65,2.78,1.59,208.33,2.654108618,0.3406957814822491,2188.0845869915966
8000,767,267,14.9,23.6,5.65,46.2,6690,75,56.6,3330,10400,200,960,76.92,6422.4,1516.36,141.34,46.2,5.65,2.78,1.59,208.33,4.23541349,0.20448148894825563,1313.261914621277
9000,767,267,14.9,23.6,5.65,46.2,6690,75,56.6,3330,10400,200,960,76.92,6422.4,1266.79,159.01,46.2,5.65,2.78,1.59,208.33,5.069812249,0.1494614778383893,959.9013952692715
12000,767,267,14.9,23.6,5.65,46.2,6690,75,56.6,3330,10400,200,960,76.92,6422.4,840.4,212.01,46.2,5.65,2.78,1.59,208.33,7.642094193,0.12389476648052007,795.701748244492
2200,762,267,14.4,21.6,6.17,47.8,6190,68,55.6,2680,9370,200,960,76.92,5942.4,13875.45,39.57,47.8,6.17,2.77,1.5,208.33,0.4282670778,1.032678207240534,6136.586978706149
4500,762,267,14.4,21.6,6.17,47.8,6190,68,55.6,2680,9370,200,960,76.92,5942.4,3576.44,80.94,47.8,6.17,2.77,1.5,208.33,1.66153829,0.5898330463382656,3505.0238945605092
6000,762,267,14.4,21.6,6.17,47.8,6190,68,55.6,2680,9370,200,960,76.92,5942.4,2151.0,107.91,47.8,6.17,2.77,1.5,208.33,2.762627154,0.3025996295167116,1798.1680384401068
8000,762,267,14.4,21.6,6.17,47.8,6190,68,55.6,2680,9370,200,960,76.92,5942.4,1337.91,143.88,47.8,6.17,2.77,1.5,208.33,4.441566209,0.1984554975226883,1179.3019484788229
9000,762,267,14.4,21.6,6.17,47.8,6190,68,55.6,2680,9370,200,960,76.92,5942.4,1114.03,161.87,47.8,6.17,2.77,1.5,208.33,5.334133744,0.14846194294085766,882.2202497317525
12000,762,267,14.4,21.6,6.17,47.8,6190,68,55.6,2680,9370,200,960,76.92,5942.4,733.21,215.83,47.8,6.17,2.77,1.5,208.33,8.104663245,0.1241272842211483,737.6139737557517
2200,757,267,13.8,19.4,6.89,49.6,5670,61,54.6,2080,8300,200,960,76.92,5443.2,12282.23,40.29,49.6,6.89,2.76,1.4,208.33,0.4431768826,1.018387429010404,5543.286453589431
4500,757,267,13.8,19.4,6.89,49.6,5670,61,54.6,2080,8300,200,960,76.92,5443.2,3139.45,82.42,49.6,6.89,2.76,1.4,208.33,1.733807136,0.5472666021608548,2978.8815688819645
6000,757,267,13.8,19.4,6.89,49.6,5670,61,54.6,2080,8300,200,960,76.92,5443.2,1875.9,109.89,49.6,6.89,2.76,1.4,208.33,2.901639883,0.2821130112874048,1535.5975430396018
8000,757,267,13.8,19.4,6.89,49.6,5670,61,54.6,2080,8300,200,960,76.92,5443.2,1157.02,146.52,49.6,6.89,2.76,1.4,208.33,4.704481252,0.17909771224809778,974.8646673088458
9000,757,267,13.8,19.4,6.89,49.6,5670,61,54.6,2080,8300,200,960,76.92,5443.2,959.76,164.84,49.6,6.89,2.76,1.4,208.33,5.671441999,0.1443128384358177,785.5236421738429
12000,757,267,13.8,19.4,6.89,49.6,5670,61,54.6,2080,8300,200,960,76.92,5443.2,625.76,219.78,49.6,6.89,2.76,1.4,208.33,8.698604055,0.1220836776535913,664.5258742040281
2200,754,267,13.2,17.1,7.8,51.9,5110,53,53.3,1570,7200,200,960,76.92,4905.6,10679.22,41.28,51.9,7.8,2.76,1.3,208.33,0.4593593016,0.9997537099715992,4904.391799636677
4500,754,267,13.2,17.1,7.8,51.9,5110,53,53.3,1570,7200,200,960,76.92,4905.6,2708.23,84.43,51.9,7.8,2.76,1.3,208.33,1.811367585,0.48501967974556004,2379.3125409598197
6000,754,267,13.2,17.1,7.8,51.9,5110,53,53.3,1570,7200,200,960,76.92,4905.6,1608.0,112.57,51.9,7.8,2.76,1.3,208.33,3.050738544,0.28913071791930695,1418.3596498249522
8000,754,267,13.2,17.1,7.8,51.9,5110,53,53.3,1570,7200,200,960,76.92,4905.6,983.45,150.09,51.9,7.8,2.76,1.3,208.33,4.988131463,0.17829693212981818,874.6534302560361
9000,754,267,13.2,17.1,7.8,51.9,5110,53,53.3,1570,7200,200,960,76.92,4905.6,812.59,168.86,51.9,7.8,2.76,1.3,208.33,6.036977648,0.1457355777255863,714.9204500906361
12000,754,267,13.2,17.1,7.8,51.9,5110,53,53.3,1570,7200,200,960,76.92,4905.6,524.57,225.14,51.9,7.8,2.76,1.3,208.33,9.351671218,0.12034229950712937,590.3511844621738
2200,749,264,11.9,15.5,8.52,57.5,4640,48,53.1,1180,6440,200,960,76.92,4454.4,9544.34,41.43,57.5,8.52,2.78,1.3,208.33,0.4667056929,0.9955974039753017,4434.789076267583
4500,749,264,11.9,15.5,8.52,57.5,4640,48,53.1,1180,6440,200,960,76.92,4454.4,2399.46,84.75,57.5,8.52,2.78,1.3,208.33,1.85641478,0.4844493234887936,2157.9310665484822
6000,749,264,11.9,15.5,8.52,57.5,4640,48,53.1,1180,6440,200,960,76.92,4454.4,1414.45,112.99,57.5,8.52,2.78,1.3,208.33,3.149206041,0.29098881327959336,1296.1805698726205
8000,749,264,11.9,15.5,8.52,57.5,4640,48,53.1,1180,6440,200,960,76.92,4454.4,856.57,150.66,57.5,8.52,2.78,1.3,208.33,5.200295696,0.18036523358971257,803.4188965020156
9000,749,264,11.9,15.5,8.52,57.5,4640,48,53.1,1180,6440,200,960,76.92,4454.4,704.42,169.49,57.5,8.52,2.78,1.3,208.33,6.323478041,0.1469990908700943,654.792750371748
10000,749,264,11.9,15.5,8.52,57.5,4640,48,53.1,1180,6440,200,960,76.92,4454.4,594.6,188.32,57.5,8.52,2.78,1.3,208.33,7.49143985,0.11857408704711682,528.1764133426772
4300,826,389,50.0,90.5,2.15,12.1,31000,878,92.7,206000,119000,200,960,76.92,29760.0,67767.35,46.39,12.1,2.15,1.89,1.81,208.33,0.4391495265,0.9219723098391334,27437.89594081261
6000,826,389,50.0,90.5,2.15,12.1,31000,878,92.7,206000,119000,200,960,76.92,29760.0,42990.92,64.72,12.1,2.15,1.89,1.81,208.33,0.69223917,0.8420814993257468,25060.345419934227
8000,826,389,50.0,90.5,2.15,12.1,31000,878,92.7,206000,119000,200,960,76.92,29760.0,30115.82,86.3,12.1,2.15,1.89,1.81,208.33,0.9881850594,0.7548858013732334,22465.401448867426
9000,826,389,50.0,90.5,2.15,12.1,31000,878,92.7,206000,119000,200,960,76.92,29760.0,26236.0,97.09,12.1,2.15,1.89,1.81,208.33,1.134319086,0.7286455414600458,21684.491313850962
10000,826,389,50.0,90.5,2.15,12.1,31000,878,92.7,206000,119000,200,960,76.92,29760.0,23262.8,107.87,12.1,2.15,1.89,1.81,208.33,1.279295575,0.7300911525884329,21727.512701031763
16000,826,389,50.0,90.5,2.15,12.1,31000,878,92.7,206000,119000,200,960,76.92,29760.0,13955.64,172.6,12.1,2.15,1.89,1.81,208.33,2.132471486,0.4377904995889783,13028.645267767995
3500,772,373,35.1,63.0,2.96,17.3,20300,545,88.4,70800,68500,200,960,76.92,19488.0,49842.44,39.59,17.3,2.96,1.9,1.8,208.33,0.3909920592,0.9863711119391255,19222.400229469677
6000,772,373,35.1,63.0,2.96,17.3,20300,545,88.4,70800,68500,200,960,76.92,19488.0,21723.4,67.87,17.3,2.96,1.9,1.8,208.33,0.8970972289,0.7890660767645367,15377.31970398729
8000,772,373,35.1,63.0,2.96,17.3,20300,545,88.4,70800,68500,200,960,76.92,19488.0,14766.38,90.5,17.3,2.96,1.9,1.8,208.33,1.319754699,0.6979337308575789,13601.332546952499
9000,772,373,35.1,63.0,2.96,17.3,20300,545,88.4,70800,68500,200,960,76.92,19488.0,12734.87,101.81,17.3,2.96,1.9,1.8,208.33,1.530286337,0.6257145924594553,12193.925977849864
10000,772,373,35.1,63.0,2.96,17.3,20300,545,88.4,70800,68500,200,960,76.92,19488.0,11203.03,113.12,17.3,2.96,1.9,1.8,208.33,1.739529523,0.5521253420292281,10759.818665465598
16000,772,373,35.1,63.0,2.96,17.3,20300,545,88.4,70800,68500,200,960,76.92,19488.0,6563.87,181.0,17.3,2.96,1.9,1.8,208.33,2.968978538,0.306774007480815,5978.411857786123
3500,762,371,32.0,58.2,3.19,18.9,18500,491,87.6,54500,60700,200,960,76.92,17760.0,43557.19,39.95,18.9,3.19,1.9,1.82,208.33,0.4077397726,0.9858534923358032,17508.758023883864
6000,762,371,32.0,58.2,3.19,18.9,18500,491,87.6,54500,60700,200,960,76.92,17760.0,18640.27,68.49,18.9,3.19,1.9,1.82,208.33,0.952776009,0.779694775501696,13847.37921291012
8000,762,371,32.0,58.2,3.19,18.9,18500,491,87.6,54500,60700,200,960,76.92,17760.0,12554.05,91.32,18.9,3.19,1.9,1.82,208.33,1.414682753,0.6669450996157872,11844.94496917638
9000,762,371,32.0,58.2,3.19,18.9,18500,491,87.6,54500,60700,200,960,76.92,17760.0,10791.6,102.74,18.9,3.19,1.9,1.82,208.33,1.645724619,0.5938374874402009,10546.553776937968
10000,762,371,32.0,58.2,3.19,18.9,18500,491,87.6,54500,60700,200,960,76.92,17760.0,9468.73,114.16,18.9,3.19,1.9,1.82,208.33,1.875647327,0.49195541272742604,8737.128130039087
16000,762,371,32.0,58.2,3.19,18.9,18500,491,87.6,54500,60700,200,960,76.92,17760.0,5502.59,182.65,18.9,3.19,1.9,1.82,208.33,3.22757231,0.29482785284507607,5236.142666528551
3500,752,366,29.5,52.9,3.46,20.6,16900,437,86.6,42000,53400,200,960,76.92,16224.0,37818.39,40.42,20.6,3.46,1.91,1.79,208.33,0.4289976396,0.9885521716009098,16038.270432053161
6000,752,366,29.5,52.9,3.46,20.6,16900,437,86.6,42000,53400,200,960,76.92,16224.0,15913.78,69.28,20.6,3.46,1.91,1.79,208.33,1.019493477,0.7672515618384455,12447.88933926694
8000,752,366,29.5,52.9,3.46,20.6,16900,437,86.6,42000,53400,200,960,76.92,16224.0,10621.81,92.38,20.6,3.46,1.91,1.79,208.33,1.527423582,0.6144217303715998,9968.378153548834
9000,752,366,29.5,52.9,3.46,20.6,16900,437,86.6,42000,53400,200,960,76.92,16224.0,9100.92,103.93,20.6,3.46,1.91,1.79,208.33,1.782677406,0.5382357005416855,8732.336005588304
10000,752,366,29.5,52.9,3.46,20.6,16900,437,86.6,42000,53400,200,960,76.92,16224.0,7964.26,115.47,20.6,3.46,1.91,1.79,208.33,2.03709992,0.40115383707421315,6508.319852692034
16000,752,366,29.5,52.9,3.46,20.6,16900,437,86.6,42000,53400,200,960,76.92,16224.0,4589.43,184.76,20.6,3.46,1.91,1.79,208.33,3.535079004,0.2619095782485517,4249.2209975045025
3500,744,366,26.9,49.2,3.72,22.5,15300,397,86.1,33100,47800,200,960,76.92,14688.0,33542.45,40.65,22.5,3.72,1.9,1.83,208.33,0.4378929111,0.985506964147078,14475.126289392281
6000,744,366,26.9,49.2,3.72,22.5,15300,397,86.1,33100,47800,200,960,76.92,14688.0,13893.27,69.69,22.5,3.72,1.9,1.83,208.33,1.057202744,0.7649064188577396,11234.94548018248
8000,744,366,26.9,49.2,3.72,22.5,15300,397,86.1,33100,47800,200,960,76.92,14688.0,9191.34,92.92,22.5,3.72,1.9,1.83,208.33,1.598025874,0.6020983556406427,8843.620647649761
9000,744,366,26.9,49.2,3.72,22.5,15300,397,86.1,33100,47800,200,960,76.92,14688.0,7849.4,104.53,22.5,3.72,1.9,1.83,208.33,1.871226274,0.5020232664719687,7373.7177379402765
10000,744,366,26.9,49.2,3.72,22.5,15300,397,86.1,33100,47800,200,960,76.92,14688.0,6850.56,116.14,22.5,3.72,1.9,1.83,208.33,2.144058607,0.3954816768154309,5808.834869065049
16000,744,366,26.9,49.2,3.72,22.5,15300,397,86.1,33100,47800,200,960,76.92,14688.0,3913.01,185.83,22.5,3.72,1.9,1.83,208.33,3.753630523,0.2522933267459287,3705.6843832442005
3500,737,363,24.9,45.0,4.03,24.4,14000,358,85.3,25600,42700,200,960,76.92,13440.0,29599.0,41.03,24.4,4.03,1.91,1.81,208.33,0.4540693681,0.9808339417800775,13182.408177524243
6000,737,363,24.9,45.0,4.03,24.4,14000,358,85.3,25600,42700,200,960,76.92,13440.0,12050.16,70.34,24.4,4.03,1.91,1.81,208.33,1.115337816,0.7642255368048081,10271.191214656621
8000,737,363,24.9,45.0,4.03,24.4,14000,358,85.3,25600,42700,200,960,76.92,13440.0,7891.08,93.79,24.4,4.03,1.91,1.81,208.33,1.703188651,0.5570003696484034,7486.084968074541
9000,737,363,24.9,45.0,4.03,24.4,14000,358,85.3,25600,42700,200,960,76.92,13440.0,6712.83,105.51,24.4,4.03,1.91,1.81,208.33,2.002136271,0.43788360071994364,5885.155593676042
10000,737,363,24.9,45.0,4.03,24.4,14000,358,85.3,25600,42700,200,960,76.92,13440.0,5839.75,117.23,24.4,4.03,1.91,1.81,208.33,2.301469778,0.3849088568976444,5173.175036704341
16000,737,363,24.9,45.0,4.03,24.4,14000,358,85.3,25600,42700,200,960,76.92,13440.0,3299.73,187.57,24.4,4.03,1.91,1.81,208.33,4.07305764,0.23818120180020647,3201.155352194775
3500,729,361,23.1,40.9,4.41,26.2,12700,320,84.6,19600,37900,200,960,76.92,12192.0,25958.11,41.37,26.2,4.41,1.91,1.77,208.33,0.4696797665,0.9884298039321429,12050.936169540686
6000,729,361,23.1,40.9,4.41,26.2,12700,320,84.6,19600,37900,200,960,76.92,12192.0,10390.92,70.92,26.2,4.41,1.91,1.77,208.33,1.173331897,0.769554688327916,9382.410760093951
8000,729,361,23.1,40.9,4.41,26.2,12700,320,84.6,19600,37900,200,960,76.92,12192.0,6733.12,94.56,26.2,4.41,1.91,1.77,208.33,1.810750763,0.5244161725246185,6393.681975420149
9000,729,361,23.1,40.9,4.41,26.2,12700,320,84.6,19600,37900,200,960,76.92,12192.0,5704.12,106.38,26.2,4.41,1.91,1.77,208.33,2.137402521,0.4316501636369905,5262.678795062188
10000,729,361,23.1,40.9,4.41,26.2,12700,320,84.6,19600,37900,200,960,76.92,12192.0,4944.97,118.2,26.2,4.41,1.91,1.77,208.33,2.465536005,0.36469128336321255,4446.316126764287
16000,729,361,23.1,40.9,4.41,26.2,12700,320,84.6,19600,37900,200,960,76.92,12192.0,2760.7,189.13,26.2,4.41,1.91,1.77,208.33,4.416267599,0.2286785037638706,2788.0483178891104
3500,721,358,21.1,38.0,4.71,28.7,11700,293,84.3,15700,34400,200,960,76.92,11232.0,23387.34,41.52,28.7,4.71,1.91,1.8,208.33,0.4802597538,0.987987508262353,11097.07569280275
6000,721,358,21.1,38.0,4.71,28.7,11700,293,84.3,15700,34400,200,960,76.92,11232.0,9235.75,71.17,28.7,4.71,1.91,1.8,208.33,1.216143338,0.7484077495359704,8406.11584278802
8000,721,358,21.1,38.0,4.71,28.7,11700,293,84.3,15700,34400,200,960,76.92,11232.0,5931.54,94.9,28.7,4.71,1.91,1.8,208.33,1.893605443,0.4539211030213883,5098.441829136233
9000,721,358,21.1,38.0,4.71,28.7,11700,293,84.3,15700,34400,200,960,76.92,11232.0,5007.05,106.76,28.7,4.71,1.91,1.8,208.33,2.243238449,0.3818837292673685,4289.318047131083
10000,721,358,21.1,38.0,4.71,28.7,11700,293,84.3,15700,34400,200,960,76.92,11232.0,4327.38,118.62,28.7,4.71,1.91,1.8,208.33,2.595564857,0.33581291173627803,3771.850624621875
16000,721,358,21.1,38.0,4.71,28.7,11700,293,84.3,15700,34400,200,960,76.92,11232.0,2389.7,189.8,28.7,4.71,1.91,1.8,208.33,4.700171235,0.1815673642642628,2039.3646354161997
3300,714,356,19.1,34.0,5.24,31.8,10300,258,83.6,11300,29800,200,960,76.92,9888.0,22433.38,39.47,31.8,5.24,1.91,1.78,208.33,0.4407717965,0.9881550953612037,9770.877582931582
6000,714,356,19.1,34.0,5.24,31.8,10300,258,83.6,11300,29800,200,960,76.92,9888.0,7795.5,71.77,31.8,5.24,1.91,1.78,208.33,1.268423723,0.7406439616127357,7323.487492426731
8000,714,356,19.1,34.0,5.24,31.8,10300,258,83.6,11300,29800,200,960,76.92,9888.0,4941.77,95.69,31.8,5.24,1.91,1.78,208.33,2.000903411,0.42137490631909746,4166.555073683236
9000,714,356,19.1,34.0,5.24,31.8,10300,258,83.6,11300,29800,200,960,76.92,9888.0,4149.02,107.66,31.8,5.24,1.91,1.78,208.33,2.383216018,0.36494123595626254,3608.538941135524
10000,714,356,19.1,34.0,5.24,31.8,10300,258,83.6,11300,29800,200,960,76.92,9888.0,3568.99,119.62,31.8,5.24,1.91,1.78,208.33,2.770529708,0.3093605645898028,3058.95726266397
16000,714,356,19.1,34.0,5.24,31.8,10300,258,83.6,11300,29800,200,960,76.92,9888.0,1936.99,191.39,31.8,5.24,1.91,1.78,208.33,5.104825087,0.17340269025008226,1714.6058011928135
3300,706,358,18.4,30.2,5.92,32.9,9340,231,82.6,8370,26400,200,960,76.92,8966.4,19751.24,39.95,32.9,5.92,1.89,1.64,208.33,0.4539663958,0.9952891402724713,8924.160547339086
6000,706,358,18.4,30.2,5.92,32.9,9340,231,82.6,8370,26400,200,960,76.92,8966.4,6742.33,72.64,32.9,5.92,1.89,1.64,208.33,1.329866865,0.7518856524439841,6741.707514073739
8000,706,358,18.4,30.2,5.92,32.9,9340,231,82.6,8370,26400,200,960,76.92,8966.4,4222.27,96.85,32.9,5.92,1.89,1.64,208.33,2.123598513,0.40753438089758304,3654.116272880088
9000,706,358,18.4,30.2,5.92,32.9,9340,231,82.6,8370,26400,200,960,76.92,8966.4,3526.34,108.96,32.9,5.92,1.89,1.64,208.33,2.542694812,0.354124353447421,3175.2206027509555
10000,706,358,18.4,30.2,5.92,32.9,9340,231,82.6,8370,26400,200,960,76.92,8966.4,3019.25,121.07,32.9,5.92,1.89,1.64,208.33,2.969742132,0.29168084906224545,2615.3271650317174
16000,706,358,18.4,30.2,5.92,32.9,9340,231,82.6,8370,26400,200,960,76.92,8966.4,1609.42,193.7,32.9,5.92,1.89,1.64,208.33,5.571199598,0.17074281946539313,1530.9484164545008
3300,701,356,16.8,27.4,6.49,36.1,8440,207,82.0,6290,23400,200,960,76.92,8102.4,17443.17,40.24,36.1,6.49,1.89,1.63,208.33,0.4645027891,0.9937337849303373,8051.628619019564
6000,701,356,16.8,27.4,6.49,36.1,8440,207,82.0,6290,23400,200,960,76.92,8102.4,5866.47,73.17,36.1,6.49,1.89,1.63,208.33,1.381136176,0.6893624226424521,5585.490093218204
8000,701,356,16.8,27.4,6.49,36.1,8440,207,82.0,6290,23400,200,960,76.92,8102.4,3634.36,97.56,36.1,6.49,1.89,1.63,208.33,2.229390333,0.3779043368409878,3061.9320988204195
9000,701,356,16.8,27.4,6.49,36.1,8440,207,82.0,6290,23400,200,960,76.92,8102.4,3020.78,109.76,36.1,6.49,1.89,1.63,208.33,2.682220306,0.30913902644188346,2504.7680478427164
10000,701,356,16.8,27.4,6.49,36.1,8440,207,82.0,6290,23400,200,960,76.92,8102.4,2575.19,121.95,36.1,6.49,1.89,1.63,208.33,3.146328864,0.26715944884941084,2164.6327183574663
16000,701,356,16.8,27.4,6.49,36.1,8440,207,82.0,6290,23400,200,960,76.92,8102.4,1348.89,195.12,36.1,6.49,1.89,1.63,208.33,6.006716348,0.14469276385016375,1172.3586498195666
3000,696,356,15.4,24.9,7.16,39.4,7600,184,81.3,4700,20700,200,960,76.92,7296.0,18424.38,36.9,39.4,7.16,1.89,1.61,208.33,0.3959971317,0.9857849929976235,7192.287308910661
6000,696,356,15.4,24.9,7.16,39.4,7600,184,81.3,4700,20700,200,960,76.92,7296.0,5090.26,73.8,39.4,7.16,1.89,1.61,208.33,1.433324806,0.6482475335364956,4729.614004682272
8000,696,356,15.4,24.9,7.16,39.4,7600,184,81.3,4700,20700,200,960,76.92,7296.0,3120.7,98.4,39.4,7.16,1.89,1.61,208.33,2.337936656,0.33827672101470835,2468.066956523312
9000,696,356,15.4,24.9,7.16,39.4,7600,184,81.3,4700,20700,200,960,76.92,7296.0,2581.42,110.7,39.4,7.16,1.89,1.61,208.33,2.826347049,0.2836168249778242,2069.2683550382053
10000,696,356,15.4,24.9,7.16,39.4,7600,184,81.3,4700,20700,200,960,76.92,7296.0,2190.95,123.0,39.4,7.16,1.89,1.61,208.33,3.330069744,0.2566339998433221,1872.401662856878
16000,696,356,15.4,24.9,7.16,39.4,7600,184,81.3,4700,20700,200,960,76.92,7296.0,1126.44,196.8,39.4,7.16,1.89,1.61,208.33,6.47705627,0.12839425018878,936.7644493773389
2200,701,254,15.5,27.9,4.55,39.7,6470,77,56.1,4620,8730,200,960,76.92,6211.2,14489.02,39.22,39.7,4.55,2.65,1.8,208.33,0.4286831207,0.9861033277077178,6124.884989058177
6000,701,254,15.5,27.9,4.55,39.7,6470,77,56.1,4620,8730,200,960,76.92,6211.2,2451.88,106.95,39.7,4.55,2.65,1.8,208.33,2.533237196,0.33799860509211954,2099.376935948173
8000,701,254,15.5,27.9,4.55,39.7,6470,77,56.1,4620,8730,200,960,76.92,6211.2,1591.39,142.6,39.7,4.55,2.65,1.8,208.33,3.903001191,0.21878232607154194,1358.9007836955614
9000,701,254,15.5,27.9,4.55,39.7,6470,77,56.1,4620,8730,200,960,76.92,6211.2,1349.07,160.43,39.7,4.55,2.65,1.8,208.33,4.604075492,0.16028104380524788,995.5376192831555
10000,701,254,15.5,27.9,4.55,39.7,6470,77,56.1,4620,8730,200,960,76.92,6211.2,1170.17,178.25,39.7,4.55,2.65,1.8,208.33,5.30794989,0.13827004718268202,858.8229170610745
12000,701,254,15.5,27.9,4.55,39.7,6470,77,56.1,4620,8730,200,960,76.92,6211.2,925.21,213.9,39.7,4.55,2.65,1.8,208.33,6.713262743,0.13810948256641076,857.8256181164904
2200,693,257,14.5,23.8,5.41,42.5,5620,66,55.4,3050,7410,200,960,76.92,5395.2,12283.76,39.71,42.5,5.41,2.6,1.64,208.33,0.4392139289,0.9892587545695921,5337.248832653863
6000,693,257,14.5,23.8,5.41,42.5,5620,66,55.4,3050,7410,200,960,76.92,5395.2,1998.09,108.3,42.5,5.41,2.6,1.64,208.33,2.700175957,0.313705584990025,1692.5043721381828
8000,693,257,14.5,23.8,5.41,42.5,5620,66,55.4,3050,7410,200,960,76.92,5395.2,1273.92,144.4,42.5,5.41,2.6,1.64,208.33,4.235123508,0.20896426295601583,1127.4039915002966
9000,693,257,14.5,23.8,5.41,42.5,5620,66,55.4,3050,7410,200,960,76.92,5395.2,1072.13,162.45,42.5,5.41,2.6,1.64,208.33,5.032208678,0.15704703448128887,847.3001604334497
10000,693,257,14.5,23.8,5.41,42.5,5620,66,55.4,3050,7410,200,960,76.92,5395.2,924.19,180.51,42.5,5.41,2.6,1.64,208.33,5.8377465,0.13043228438386067,703.708260707805
12000,693,257,14.5,23.8,5.41,42.5,5620,66,55.4,3050,7410,200,960,76.92,5395.2,723.57,216.61,42.5,5.41,2.6,1.64,208.33,7.456411626,0.13336586758582736,719.5355287990558
2200,688,254,13.1,21.1,6.03,47.1,5000,58,54.6,2200,6440,200,960,76.92,4800.0,10643.86,40.29,47.1,6.03,2.63,1.61,208.33,0.4509643281,1.0293216813641264,4940.744070547807
6000,688,254,13.1,21.1,6.03,47.1,5000,58,54.6,2200,6440,200,960,76.92,4800.0,1686.96,109.89,47.1,6.03,2.63,1.61,208.33,2.845360713,0.2893419933501112,1388.8415680805338
8000,688,254,13.1,21.1,6.03,47.1,5000,58,54.6,2200,6440,200,960,76.92,4800.0,1061.76,146.52,47.1,6.03,2.63,1.61,208.33,4.520796531,0.18468473738634583,886.48673945446
9000,688,254,13.1,21.1,6.03,47.1,5000,58,54.6,2200,6440,200,960,76.92,4800.0,888.7,164.84,47.1,6.03,2.63,1.61,208.33,5.401134739,0.14884387299719795,714.4505903865502
10000,688,254,13.1,21.1,6.03,47.1,5000,58,54.6,2200,6440,200,960,76.92,4800.0,762.4,183.15,47.1,6.03,2.63,1.61,208.33,6.295945195,0.12227351347196115,586.9128646654135
12000,688,254,13.1,21.1,6.03,47.1,5000,58,54.6,2200,6440,200,960,76.92,4800.0,592.23,219.78,47.1,6.03,2.63,1.61,208.33,8.104935293,0.12716295532981403,610.3821855831073
2200,683,254,12.4,19.0,6.7,49.5,4560,52,53.8,1680,5720,200,960,76.92,4377.6,9429.49,40.89,49.5,6.7,2.61,1.53,208.33,0.4642454425,1.0265852301515046,4493.9795035112265
6000,683,254,12.4,19.0,6.7,49.5,4560,52,53.8,1680,5720,200,960,76.92,4377.6,1466.38,111.52,49.5,6.7,2.61,1.53,208.33,2.985306738,0.28954278106262227,1267.5024783797353
8000,683,254,12.4,19.0,6.7,49.5,4560,52,53.8,1680,5720,200,960,76.92,4377.6,913.66,148.7,49.5,6.7,2.61,1.53,208.33,4.791277014,0.1845392716850815,807.8391157286128
9000,683,254,12.4,19.0,6.7,49.5,4560,52,53.8,1680,5720,200,960,76.92,4377.6,761.36,167.29,49.5,6.7,2.61,1.53,208.33,5.749682478,0.1499648363851815,656.4860677597705
10000,683,254,12.4,19.0,6.7,49.5,4560,52,53.8,1680,5720,200,960,76.92,4377.6,650.57,185.87,49.5,6.7,2.61,1.53,208.33,6.728854821,0.12248115127357248,536.1734878151909
12000,683,254,12.4,19.0,6.7,49.5,4560,52,53.8,1680,5720,200,960,76.92,4377.6,502.04,223.05,49.5,6.7,2.61,1.53,208.33,8.719671721,0.12531873312497308,548.5952861278822
2200,678,254,11.7,16.3,7.78,52.7,4000,44,52.6,1170,4810,200,960,76.92,3840.0,7957.75,41.83,52.7,7.78,2.61,1.4,208.33,0.4825485643,1.0050264022935331,3859.3013848071673
6000,678,254,11.7,16.3,7.78,52.7,4000,44,52.6,1170,4810,200,960,76.92,3840.0,1211.56,114.07,52.7,7.78,2.61,1.4,208.33,3.169454556,0.2865297423834627,1100.2742107524966
8000,678,254,11.7,16.3,7.78,52.7,4000,44,52.6,1170,4810,200,960,76.92,3840.0,745.89,152.09,52.7,7.78,2.61,1.4,208.33,5.148186307,0.17934640415103575,688.6901919399772
9000,678,254,11.7,16.3,7.78,52.7,4000,44,52.6,1170,4810,200,960,76.92,3840.0,618.2,171.1,52.7,7.78,2.61,1.4,208.33,6.211610554,0.1276751260711361,490.2724841131626
10000,678,254,11.7,16.3,7.78,52.7,4000,44,52.6,1170,4810,200,960,76.92,3840.0,525.63,190.11,52.7,7.78,2.61,1.4,208.33,7.305538459,0.1182479492312388,454.072125047957
12000,678,254,11.7,16.3,7.78,52.7,4000,44,52.6,1170,4810,200,960,76.92,3840.0,402.2,228.14,52.7,7.78,2.61,1.4,208.33,9.547387317,0.12127967483575927,465.7139513693156
3800,711,348,38.6,69.3,2.51,14.2,18500,483,83.1,83700,49900,200,960,76.92,17760.0,38760.96,45.73,14.2,2.51,1.84,1.8,208.33,0.4581930264,0.9453717205248533,16789.801756521396
6000,711,348,38.6,69.3,2.51,14.2,18500,483,83.1,83700,49900,200,960,76.92,17760.0,20419.82,72.2,14.2,2.51,1.84,1.8,208.33,0.8697433686,0.8069124168353558,14330.764522995918
8000,711,348,38.6,69.3,2.51,14.2,18500,483,83.1,83700,49900,200,960,76.92,17760.0,14280.86,96.27,14.2,2.51,1.84,1.8,208.33,1.243622349,0.7094496883930917,12599.82646586131
9000,711,348,38.6,69.3,2.51,14.2,18500,483,83.1,83700,49900,200,960,76.92,17760.0,12434.45,108.3,14.2,2.51,1.84,1.8,208.33,1.428289722,0.6909970935153548,12272.1083808327
12000,711,348,38.6,69.3,2.51,14.2,18500,483,83.1,83700,49900,200,960,76.92,17760.0,8995.91,144.4,14.2,2.51,1.84,1.8,208.33,1.974229991,0.4402197406873621,7818.30259460755
18000,711,348,38.6,69.3,2.51,14.2,18500,483,83.1,83700,49900,200,960,76.92,17760.0,5835.09,216.61,14.2,2.51,1.84,1.8,208.33,3.043653232,0.3135907183370764,5569.371157666477
3500,699,343,35.1,62.8,2.73,15.6,16700,429,82.0,63300,43200,200,960,76.92,16032.0,37462.49,42.68,15.6,2.73,1.85,1.79,208.33,0.4279480174,0.9786483964652105,15689.691092130255
6000,699,343,35.1,62.8,2.73,15.6,16700,429,82.0,63300,43200,200,960,76.92,16032.0,17093.16,73.17,15.6,2.73,1.85,1.79,208.33,0.9379192086,0.7838878230060158,12567.289578432445
8000,699,343,35.1,62.8,2.73,15.6,16700,429,82.0,63300,43200,200,960,76.92,16032.0,11866.67,97.56,15.6,2.73,1.85,1.79,208.33,1.351010771,0.6814454731903833,10924.933826188224
9000,699,343,35.1,62.8,2.73,15.6,16700,429,82.0,63300,43200,200,960,76.92,16032.0,10307.59,109.76,15.6,2.73,1.85,1.79,208.33,1.555358198,0.6682847303302631,10713.940796654779
12000,699,343,35.1,62.8,2.73,15.6,16700,429,82.0,63300,43200,200,960,76.92,16032.0,7423.98,146.34,15.6,2.73,1.85,1.79,208.33,2.159487724,0.41338345532988136,6627.363555848658
18000,699,343,35.1,62.8,2.73,15.6,16700,429,82.0,63300,43200,200,960,76.92,16032.0,4797.94,219.51,15.6,2.73,1.85,1.79,208.33,3.341436603,0.3061020414392487,4907.4279283540345
3500,688,340,32.0,57.8,2.94,17.1,15100,383,81.3,48700,38100,200,960,76.92,14496.0,32356.94,43.05,17.1,2.94,1.85,1.81,208.33,0.4480028632,0.9763700921459836,14153.460855748179
6000,688,340,32.0,57.8,2.94,17.1,15100,383,81.3,48700,38100,200,960,76.92,14496.0,14501.55,73.8,17.1,2.94,1.85,1.81,208.33,0.9996175608,0.774204715963683,11222.871562609549
8000,688,340,32.0,57.8,2.94,17.1,15100,383,81.3,48700,38100,200,960,76.92,14496.0,9988.14,98.4,17.1,2.94,1.85,1.81,208.33,1.45132101,0.6845782590246804,9923.646442821768
9000,688,340,32.0,57.8,2.94,17.1,15100,383,81.3,48700,38100,200,960,76.92,14496.0,8653.02,110.7,17.1,2.94,1.85,1.81,208.33,1.675252996,0.6407429410885862,9288.209674020145
12000,688,340,32.0,57.8,2.94,17.1,15100,383,81.3,48700,38100,200,960,76.92,14496.0,6201.39,147.6,17.1,2.94,1.85,1.81,208.33,2.337540474,0.3821601949512999,5539.794186014043
18000,688,340,32.0,57.8,2.94,17.1,15100,383,81.3,48700,38100,200,960,76.92,14496.0,3991.27,221.4,17.1,2.94,1.85,1.81,208.33,3.631924429,0.30361266065159453,4401.169128805514
3000,678,338,29.5,53.1,3.18,18.6,13700,343,80.5,37700,33600,200,960,76.92,13152.0,36411.14,37.27,18.6,3.18,1.85,1.8,208.33,0.361208171,0.9781995371568326,12865.280312686662
6000,678,338,29.5,53.1,3.18,18.6,13700,343,80.5,37700,33600,200,960,76.92,13152.0,12371.69,74.53,18.6,3.18,1.85,1.8,208.33,1.063072061,0.7503921538660553,9869.157607646359
8000,678,338,29.5,53.1,3.18,18.6,13700,343,80.5,37700,33600,200,960,76.92,13152.0,8453.55,99.38,18.6,3.18,1.85,1.8,208.33,1.555796235,0.6270750156782795,8247.290606200731
9000,678,338,29.5,53.1,3.18,18.6,13700,343,80.5,37700,33600,200,960,76.92,13152.0,7303.72,111.8,18.6,3.18,1.85,1.8,208.33,1.800726494,0.5345369952518519,7030.230561552356
12000,678,338,29.5,53.1,3.18,18.6,13700,343,80.5,37700,33600,200,960,76.92,13152.0,5207.27,149.07,18.6,3.18,1.85,1.8,208.33,2.525698153,0.3509387119480994,4615.545939541404
18000,678,338,29.5,53.1,3.18,18.6,13700,343,80.5,37700,33600,200,960,76.92,13152.0,3336.74,223.6,18.6,3.18,1.85,1.8,208.33,3.941576613,0.28731489279092864,3778.7654699862937
3500,668,335,26.4,48.0,3.49,20.7,12200,301,79.8,27700,29000,200,960,76.92,11712.0,23797.23,43.86,20.7,3.49,1.85,1.82,208.33,0.4921580716,0.9897158635527206,11591.552193929463
6000,668,335,26.4,48.0,3.49,20.7,12200,301,79.8,27700,29000,200,960,76.92,11712.0,10265.78,75.19,20.7,3.49,1.85,1.82,208.33,1.14087766,0.7452556115926744,8728.433722973403
8000,668,335,26.4,48.0,3.49,20.7,12200,301,79.8,27700,29000,200,960,76.92,11712.0,6942.37,100.25,20.7,3.49,1.85,1.82,208.33,1.68703123,0.5803953636313797,6797.590498850719
9000,668,335,26.4,48.0,3.49,20.7,12200,301,79.8,27700,29000,200,960,76.92,11712.0,5976.47,112.78,20.7,3.49,1.85,1.82,208.33,1.959685414,0.42208722779951535,4943.485611987924
12000,668,335,26.4,48.0,3.49,20.7,12200,301,79.8,27700,29000,200,960,76.92,11712.0,4231.1,150.38,20.7,3.49,1.85,1.82,208.33,2.768074986,0.29540097416714656,3459.7362094456203
18000,668,335,26.4,48.0,3.49,20.7,12200,301,79.8,27700,29000,200,960,76.92,11712.0,2694.72,225.56,20.7,3.49,1.85,1.82,208.33,4.34627461,0.24957422690034145,2923.013345456799
3300,660,333,24.4,43.9,3.79,22.5,11100,271,79.0,21400,25800,200,960,76.92,10656.0,23086.53,41.77,22.5,3.79,1.85,1.8,208.33,0.4615679427,0.9841907381137344,10487.536505339953
6000,660,333,24.4,43.9,3.79,22.5,11100,271,79.0,21400,25800,200,960,76.92,10656.0,8834.63,75.95,22.5,3.79,1.85,1.8,208.33,1.206162694,0.7312793718498259,7792.512986431745
8000,660,333,24.4,43.9,3.79,22.5,11100,271,79.0,21400,25800,200,960,76.92,10656.0,5918.28,101.27,22.5,3.79,1.85,1.8,208.33,1.800524064,0.5284641808548212,5631.314311188974
9000,660,333,24.4,43.9,3.79,22.5,11100,271,79.0,21400,25800,200,960,76.92,10656.0,5077.61,113.92,22.5,3.79,1.85,1.8,208.33,2.098625599,0.4062693585566551,4329.206284779717
12000,660,333,24.4,43.9,3.79,22.5,11100,271,79.0,21400,25800,200,960,76.92,10656.0,3570.55,151.9,22.5,3.79,1.85,1.8,208.33,2.984410615,0.2844667670284961,3031.2778694556546
18000,660,333,24.4,43.9,3.79,22.5,11100,271,79.0,21400,25800,200,960,76.92,10656.0,2260.41,227.85,22.5,3.79,1.85,1.8,208.33,4.714182839,0.24372256273705498,2597.107628526058
3000,653,330,22.1,39.9,4.14,24.8,9930,241,78.2,15900,22600,200,960,76.92,9532.8,23676.25,38.36,24.8,4.14,1.86,1.8,208.33,0.4026313635,0.9886361838015334,9424.471012943257
6000,653,330,22.1,39.9,4.14,24.8,9930,241,78.2,15900,22600,200,960,76.92,9532.8,7472.43,76.73,24.8,4.14,1.86,1.8,208.33,1.275729244,0.7152466178419445,6818.302958563689
8000,653,330,22.1,39.9,4.14,24.8,9930,241,78.2,15900,22600,200,960,76.92,9532.8,4949.03,102.3,24.8,4.14,1.86,1.8,208.33,1.926195959,0.44175430637180574,4211.155451781149
9000,653,330,22.1,39.9,4.14,24.8,9930,241,78.2,15900,22600,200,960,76.92,9532.8,4228.23,115.09,24.8,4.14,1.86,1.8,208.33,2.254558768,0.3866816069147309,3686.1584223967466
12000,653,330,22.1,39.9,4.14,24.8,9930,241,78.2,15900,22600,200,960,76.92,9532.8,2947.93,153.45,24.8,4.14,1.86,1.8,208.33,3.233722547,0.2740019281737431,2612.0055808946577
18000,653,330,22.1,39.9,4.14,24.8,9930,241,78.2,15900,22600,200,960,76.92,9532.8,1851.67,230.18,24.8,4.14,1.86,1.8,208.33,5.148204333,0.23646050827458018,2254.130733279918
3300,648,330,20.6,37.2,4.43,26.6,9160,221,78.0,12800,20500,200,960,76.92,8793.6,17975.86,42.31,26.6,4.43,1.85,1.81,208.33,0.4891894304,0.9876099053110757,8684.646463343475
6000,648,330,20.6,37.2,4.43,26.6,9160,221,78.0,12800,20500,200,960,76.92,8793.6,6621.94,76.92,26.6,4.43,1.85,1.81,208.33,1.327949225,0.7180755203095527,6314.468895394083
8000,648,330,20.6,37.2,4.43,26.6,9160,221,78.0,12800,20500,200,960,76.92,8793.6,4348.94,102.56,26.6,4.43,1.85,1.81,208.33,2.022009327,0.43816769431377356,3853.071436717599
9000,648,330,20.6,37.2,4.43,26.6,9160,221,78.0,12800,20500,200,960,76.92,8793.6,3703.7,115.38,26.6,4.43,1.85,1.81,208.33,2.374275465,0.3724727890300883,3275.3767176149845
12000,648,330,20.6,37.2,4.43,26.6,9160,221,78.0,12800,20500,200,960,76.92,8793.6,2565.1,153.85,26.6,4.43,1.85,1.81,208.33,3.4281664,0.2641114429139108,2322.490384407766
18000,648,330,20.6,37.2,4.43,26.6,9160,221,78.0,12800,20500,200,960,76.92,8793.6,1601.13,230.77,26.6,4.43,1.85,1.81,208.33,5.492125552,0.22986074745300433,2021.303468802739
3000,640,328,19.1,34.1,4.81,28.7,8370,199,77.2,9950,18400,200,960,76.92,8035.2,18963.01,38.86,28.7,4.81,1.85,1.79,208.33,0.4237302805,0.9920517507856027,7971.3342279124745
6000,640,328,19.1,34.1,4.81,28.7,8370,199,77.2,9950,18400,200,960,76.92,8035.2,5764.0,77.72,28.7,4.81,1.85,1.79,208.33,1.394032408,0.6769400350838471,5439.348569905728
8000,640,328,19.1,34.1,4.81,28.7,8370,199,77.2,9950,18400,200,960,76.92,8035.2,3746.89,103.63,28.7,4.81,1.85,1.79,208.33,2.144499163,0.4014514380578895,3225.7425950827537
9000,640,328,19.1,34.1,4.81,28.7,8370,199,77.2,9950,18400,200,960,76.92,8035.2,3178.28,116.58,28.7,4.81,1.85,1.79,208.33,2.528161748,0.34130116418103257,2742.4231144274327
12000,640,328,19.1,34.1,4.81,28.7,8370,199,77.2,9950,18400,200,960,76.92,8035.2,2182.59,155.44,28.7,4.81,1.85,1.79,208.33,3.681491003,0.23081687564286751,1854.659759165569
18000,640,328,19.1,34.1,4.81,28.7,8370,199,77.2,9950,18400,200,960,76.92,8035.2,1351.17,233.16,28.7,4.81,1.85,1.79,208.33,5.946833598,0.1837020288075188,1476.082541874175
3000,635,330,17.9,31.1,5.31,30.6,7670,184,77.5,7700,16800,200,960,76.92,7363.2,17210.49,38.71,30.6,5.31,1.83,1.74,208.33,0.427832024,1.0001245415748397,7364.117024523859
6000,635,330,17.9,31.1,5.31,30.6,7670,184,77.5,7700,16800,200,960,76.92,7363.2,5118.97,77.42,30.6,5.31,1.83,1.74,208.33,1.438414715,0.6955960258458854,5121.812657508423
8000,635,330,17.9,31.1,5.31,30.6,7670,184,77.5,7700,16800,200,960,76.92,7363.2,3288.58,103.23,30.6,5.31,1.83,1.74,208.33,2.239021073,0.40463711388164963,2979.4239969333626
9000,635,330,17.9,31.1,5.31,30.6,7670,184,77.5,7700,16800,200,960,76.92,7363.2,2776.36,116.13,30.6,5.31,1.83,1.74,208.33,2.652105729,0.3325664929095811,2448.7536005918278
12000,635,330,17.9,31.1,5.31,30.6,7670,184,77.5,7700,16800,200,960,76.92,7363.2,1886.94,154.84,30.6,5.31,1.83,1.74,208.33,3.902181979,0.22742110182727454,1674.5470569745878
18000,635,330,17.9,31.1,5.31,30.6,7670,184,77.5,7700,16800,200,960,76.92,7363.2,1156.0,232.26,30.6,5.31,1.83,1.74,208.33,6.36952403,0.18370202964118681,1352.6347846539868
3000,627,328,16.5,27.7,5.92,33.2,6850,163,76.5,5580,14700,200,960,76.92,6576.0,14971.09,39.22,33.2,5.92,1.83,1.68,208.33,0.4392466107,1.0053970319464698,6611.490882079986
6000,627,328,16.5,27.7,5.92,33.2,6850,163,76.5,5580,14700,200,960,76.92,6576.0,4352.69,78.43,33.2,5.92,1.83,1.68,208.33,1.510790507,0.6549820939604469,4307.162249883899
8000,627,328,16.5,27.7,5.92,33.2,6850,163,76.5,5580,14700,200,960,76.92,6576.0,2759.48,104.58,33.2,5.92,1.83,1.68,208.33,2.383057143,0.40226908362456815,2645.3214939151603
9000,627,328,16.5,27.7,5.92,33.2,6850,163,76.5,5580,14700,200,960,76.92,6576.0,2316.88,117.65,33.2,5.92,1.83,1.68,208.33,2.838300548,0.31280520849363497,2057.0070510541436
12000,627,328,16.5,27.7,5.92,33.2,6850,163,76.5,5580,14700,200,960,76.92,6576.0,1555.15,156.86,33.2,5.92,1.83,1.68,208.33,4.228518261,0.2068577975367885,1360.2968766019212
15000,627,328,16.5,27.7,5.92,33.2,6850,163,76.5,5580,14700,200,960,76.92,6576.0,1170.39,196.08,33.2,5.92,1.83,1.68,208.33,5.618616867,0.17226694598958245,1132.8274368274942
3000,622,328,15.4,24.5,6.7,35.6,6060,142,75.4,3950,12600,200,960,76.92,5817.6,12803.88,39.79,35.6,6.7,1.82,1.59,208.33,0.4543622177,0.9944476867726502,5785.29886256857
6000,622,328,15.4,24.5,6.7,35.6,6060,142,75.4,3950,12600,200,960,76.92,5817.6,3645.7,79.58,35.6,6.7,1.82,1.59,208.33,1.595743041,0.5639949984423115,3281.0973029379916
8000,622,328,15.4,24.5,6.7,35.6,6060,142,75.4,3950,12600,200,960,76.92,5817.6,2281.34,106.1,35.6,6.7,1.82,1.59,208.33,2.550081154,0.3577502595055425,2081.2479096994443
9000,622,328,15.4,24.5,6.7,35.6,6060,142,75.4,3950,12600,200,960,76.92,5817.6,1904.69,119.36,35.6,6.7,1.82,1.59,208.33,3.054353205,0.2865016869207439,1666.75221383012
12000,622,328,15.4,24.5,6.7,35.6,6060,142,75.4,3950,12600,200,960,76.92,5817.6,1261.71,159.15,35.6,6.7,1.82,1.59,208.33,4.610867687,0.16815052151109994,978.232473942975
15000,622,328,15.4,24.5,6.7,35.6,6060,142,75.4,3950,12600,200,960,76.92,5817.6,941.22,198.94,35.6,6.7,1.82,1.59,208.33,6.180891205,0.14990321844358612,872.0769636174067
3000,617,325,14.0,21.6,7.53,39.2,5360,124,74.7,2800,11000,200,960,76.92,5145.6,11074.82,40.16,39.2,7.53,1.83,1.54,208.33,0.4646215971,0.9939884451354485,5114.666943288964
6000,617,325,14.0,21.6,7.53,39.2,5360,124,74.7,2800,11000,200,960,76.92,5145.6,3090.4,80.32,39.2,7.53,1.83,1.54,208.33,1.665029634,0.5271257910064262,2712.378470202667
8000,617,325,14.0,21.6,7.53,39.2,5360,124,74.7,2800,11000,200,960,76.92,5145.6,1907.96,107.1,39.2,7.53,1.83,1.54,208.33,2.696913195,0.2870329951988048,1476.9569800949703
9000,617,325,14.0,21.6,7.53,39.2,5360,124,74.7,2800,11000,200,960,76.92,5145.6,1583.36,120.48,39.2,7.53,1.83,1.54,208.33,3.249788411,0.2550114439044898,1312.186885754943
12000,617,325,14.0,21.6,7.53,39.2,5360,124,74.7,2800,11000,200,960,76.92,5145.6,1033.5,160.64,39.2,7.53,1.83,1.54,208.33,4.978830083,0.14814071901130627,762.2728837445776
15000,617,325,14.0,21.6,7.53,39.2,5360,124,74.7,2800,11000,200,960,76.92,5145.6,763.06,200.8,39.2,7.53,1.83,1.54,208.33,6.743417032,0.12306716502805186,633.2544043683437
3000,612,325,12.7,19.1,8.5,43.1,4740,108,73.9,1960,9450,200,960,76.92,4550.4,9506.84,40.6,43.1,8.5,1.82,1.51,208.33,0.4786448327,0.9903719502360565,4506.588522354151
6000,612,325,12.7,19.1,8.5,43.1,4740,108,73.9,1960,9450,200,960,76.92,4550.4,2607.27,81.19,43.1,8.5,1.82,1.51,208.33,1.745270567,0.501381007923454,2281.484138454885
8000,612,325,12.7,19.1,8.5,43.1,4740,108,73.9,1960,9450,200,960,76.92,4550.4,1589.95,108.25,43.1,8.5,1.82,1.51,208.33,2.861971129,0.2766902774269704,1259.051438403686
9000,612,325,12.7,19.1,8.5,43.1,4740,108,73.9,1960,9450,200,960,76.92,4550.4,1311.91,121.79,43.1,8.5,1.82,1.51,208.33,3.468532189,0.2505289846222019,1140.0070916248676
12000,612,325,12.7,19.1,8.5,43.1,4740,108,73.9,1960,9450,200,960,76.92,4550.4,843.89,162.38,43.1,8.5,1.82,1.51,208.33,5.392171658,0.1459265804831296,664.0243118304328
15000,612,325,12.7,19.1,8.5,43.1,4740,108,73.9,1960,9450,200,960,76.92,4550.4,616.4,202.98,43.1,8.5,1.82,1.51,208.33,7.382208436,0.12130907800186293,552.004828539677
2000,622,229,14.0,24.9,4.59,39.2,4590,50,50.5,2940,4460,200,960,76.92,4406.4,10086.78,39.6,39.2,4.59,2.61,1.78,208.33,0.4368492129,0.9798710653494369,4317.703862355758
5000,622,229,14.0,24.9,4.59,39.2,4590,50,50.5,2940,4460,200,960,76.92,4406.4,1969.46,99.01,39.2,4.59,2.61,1.78,208.33,2.237362874,0.3659308499411316,1612.4376971806023
8000,622,229,14.0,24.9,4.59,39.2,4590,50,50.5,2940,4460,200,960,76.92,4406.4,976.18,158.42,39.2,4.59,2.61,1.78,208.33,4.513934461,0.16577102652476547,730.4534512787264
10000,622,229,14.0,24.9,4.59,39.2,4590,50,50.5,2940,4460,200,960,76.92,4406.4,725.83,198.02,39.2,4.59,2.61,1.78,208.33,6.070817507,0.13760728861439114,606.3527565504531
11000,622,229,14.0,24.9,4.59,39.2,4590,50,50.5,2940,4460,200,960,76.92,4406.4,643.6,217.82,39.2,4.59,2.61,1.78,208.33,6.84644616,0.139206287581692,613.3985855999676
12000,622,229,14.0,24.9,4.59,39.2,4590,50,50.5,2940,4460,200,960,76.92,4406.4,578.39,237.62,39.2,4.59,2.61,1.78,208.33,7.618412565,0.1375068511583566,605.9101889441824
2000,617,230,13.1,22.2,5.18,41.9,4160,45,50.3,2190,4030,200,960,76.92,3993.6,9107.1,39.76,41.9,5.18,2.59,1.69,208.33,0.4385151835,0.9812155277884959,3918.582331776137
5000,617,230,13.1,22.2,5.18,41.9,4160,45,50.3,2190,4030,200,960,76.92,3993.6,1730.24,99.4,41.9,5.18,2.59,1.69,208.33,2.308112897,0.37317054568097685,1490.2938912315492
8000,617,230,13.1,22.2,5.18,41.9,4160,45,50.3,2190,4030,200,960,76.92,3993.6,838.74,159.05,41.9,5.18,2.59,1.69,208.33,4.761408737,0.16072247452565575,641.8612742656587
10000,617,230,13.1,22.2,5.18,41.9,4160,45,50.3,2190,4030,200,960,76.92,3993.6,617.59,198.81,41.9,5.18,2.59,1.69,208.33,6.46642213,0.13387068213294992,534.6259561661487
11000,617,230,13.1,22.2,5.18,41.9,4160,45,50.3,2190,4030,200,960,76.92,3993.6,545.59,218.69,41.9,5.18,2.59,1.69,208.33,7.319715754,0.13546968110025084,541.0117184419618
12000,617,230,13.1,22.2,5.18,41.9,4160,45,50.3,2190,4030,200,960,76.92,3993.6,488.79,238.57,41.9,5.18,2.59,1.69,208.33,8.170406523,0.13531552499245988,540.3960806098878
2000,612,229,11.9,19.5,5.86,45.9,3670,39,49.5,1540,3440,200,960,76.92,3523.2,7774.39,40.4,45.9,5.86,2.59,1.64,208.33,0.4531802341,0.9947863127770027,3504.8311371759355
5000,612,229,11.9,19.5,5.86,45.9,3670,39,49.5,1540,3440,200,960,76.92,3523.2,1441.24,101.01,45.9,5.86,2.59,1.64,208.33,2.444556974,0.3812115669994597,1343.0845928524964
8000,612,229,11.9,19.5,5.86,45.9,3670,39,49.5,1540,3440,200,960,76.92,3523.2,683.46,161.62,45.9,5.86,2.59,1.64,208.33,5.154984394,0.15625799759841674,550.5281771387419
10000,612,229,11.9,19.5,5.86,45.9,3670,39,49.5,1540,3440,200,960,76.92,3523.2,498.1,202.02,45.9,5.86,2.59,1.64,208.33,7.073298288,0.13216777739920715,465.65351333288663
11000,612,229,11.9,19.5,5.86,45.9,3670,39,49.5,1540,3440,200,960,76.92,3523.2,438.27,222.22,45.9,5.86,2.59,1.64,208.33,8.038951852,0.1324230761464013,466.55298187900104
12000,612,229,11.9,19.5,5.86,45.9,3670,39,49.5,1540,3440,200,960,76.92,3523.2,391.29,242.42,45.9,5.86,2.59,1.64,208.33,9.003953398,0.1294393950092493,456.04087649658715
2000,607,228,11.2,17.2,6.61,49.0,3280,34,48.8,1120,2980,200,960,76.92,3148.8,6724.52,40.98,49.0,6.61,2.59,1.54,208.33,0.4682566297,1.038653861848568,3270.5132801887708
4000,607,228,11.2,17.2,6.61,49.0,3280,34,48.8,1120,2980,200,960,76.92,3148.8,1815.33,81.97,49.0,6.61,2.59,1.54,208.33,1.734560211,0.5517692682401144,1737.4110718344723
6000,607,228,11.2,17.2,6.61,49.0,3280,34,48.8,1120,2980,200,960,76.92,3148.8,897.46,122.95,49.0,6.61,2.59,1.54,208.33,3.508585668,0.25375796896366787,799.0330926727975
8000,607,228,11.2,17.2,6.61,49.0,3280,34,48.8,1120,2980,200,960,76.92,3148.8,568.57,163.93,49.0,6.61,2.59,1.54,208.33,5.538110033,0.148818339561331,468.59918761071907
9000,607,228,11.2,17.2,6.61,49.0,3280,34,48.8,1120,2980,200,960,76.92,3148.8,477.24,184.43,49.0,6.61,2.59,1.54,208.33,6.598000025,0.12042882599398064,379.2062872898463
10000,607,228,11.2,17.2,6.61,49.0,3280,34,48.8,1120,2980,200,960,76.92,3148.8,410.42,204.92,49.0,6.61,2.59,1.54,208.33,7.672048424,0.12535899258853012,394.73039586276366
2000,602,228,10.5,14.9,7.66,52.0,2900,29,47.5,778,2530,200,960,76.92,2784.0,5697.76,42.11,52.0,7.66,2.58,1.42,208.33,0.4886131061,1.0054576917511993,2799.194213835339
4000,602,228,10.5,14.9,7.66,52.0,2900,29,47.5,778,2530,200,960,76.92,2784.0,1519.03,84.21,52.0,7.66,2.58,1.42,208.33,1.832744918,0.47907128125456316,1333.7344470127039
6000,602,228,10.5,14.9,7.66,52.0,2900,29,47.5,778,2530,200,960,76.92,2784.0,739.91,126.32,52.0,7.66,2.58,1.42,208.33,3.76264405,0.24764791948544357,689.4518078474749
8000,602,228,10.5,14.9,7.66,52.0,2900,29,47.5,778,2530,200,960,76.92,2784.0,462.41,168.42,52.0,7.66,2.58,1.42,208.33,6.020611651,0.14655349506774135,408.0049302685919
9000,602,228,10.5,14.9,7.66,52.0,2900,29,47.5,778,2530,200,960,76.92,2784.0,385.85,189.47,52.0,7.66,2.58,1.42,208.33,7.21524044,0.11812849124476393,328.8697196254228
10000,602,228,10.5,14.9,7.66,52.0,2900,29,47.5,778,2530,200,960,76.92,2784.0,330.1,210.53,52.0,7.66,2.58,1.42,208.33,8.433805858,0.12090491810209027,336.5992919962193
1450,602,179,10.9,15.0,5.97,50.1,2510,14,35.1,712,1240,200,960,76.92,2409.6,5317.92,41.31,50.1,5.97,3.28,1.38,208.33,0.4531093255,1.02266412363109,2464.2114723014747
2500,602,179,10.9,15.0,5.97,50.1,2510,14,35.1,712,1240,200,960,76.92,2409.6,1866.55,71.23,50.1,5.97,3.28,1.38,208.33,1.290939587,0.7411827367519793,1785.9539224775692
4000,602,179,10.9,15.0,5.97,50.1,2510,14,35.1,712,1240,200,960,76.92,2409.6,795.84,113.96,50.1,5.97,3.28,1.38,208.33,3.027730676,0.2919586816884627,703.5036393965196
5000,602,179,10.9,15.0,5.97,50.1,2510,14,35.1,712,1240,200,960,76.92,2409.6,545.8,142.45,50.1,5.97,3.28,1.38,208.33,4.414798748,0.19898211943728036,479.46731499607074
6000,602,179,10.9,15.0,5.97,50.1,2510,14,35.1,712,1240,200,960,76.92,2409.6,407.85,170.94,50.1,5.97,3.28,1.38,208.33,5.908116627,0.14776991978046577,356.0663987030103
7000,602,179,10.9,15.0,5.97,50.1,2510,14,35.1,712,1240,200,960,76.92,2409.6,322.88,199.43,50.1,5.97,3.28,1.38,208.33,7.462874281,0.12131502751640115,292.3206903035202
1400,599,178,10.0,12.8,6.94,54.6,2200,12,34.0,491,1040,200,960,76.92,2112.0,4763.75,41.18,54.6,6.94,3.29,1.28,208.33,0.4433483029,1.0049578643104211,2122.4710094236093
2500,599,178,10.0,12.8,6.94,54.6,2200,12,34.0,491,1040,200,960,76.92,2112.0,1549.77,73.53,54.6,6.94,3.29,1.28,208.33,1.362781988,0.6773542979806622,1430.5722773351586
4000,599,178,10.0,12.8,6.94,54.6,2200,12,34.0,491,1040,200,960,76.92,2112.0,652.26,117.65,54.6,6.94,3.29,1.28,208.33,3.237966234,0.27738096781710253,585.8286040297205
5000,599,178,10.0,12.8,6.94,54.6,2200,12,34.0,491,1040,200,960,76.92,2112.0,443.34,147.06,54.6,6.94,3.29,1.28,208.33,4.763784735,0.18061439589979555,381.45760414036823
6000,599,178,10.0,12.8,6.94,54.6,2200,12,34.0,491,1040,200,960,76.92,2112.0,328.53,176.47,54.6,6.94,3.29,1.28,208.33,6.428729479,0.12144487407274322,256.49157404163367
7000,599,178,10.0,12.8,6.94,54.6,2200,12,34.0,491,1040,200,960,76.92,2112.0,258.15,205.88,54.6,6.94,3.29,1.28,208.33,8.181418449,0.1232414593926935,260.28596223736866
3500,612,328,31.0,55.6,2.95,14.2,12300,328,78.7,44500,25400,200,960,76.92,11808.0,26109.49,44.47,14.2,2.95,1.7,1.79,208.33,0.4522494406,0.960114322830618,11337.029923983937
4000,612,328,31.0,55.6,2.95,14.2,12300,328,78.7,44500,25400,200,960,76.92,11808.0,21338.14,50.83,14.2,2.95,1.7,1.79,208.33,0.5533754326,0.9240665743503397,10911.378109928812
4500,612,328,31.0,55.6,2.95,14.2,12300,328,78.7,44500,25400,200,960,76.92,11808.0,17990.84,57.18,14.2,2.95,1.7,1.79,208.33,0.6563339375,0.8866328901535377,10469.361166932973
5000,612,328,31.0,55.6,2.95,14.2,12300,328,78.7,44500,25400,200,960,76.92,11808.0,15532.72,63.53,14.2,2.95,1.7,1.79,208.33,0.760201509,0.8401087970984107,9920.004676138033
5500,612,328,31.0,55.6,2.95,14.2,12300,328,78.7,44500,25400,200,960,76.92,11808.0,13660.47,69.89,14.2,2.95,1.7,1.79,208.33,0.8643917337,0.8132959967729992,9603.399129895575
30000,612,328,31.0,55.6,2.95,14.2,12300,328,78.7,44500,25400,200,960,76.92,11808.0,2072.37,381.19,14.2,2.95,1.7,1.79,208.33,5.697832298,0.25082385187047634,2961.7280428865847
3500,602,325,27.9,50.5,3.22,15.8,11000,291,78.2,33600,22100,200,960,76.92,10560.0,22238.37,44.76,15.8,3.22,1.7,1.81,208.33,0.4748549473,0.9812534837294247,10362.036788182724
4000,602,325,27.9,50.5,3.22,15.8,11000,291,78.2,33600,22100,200,960,76.92,10560.0,18089.07,51.15,15.8,3.22,1.7,1.81,208.33,0.5837780134,0.921185811441172,9727.722168818776
4500,602,325,27.9,50.5,3.22,15.8,11000,291,78.2,33600,22100,200,960,76.92,10560.0,15188.29,57.54,15.8,3.22,1.7,1.81,208.33,0.6952722673,0.8786478370699752,9278.521159458938
5000,602,325,27.9,50.5,3.22,15.8,11000,291,78.2,33600,22100,200,960,76.92,10560.0,13065.8,63.94,15.8,3.22,1.7,1.81,208.33,0.808216818,0.8118872166527901,8573.529007853464
5500,602,325,27.9,50.5,3.22,15.8,11000,291,78.2,33600,22100,200,960,76.92,10560.0,11455.05,70.33,15.8,3.22,1.7,1.81,208.33,0.921864042,0.7929658509312216,8373.7193858337
30000,602,325,27.9,50.5,3.22,15.8,11000,291,78.2,33600,22100,200,960,76.92,10560.0,1698.22,383.63,15.8,3.22,1.7,1.81,208.33,6.218261004,0.24899492242554688,2629.3863808137753
3000,594,323,25.4,45.5,3.55,17.5,9850,256,77.2,24800,19300,200,960,76.92,9456.0,24324.5,38.86,17.5,3.55,1.7,1.79,208.33,0.3887437953,0.9899494276144238,9360.961787521992
3500,594,323,25.4,45.5,3.55,17.5,9850,256,77.2,24800,19300,200,960,76.92,9456.0,18846.85,45.34,17.5,3.55,1.7,1.79,208.33,0.5017283283,0.9749979337353307,9219.580461401287
4000,594,323,25.4,45.5,3.55,17.5,9850,256,77.2,24800,19300,200,960,76.92,9456.0,15246.22,51.81,17.5,3.55,1.7,1.79,208.33,0.6202191229,0.9158082370597193,8659.882689636705
4500,594,323,25.4,45.5,3.55,17.5,9850,256,77.2,24800,19300,200,960,76.92,9456.0,12738.2,58.29,17.5,3.55,1.7,1.79,208.33,0.7423341875,0.8764866302949265,8288.057576068824
5000,594,323,25.4,45.5,3.55,17.5,9850,256,77.2,24800,19300,200,960,76.92,9456.0,10910.22,64.77,17.5,3.55,1.7,1.79,208.33,0.8667105898,0.8052607786739049,7614.545923140445
30000,594,323,25.4,45.5,3.55,17.5,9850,256,77.2,24800,19300,200,960,76.92,9456.0,1370.74,388.6,17.5,3.55,1.7,1.79,208.33,6.898454155,0.22524030791502087,2129.8723516444375
3000,584,320,23.1,41.5,3.86,20.6,8690,226,76.7,17000,16600,200,960,76.92,8342.4,20516.67,39.11,20.6,3.86,1.7,1.79,208.33,0.4066157706,0.9890596456394958,8251.131187782928
3500,584,320,23.1,41.5,3.86,20.6,8690,226,76.7,17000,16600,200,960,76.92,8342.4,15776.29,45.63,20.6,3.86,1.7,1.79,208.33,0.528793364,0.9734177758776295,8120.640453481536
4000,584,320,23.1,41.5,3.86,20.6,8690,226,76.7,17000,16600,200,960,76.92,8342.4,12671.25,52.15,20.6,3.86,1.7,1.79,208.33,0.6583723869,0.9099420085346094,7591.100211999125
4500,584,320,23.1,41.5,3.86,20.6,8690,226,76.7,17000,16600,200,960,76.92,8342.4,10517.28,58.67,20.6,3.86,1.7,1.79,208.33,0.7932092225,0.8597365673821917,7172.266339729196
5000,584,320,23.1,41.5,3.86,20.6,8690,226,76.7,17000,16600,200,960,76.92,8342.4,8954.43,65.19,20.6,3.86,1.7,1.79,208.33,0.9316507056,0.789816401912875,6588.964351317969
30000,584,320,23.1,41.5,3.86,20.6,8690,226,76.7,17000,16600,200,960,76.92,8342.4,1069.27,391.13,20.6,3.86,1.7,1.79,208.33,7.801983284,0.21997131884410664,1835.0887303250752
3000,577,318,21.1,37.7,4.22,22.6,7800,201,76.2,12800,14600,200,960,76.92,7488.0,17797.27,39.37,22.6,4.22,1.7,1.79,208.33,0.4207386381,0.9830939478967494,7361.40748185086
3500,577,318,21.1,37.7,4.22,22.6,7800,201,76.2,12800,14600,200,960,76.92,7488.0,13619.45,45.93,22.6,4.22,1.7,1.79,208.33,0.5498020992,0.9647820800472388,7224.2882153937235
4000,577,318,21.1,37.7,4.22,22.6,7800,201,76.2,12800,14600,200,960,76.92,7488.0,10888.1,52.49,22.6,4.22,1.7,1.79,208.33,0.6877230416,0.9030386665716328,6761.953535288386
4500,577,318,21.1,37.7,4.22,22.6,7800,201,76.2,12800,14600,200,960,76.92,7488.0,8997.72,59.06,22.6,4.22,1.7,1.79,208.33,0.8322109363,0.8533411521551552,6389.818547337802
5000,577,318,21.1,37.7,4.22,22.6,7800,201,76.2,12800,14600,200,960,76.92,7488.0,7629.69,65.62,22.6,4.22,1.7,1.79,208.33,0.9814285445,0.7878957542443398,5899.7634077816165
30000,577,318,21.1,37.7,4.22,22.6,7800,201,76.2,12800,14600,200,960,76.92,7488.0,876.99,393.7,22.6,4.22,1.7,1.79,208.33,8.538251475,0.2197573180658989,1645.542797677451
3000,572,315,19.1,34.5,4.57,25.0,7080,181,75.9,9820,13000,200,960,76.92,6796.8,15674.92,39.53,25.0,4.57,1.71,1.8,208.33,0.4336099742,0.984668648174533,6692.595867912666
3500,572,315,19.1,34.5,4.57,25.0,7080,181,75.9,9820,13000,200,960,76.92,6796.8,11943.83,46.11,25.0,4.57,1.71,1.8,208.33,0.5690636788,0.9602561577219251,6526.669052804381
4000,572,315,19.1,34.5,4.57,25.0,7080,181,75.9,9820,13000,200,960,76.92,6796.8,9508.22,52.7,25.0,4.57,1.71,1.8,208.33,0.7148342825,0.9009047866875639,6123.269654158034
4500,572,315,19.1,34.5,4.57,25.0,7080,181,75.9,9820,13000,200,960,76.92,6796.8,7825.62,59.29,25.0,4.57,1.71,1.8,208.33,0.8685316324,0.8498775627033417,5776.447818182073
5000,572,315,19.1,34.5,4.57,25.0,7080,181,75.9,9820,13000,200,960,76.92,6796.8,6610.58,65.88,25.0,4.57,1.71,1.8,208.33,1.028170414,0.7845490269062705,5332.422826076539
30000,572,315,19.1,34.5,4.57,25.0,7080,181,75.9,9820,13000,200,960,76.92,6796.8,730.78,395.26,25.0,4.57,1.71,1.8,208.33,9.300788998,0.21638111735256824,1470.6991784219358
3000,561,318,18.3,29.2,5.44,26.1,6110,157,74.9,6410,11000,200,960,76.92,5865.6,13103.52,40.05,26.1,5.44,1.67,1.6,208.33,0.4476354053,0.9935371671386048,5827.691607568201
3500,561,318,18.3,29.2,5.44,26.1,6110,157,74.9,6410,11000,200,960,76.92,5865.6,9917.66,46.73,26.1,5.44,1.67,1.6,208.33,0.5914298532,0.9463821316149799,5551.099031200826
4000,561,318,18.3,29.2,5.44,26.1,6110,157,74.9,6410,11000,200,960,76.92,5865.6,7842.07,53.4,26.1,5.44,1.67,1.6,208.33,0.7479653887,0.8873488904935452,5204.833652078939
4500,561,318,18.3,29.2,5.44,26.1,6110,157,74.9,6410,11000,200,960,76.92,5865.6,6411.77,60.08,26.1,5.44,1.67,1.6,208.33,0.9148170826,0.8427030089191925,4942.958769116416
5000,561,318,18.3,29.2,5.44,26.1,6110,157,74.9,6410,11000,200,960,76.92,5865.6,5381.99,66.76,26.1,5.44,1.67,1.6,208.33,1.089857417,0.7806226027698614,4578.8199388069
15000,561,318,18.3,29.2,5.44,26.1,6110,157,74.9,6410,11000,200,960,76.92,5865.6,1180.5,200.27,26.1,5.44,1.67,1.6,208.33,4.968728414,0.21842940389040733,1281.2195114595734
3000,554,315,16.5,26.2,6.01,28.9,5460,139,74.4,4700,9670,200,960,76.92,5241.6,11396.22,40.32,28.9,6.01,1.68,1.59,208.33,0.4599421448,1.0016956896097635,5250.488126658537
3500,554,315,16.5,26.2,6.01,28.9,5460,139,74.4,4700,9670,200,960,76.92,5241.6,8590.08,47.04,28.9,6.01,1.68,1.59,208.33,0.6101923074,0.9502305900271382,4980.728660686248
4000,554,315,16.5,26.2,6.01,28.9,5460,139,74.4,4700,9670,200,960,76.92,5241.6,6763.7,53.76,28.9,6.01,1.68,1.59,208.33,0.774960177,0.8802902945793567,4614.129608067156
4500,554,315,16.5,26.2,6.01,28.9,5460,139,74.4,4700,9670,200,960,76.92,5241.6,5506.76,60.48,28.9,6.01,1.68,1.59,208.33,0.9518485792,0.8411913117474806,4409.188379655595
5000,554,315,16.5,26.2,6.01,28.9,5460,139,74.4,4700,9670,200,960,76.92,5241.6,4603.22,67.2,28.9,6.01,1.68,1.59,208.33,1.138682098,0.7828699330913441,4103.49104129159
15000,554,315,16.5,26.2,6.01,28.9,5460,139,74.4,4700,9670,200,960,76.92,5241.6,966.5,201.61,28.9,6.01,1.68,1.59,208.33,5.423271,0.1716573529487323,899.7591812160753
3000,551,315,15.2,24.4,6.45,31.3,5030,127,74.2,3740,8780,200,960,76.92,4828.8,10285.96,40.43,31.3,6.45,1.67,1.61,208.33,0.4694554044,1.0012734348916483,4834.949162404791
3500,551,315,15.2,24.4,6.45,31.3,5030,127,74.2,3740,8780,200,960,76.92,4828.8,7732.35,47.17,31.3,6.45,1.67,1.61,208.33,0.6244931183,0.9407329136416082,4542.6110933925975
4000,551,315,15.2,24.4,6.45,31.3,5030,127,74.2,3740,8780,200,960,76.92,4828.8,6071.27,53.91,31.3,6.45,1.67,1.61,208.33,0.7953520856,0.8578016475800183,4142.152595834393
4500,551,315,15.2,24.4,6.45,31.3,5030,127,74.2,3740,8780,200,960,76.92,4828.8,4928.95,60.65,31.3,6.45,1.67,1.61,208.33,0.9796822104,0.8337968952363478,4026.2384477172764
5000,551,315,15.2,24.4,6.45,31.3,5030,127,74.2,3740,8780,200,960,76.92,4828.8,4108.56,67.39,31.3,6.45,1.67,1.61,208.33,1.17530266,0.7719536255938517,3727.6096672675912
7000,551,315,15.2,24.4,6.45,31.3,5030,127,74.2,3740,8780,200,960,76.92,4828.8,2373.02,94.34,31.3,6.45,1.67,1.61,208.33,2.034874737,0.43761903020245607,2113.17477304162
3000,546,312,14.0,22.1,7.05,34.1,4570,114,73.7,2840,7840,200,960,76.92,4387.2,9118.9,40.71,34.1,7.05,1.68,1.58,208.33,0.4811108024,0.9958331440322147,4368.919169498132
3500,546,312,14.0,22.1,7.05,34.1,4570,114,73.7,2840,7840,200,960,76.92,4387.2,6834.6,47.49,34.1,7.05,1.68,1.58,208.33,0.6419104904,0.8954739298824215,3928.6232251801594
4000,546,312,14.0,22.1,7.05,34.1,4570,114,73.7,2840,7840,200,960,76.92,4387.2,5349.52,54.27,34.1,7.05,1.68,1.58,208.33,0.8201111834,0.8156888639063292,3578.5901837298475
4500,546,312,14.0,22.1,7.05,34.1,4570,114,73.7,2840,7840,200,960,76.92,4387.2,4328.98,61.06,34.1,7.05,1.68,1.58,208.33,1.013449766,0.8045750075052736,3529.831472927136
5000,546,312,14.0,22.1,7.05,34.1,4570,114,73.7,2840,7840,200,960,76.92,4387.2,3596.73,67.84,34.1,7.05,1.68,1.58,208.33,1.219773086,0.7402242796120064,3247.5119595137944
7000,546,312,14.0,22.1,7.05,34.1,4570,114,73.7,2840,7840,200,960,76.92,4387.2,2052.01,94.98,34.1,7.05,1.68,1.58,208.33,2.137997524,0.4172087328784152,1830.378152884183
3000,544,312,12.7,20.3,7.68,37.5,4150,103,73.4,2170,7040,200,960,76.92,3984.0,8144.35,40.87,37.5,7.68,1.68,1.6,208.33,0.4891735303,0.9767163337927235,3891.2378738302104
3500,544,312,12.7,20.3,7.68,37.5,4150,103,73.4,2170,7040,200,960,76.92,3984.0,6088.09,47.68,37.5,7.68,1.68,1.6,208.33,0.6543921609,0.8685487701926169,3460.298300447386
4000,544,312,12.7,20.3,7.68,37.5,4150,103,73.4,2170,7040,200,960,76.92,3984.0,4751.83,54.5,37.5,7.68,1.68,1.6,208.33,0.838413906,0.7834404397119551,3121.226711812429
4500,544,312,12.7,20.3,7.68,37.5,4150,103,73.4,2170,7040,200,960,76.92,3984.0,3834.08,61.31,37.5,7.68,1.68,1.6,208.33,1.039103162,0.7588883947031103,3023.4113644971917
5000,544,312,12.7,20.3,7.68,37.5,4150,103,73.4,2170,7040,200,960,76.92,3984.0,3176.07,68.12,37.5,7.68,1.68,1.6,208.33,1.254382357,0.631224127314773,2514.7969232220553
7000,544,312,12.7,20.3,7.68,37.5,4150,103,73.4,2170,7040,200,960,76.92,3984.0,1791.09,95.37,37.5,7.68,1.68,1.6,208.33,2.22434622,0.36512817677793424,1454.67065628329
1800,549,214,14.7,23.6,4.53,32.3,3620,39,46.7,2510,2670,200,960,76.92,3475.2,8580.75,38.54,32.3,4.53,2.46,1.61,208.33,0.404999781,0.9972568520757508,3465.667012333649
2300,549,214,14.7,23.6,4.53,32.3,3620,39,46.7,2510,2670,200,960,76.92,3475.2,5429.04,49.25,32.3,4.53,2.46,1.61,208.33,0.6401126076,0.8906447266672726,3095.1685541141055
2800,549,214,14.7,23.6,4.53,32.3,3620,39,46.7,2510,2670,200,960,76.92,3475.2,3803.85,59.96,32.3,4.53,2.46,1.61,208.33,0.9136009745,0.8338122262725594,2897.6642487423983
3300,549,214,14.7,23.6,4.53,32.3,3620,39,46.7,2510,2670,200,960,76.92,3475.2,2854.87,70.66,32.3,4.53,2.46,1.61,208.33,1.21728668,0.749723372038511,2605.4386625082334
3800,549,214,14.7,23.6,4.53,32.3,3620,39,46.7,2510,2670,200,960,76.92,3475.2,2250.87,81.37,32.3,4.53,2.46,1.61,208.33,1.543935918,0.6408821613686605,2227.193687188369
15000,549,214,14.7,23.6,4.53,32.3,3620,39,46.7,2510,2670,200,960,76.92,3475.2,355.17,321.2,32.3,4.53,2.46,1.61,208.33,9.784723362,0.15667076087218512,544.4622281830177
1800,544,212,13.1,21.2,5.0,36.4,3210,34,46.5,1810,2320,200,960,76.92,3081.6,7418.28,38.71,36.4,5.0,2.47,1.62,208.33,0.4154064625,0.9919574937167687,3056.816212637594
2300,544,212,13.1,21.2,5.0,36.4,3210,34,46.5,1810,2320,200,960,76.92,3081.6,4670.63,49.46,36.4,5.0,2.47,1.62,208.33,0.659781956,0.8894668592005986,2740.9810733125646
2800,544,212,13.1,21.2,5.0,36.4,3210,34,46.5,1810,2320,200,960,76.92,3081.6,3255.02,60.22,36.4,5.0,2.47,1.62,208.33,0.9467212795,0.8327536924937254,2566.213778788664
3300,544,212,13.1,21.2,5.0,36.4,3210,34,46.5,1810,2320,200,960,76.92,3081.6,2429.53,70.97,36.4,5.0,2.47,1.62,208.33,1.268393079,0.7137932013216227,2199.6251291927124
3800,544,212,13.1,21.2,5.0,36.4,3210,34,46.5,1810,2320,200,960,76.92,3081.6,1905.08,81.72,36.4,5.0,2.47,1.62,208.33,1.617571124,0.5581058938049389,1719.8591223492997
7000,544,212,13.1,21.2,5.0,36.4,3210,34,46.5,1810,2320,200,960,76.92,3081.6,738.46,150.54,36.4,5.0,2.47,1.62,208.33,4.172997443,0.19713155879312408,607.4806115768912
1900,538,211,11.6,18.8,5.6,41.2,2820,29,46.0,1260,1990,200,960,76.92,2707.2,5717.74,41.3,41.2,5.6,2.46,1.62,208.33,0.473473454,0.9894875843384816,2678.740788321137
2400,538,211,11.6,18.8,5.6,41.2,2820,29,46.0,1260,1990,200,960,76.92,2707.2,3669.76,52.17,41.2,5.6,2.46,1.62,208.33,0.73770561,0.8978773700564346,2430.73361621678
2900,538,211,11.6,18.8,5.6,41.2,2820,29,46.0,1260,1990,200,960,76.92,2707.2,2584.36,63.04,41.2,5.6,2.46,1.62,208.33,1.047533106,0.7714274101433221,2088.4082847400014
3400,538,211,11.6,18.8,5.6,41.2,2820,29,46.0,1260,1990,200,960,76.92,2707.2,1939.71,73.91,41.2,5.6,2.46,1.62,208.33,1.395673797,0.6663907833846269,1804.0531287788617
3900,538,211,11.6,18.8,5.6,41.2,2820,29,46.0,1260,1990,200,960,76.92,2707.2,1525.01,84.78,41.2,5.6,2.46,1.62,208.33,1.775205025,0.4978828200472485,1347.868370431911
10000,538,211,11.6,18.8,5.6,41.2,2820,29,46.0,1260,1990,200,960,76.92,2707.2,368.3,217.39,41.2,5.6,2.46,1.62,208.33,7.350453038,0.13279078441846354,359.49121157766444
1900,536,210,10.9,17.4,6.04,43.6,2620,27,45.7,1020,1820,200,960,76.92,2515.2,5205.79,41.58,43.6,6.04,2.47,1.59,208.33,0.4831542273,0.9960583409719188,2505.28593921257
2400,536,210,10.9,17.4,6.04,43.6,2620,27,45.7,1020,1820,200,960,76.92,2515.2,3332.9,52.52,43.6,6.04,2.47,1.59,208.33,0.7546572264,0.8965809216694165,2255.0803341829164
2900,536,210,10.9,17.4,6.04,43.6,2620,27,45.7,1020,1820,200,960,76.92,2515.2,2340.64,63.46,43.6,6.04,2.47,1.59,208.33,1.07457668,0.7830087923824538,1969.4237146003477
3400,536,210,10.9,17.4,6.04,43.6,2620,27,45.7,1020,1820,200,960,76.92,2515.2,1751.62,74.4,43.6,6.04,2.47,1.59,208.33,1.435924541,0.6619044739842399,1664.82213296516
3900,536,210,10.9,17.4,6.04,43.6,2620,27,45.7,1020,1820,200,960,76.92,2515.2,1372.99,85.34,43.6,6.04,2.47,1.59,208.33,1.831910327,0.4898179654231181,1231.9901466322267
10000,536,210,10.9,17.4,6.04,43.6,2620,27,45.7,1020,1820,200,960,76.92,2515.2,322.85,218.82,43.6,6.04,2.47,1.59,208.33,7.790597037,0.1258472420603828,316.53098323027484
1800,533,209,10.2,15.6,6.7,46.9,2360,24,45.0,762,1600,200,960,76.92,2265.6,5081.56,40.0,46.9,6.7,2.48,1.53,208.33,0.4458474495,1.0294533633269642,2332.32953995357
2300,533,209,10.2,15.6,6.7,46.9,2360,24,45.0,762,1600,200,960,76.92,2265.6,3167.69,51.11,46.9,6.7,2.48,1.53,208.33,0.715221347,0.9333552888253076,2114.609742362617
2800,533,209,10.2,15.6,6.7,46.9,2360,24,45.0,762,1600,200,960,76.92,2265.6,2182.95,62.22,46.9,6.7,2.48,1.53,208.33,1.037860351,0.8269474359981862,1873.5321109974907
3300,533,209,10.2,15.6,6.7,46.9,2360,24,45.0,762,1600,200,960,76.92,2265.6,1609.93,73.33,46.9,6.7,2.48,1.53,208.33,1.407268628,0.6948158665698345,1574.174827300617
3800,533,209,10.2,15.6,6.7,46.9,2360,24,45.0,762,1600,200,960,76.92,2265.6,1246.96,84.44,46.9,6.7,2.48,1.53,208.33,1.816894082,0.5034187855927328,1140.5456006388954
7000,533,209,10.2,15.6,6.7,46.9,2360,24,45.0,762,1600,200,960,76.92,2265.6,450.94,155.56,46.9,6.7,2.48,1.53,208.33,5.024219566,0.17703709759016595,401.09524830027993
1500,528,209,9.5,13.3,7.87,50.0,2060,20,43.9,516,1340,200,960,76.92,1977.6,6064.31,34.17,50.0,7.87,2.46,1.39,208.33,0.326104506,1.0445522746952602,2065.7065784373467
2000,528,209,9.5,13.3,7.87,50.0,2060,20,43.9,516,1340,200,960,76.92,1977.6,3454.23,45.56,50.0,7.87,2.46,1.39,208.33,0.5725151228,0.9807198380734984,1939.4715517741504
2500,528,209,9.5,13.3,7.87,50.0,2060,20,43.9,516,1340,200,960,76.92,1977.6,2245.64,56.95,50.0,7.87,2.46,1.39,208.33,0.8806397604,0.7975633924737022,1577.2613649559935
3000,528,209,9.5,13.3,7.87,50.0,2060,20,43.9,516,1340,200,960,76.92,1977.6,1588.62,68.34,50.0,7.87,2.46,1.39,208.33,1.244855429,0.658358815910586,1301.9703943447748
3500,528,209,9.5,13.3,7.87,50.0,2060,20,43.9,516,1340,200,960,76.92,1977.6,1191.96,79.73,50.0,7.87,2.46,1.39,208.33,1.659117684,0.532167479672121,1052.4144077995863
10000,528,209,9.5,13.3,7.87,50.0,2060,20,43.9,516,1340,200,960,76.92,1977.6,212.22,227.79,50.0,7.87,2.46,1.39,208.33,9.318830083,0.12208162900891444,241.42862952802918
1700,523,207,8.9,10.9,9.47,53.6,1750,16,42.2,334,1060,200,960,76.92,1680.0,3761.35,40.28,53.6,9.47,2.47,1.23,208.33,0.4466485853,1.0050512572197403,1688.4861121291638
2200,523,207,8.9,10.9,9.47,53.6,1750,16,42.2,334,1060,200,960,76.92,1680.0,2271.75,52.13,53.6,9.47,2.47,1.23,208.33,0.7395191561,0.8755732517241335,1470.9630628965442
2700,523,207,8.9,10.9,9.47,53.6,1750,16,42.2,334,1060,200,960,76.92,1680.0,1529.53,63.98,53.6,9.47,2.47,1.23,208.33,1.098376873,0.720402123511161,1210.2755674987504
3200,523,207,8.9,10.9,9.47,53.6,1750,16,42.2,334,1060,200,960,76.92,1680.0,1106.85,75.83,53.6,9.47,2.47,1.23,208.33,1.51782499,0.5550124377398723,932.4208954029855
3700,523,207,8.9,10.9,9.47,53.6,1750,16,42.2,334,1060,200,960,76.92,1680.0,843.35,87.68,53.6,9.47,2.47,1.23,208.33,1.992065858,0.4385395381769889,736.7464241373414
7000,523,207,8.9,10.9,9.47,53.6,1750,16,42.2,334,1060,200,960,76.92,1680.0,275.91,165.88,53.6,9.47,2.47,1.23,208.33,6.089046656,0.1472760661267649,247.42379109296502
1400,536,167,10.3,16.6,5.04,46.3,2110,13,34.3,737,857,200,960,76.92,2025.6,4493.18,40.82,46.3,5.04,3.11,1.61,208.33,0.4508166532,1.0170844843837454,2060.2063315677146
1900,536,167,10.3,16.6,5.04,46.3,2110,13,34.3,737,857,200,960,76.92,2025.6,2502.0,55.39,46.3,5.04,3.11,1.61,208.33,0.8095922465,0.8391365974221014,1699.7550917382086
2400,536,167,10.3,16.6,5.04,46.3,2110,13,34.3,737,857,200,960,76.92,2025.6,1617.7,69.97,46.3,5.04,3.11,1.61,208.33,1.252144369,0.7205874332872708,1459.6219048666958
2900,536,167,10.3,16.6,5.04,46.3,2110,13,34.3,737,857,200,960,76.92,2025.6,1148.46,84.55,46.3,5.04,3.11,1.61,208.33,1.763749467,0.5026331249809425,1018.133657961397
3400,536,167,10.3,16.6,5.04,46.3,2110,13,34.3,737,857,200,960,76.92,2025.6,869.24,99.13,46.3,5.04,3.11,1.61,208.33,2.330311485,0.3765516242352878,762.742970050999
7000,536,167,10.3,16.6,5.04,46.3,2110,13,34.3,737,857,200,960,76.92,2025.6,282.99,204.08,46.3,5.04,3.11,1.61,208.33,7.157762946,0.12658166844301869,256.4038275981786
1200,528,166,9.7,13.6,6.1,49.4,1800,10,33.0,475,690,200,960,76.92,1728.0,4902.44,36.36,49.4,6.1,3.1,1.41,208.33,0.3524774862,1.0314781785870342,1782.394292598395
1700,528,166,9.7,13.6,6.1,49.4,1800,10,33.0,475,690,200,960,76.92,1728.0,2488.06,51.52,49.4,6.1,3.1,1.41,208.33,0.6945167183,0.9327475532686581,1611.787772048241
2200,528,166,9.7,13.6,6.1,49.4,1800,10,33.0,475,690,200,960,76.92,1728.0,1521.28,66.67,49.4,6.1,3.1,1.41,208.33,1.135889238,0.7664282799308485,1324.3880677205061
2700,528,166,9.7,13.6,6.1,49.4,1800,10,33.0,475,690,200,960,76.92,1728.0,1038.97,81.82,49.4,6.1,3.1,1.41,208.33,1.663182527,0.5859891411869224,1012.5892359710018
3200,528,166,9.7,13.6,6.1,49.4,1800,10,33.0,475,690,200,960,76.92,1728.0,763.75,96.97,49.4,6.1,3.1,1.41,208.33,2.262529586,0.3818653563897613,659.8633358415076
7000,528,166,9.7,13.6,6.1,49.4,1800,10,33.0,475,690,200,960,76.92,1728.0,215.07,212.12,49.4,6.1,3.1,1.41,208.33,8.034623966,0.12281101175704626,212.21742831617593
1300,526,165,8.9,11.4,7.22,53.6,1560,9,32.0,320,567,200,960,76.92,1497.6,3444.98,40.63,53.6,7.22,3.12,1.29,208.33,0.4347199635,1.0067836994984598,1507.7592683688933
1800,526,165,8.9,11.4,7.22,53.6,1560,9,32.0,320,567,200,960,76.92,1497.6,1826.21,56.25,53.6,7.22,3.12,1.29,208.33,0.8200596937,0.7885635973602175,1180.9528434066617
2300,526,165,8.9,11.4,7.22,53.6,1560,9,32.0,320,567,200,960,76.92,1497.6,1141.8,71.88,53.6,7.22,3.12,1.29,208.33,1.311608042,0.7025232473937661,1052.0988152969041
2800,526,165,8.9,11.4,7.22,53.6,1560,9,32.0,320,567,200,960,76.92,1497.6,789.54,87.5,53.6,7.22,3.12,1.29,208.33,1.896795751,0.45310074145932927,678.5636704094915
3300,526,165,8.9,11.4,7.22,53.6,1560,9,32.0,320,567,200,960,76.92,1497.6,584.45,103.13,53.6,7.22,3.12,1.29,208.33,2.56242314,0.35335929712409525,529.190883373045
8000,526,165,8.9,11.4,7.22,53.6,1560,9,32.0,320,567,200,960,76.92,1497.6,138.6,250.0,53.6,7.22,3.12,1.29,208.33,10.80531911,0.12076564448236227,180.8586291767857
4700,566,305,38.6,69.6,2.19,10.4,12400,331,74.9,73300,20500,200,960,76.92,11904.0,19472.54,62.75,10.4,2.19,1.63,1.8,208.33,0.6113223016,0.8554468163761184,10183.238902141313
5200,566,305,38.6,69.6,2.19,10.4,12400,331,74.9,73300,20500,200,960,76.92,11904.0,17200.61,69.43,10.4,2.19,1.63,1.8,208.33,0.6920684191,0.8362047296686652,9954.181101975792
5700,566,305,38.6,69.6,2.19,10.4,12400,331,74.9,73300,20500,200,960,76.92,11904.0,15413.27,76.1,10.4,2.19,1.63,1.8,208.33,0.7723214274,0.8115270968557781,9660.418560971182
6200,566,305,38.6,69.6,2.19,10.4,12400,331,74.9,73300,20500,200,960,76.92,11904.0,13970.44,82.78,10.4,2.19,1.63,1.8,208.33,0.8520848782,0.7855370541061083,9351.033092079113
6700,566,305,38.6,69.6,2.19,10.4,12400,331,74.9,73300,20500,200,960,76.92,11904.0,12780.91,89.45,10.4,2.19,1.63,1.8,208.33,0.9313887594,0.7691373575980829,9155.811104847578
30000,566,305,38.6,69.6,2.19,10.4,12400,331,74.9,73300,20500,200,960,76.92,11904.0,2660.94,400.53,10.4,2.19,1.63,1.8,208.33,4.47360869,0.27774252525263116,3306.2470206073212
3500,556,302,35.6,63.4,2.38,11.3,11100,293,73.9,55800,17700,200,960,76.92,10656.0,24059.52,47.36,11.3,2.38,1.63,1.78,208.33,0.442901663,0.9158761931789893,9759.57671451531
4000,556,302,35.6,63.4,2.38,11.3,11100,293,73.9,55800,17700,200,960,76.92,10656.0,20043.03,54.13,11.3,2.38,1.63,1.78,208.33,0.5316561821,0.900837342328409,9599.322719851525
4500,556,302,35.6,63.4,2.38,11.3,11100,293,73.9,55800,17700,200,960,76.92,10656.0,17174.05,60.89,11.3,2.38,1.63,1.78,208.33,0.6204711486,0.8920403791407646,9505.582280123988
5000,556,302,35.6,63.4,2.38,11.3,11100,293,73.9,55800,17700,200,960,76.92,10656.0,15029.74,67.66,11.3,2.38,1.63,1.78,208.33,0.7089944042,0.8391456684880333,8941.936243408483
5500,556,302,35.6,63.4,2.38,11.3,11100,293,73.9,55800,17700,200,960,76.92,10656.0,13369.0,74.42,11.3,2.38,1.63,1.78,208.33,0.7970676852,0.7959240090158116,8481.366240072488
30000,556,302,35.6,63.4,2.38,11.3,11100,293,73.9,55800,17700,200,960,76.92,10656.0,2185.5,405.95,11.3,2.38,1.63,1.78,208.33,4.87577829,0.2768920242926855,2950.5614108628565
3500,546,300,32.5,58.6,2.56,12.5,10000,261,73.2,42900,15500,200,960,76.92,9600.0,20455.71,47.81,12.5,2.56,1.62,1.8,208.33,0.4693066946,0.9178240356767098,8811.110742496414
4000,546,300,32.5,58.6,2.56,12.5,10000,261,73.2,42900,15500,200,960,76.92,9600.0,16971.09,54.64,12.5,2.56,1.62,1.8,208.33,0.5656677076,0.8870621370462142,8515.796515643657
4500,546,300,32.5,58.6,2.56,12.5,10000,261,73.2,42900,15500,200,960,76.92,9600.0,14493.01,61.48,12.5,2.56,1.62,1.8,208.33,0.6623884013,0.8874172766140203,8519.205855494594
5000,546,300,32.5,58.6,2.56,12.5,10000,261,73.2,42900,15500,200,960,76.92,9600.0,12648.55,68.31,12.5,2.56,1.62,1.8,208.33,0.7589800206,0.8411149939063064,8074.703941500541
5500,546,300,32.5,58.6,2.56,12.5,10000,261,73.2,42900,15500,200,960,76.92,9600.0,11225.5,75.14,12.5,2.56,1.62,1.8,208.33,0.8551957862,0.795159547556738,7633.531656544685
30000,546,300,32.5,58.6,2.56,12.5,10000,261,73.2,42900,15500,200,960,76.92,9600.0,1809.75,409.84,12.5,2.56,1.62,1.8,208.33,5.30459889,0.26429024033500126,2537.186307216012
3000,536,297,29.5,53.8,2.76,13.8,9000,232,72.4,32800,13500,200,960,76.92,8640.0,21883.03,41.44,13.8,2.76,1.62,1.82,208.33,0.3948264191,0.9603967909450417,8297.82827376516
3500,536,297,29.5,53.8,2.76,13.8,9000,232,72.4,32800,13500,200,960,76.92,8640.0,17361.59,48.34,13.8,2.76,1.62,1.82,208.33,0.4976503372,0.924582545873627,7988.393196348137
4000,536,297,29.5,53.8,2.76,13.8,9000,232,72.4,32800,13500,200,960,76.92,8640.0,14343.48,55.25,13.8,2.76,1.62,1.82,208.33,0.6023641666,0.8879750504748,7672.104436102271
4500,536,297,29.5,53.8,2.76,13.8,9000,232,72.4,32800,13500,200,960,76.92,8640.0,12206.17,62.15,13.8,2.76,1.62,1.82,208.33,0.7078387115,0.8776134611672158,7582.580304484744
5000,536,297,29.5,53.8,2.76,13.8,9000,232,72.4,32800,13500,200,960,76.92,8640.0,10621.79,69.06,13.8,2.76,1.62,1.82,208.33,0.8134219599,0.8109269816994698,7006.409121883418
30000,536,297,29.5,53.8,2.76,13.8,9000,232,72.4,32800,13500,200,960,76.92,8640.0,1493.0,414.36,13.8,2.76,1.62,1.82,208.33,5.787022027,0.25027804852843494,2162.402339285678
3000,526,295,26.9,48.8,3.02,15.1,8030,205,71.6,24400,11700,200,960,76.92,7708.8,18515.38,41.9,15.1,3.02,1.62,1.82,208.33,0.4163458013,0.9749016890772447,7515.322140758664
3500,526,295,26.9,48.8,3.02,15.1,8030,205,71.6,24400,11700,200,960,76.92,7708.8,14603.89,48.88,15.1,3.02,1.62,1.82,208.33,0.5278592895,0.9306653180262121,7174.312803600464
4000,526,295,26.9,48.8,3.02,15.1,8030,205,71.6,24400,11700,200,960,76.92,7708.8,12004.57,55.87,15.1,3.02,1.62,1.82,208.33,0.6421553502,0.883687913755832,6812.173389560958
4500,526,295,26.9,48.8,3.02,15.1,8030,205,71.6,24400,11700,200,960,76.92,7708.8,10172.3,62.85,15.1,3.02,1.62,1.82,208.33,0.757822653,0.8406384423649699,6480.31362450308
5000,526,295,26.9,48.8,3.02,15.1,8030,205,71.6,24400,11700,200,960,76.92,7708.8,8820.21,69.83,15.1,3.02,1.62,1.82,208.33,0.8739923682,0.8033670193599486,6192.995678841972
30000,526,295,26.9,48.8,3.02,15.1,8030,205,71.6,24400,11700,200,960,76.92,7708.8,1211.62,418.99,15.1,3.02,1.62,1.82,208.33,6.362414826,0.24963314167685394,1924.3719625585318
3000,518,292,24.4,44.6,3.27,16.7,7240,183,70.9,18600,10200,200,960,76.92,6950.4,15894.6,42.31,16.7,3.27,1.62,1.83,208.33,0.437280564,0.9737147326002921,6767.70687746507
3500,518,292,24.4,44.6,3.27,16.7,7240,183,70.9,18600,10200,200,960,76.92,6950.4,12473.05,49.37,16.7,3.27,1.62,1.83,208.33,0.55723345,0.9095618021444484,6321.818349624774
4000,518,292,24.4,44.6,3.27,16.7,7240,183,70.9,18600,10200,200,960,76.92,6950.4,10207.28,56.42,16.7,3.27,1.62,1.83,208.33,0.6809254651,0.8829285658280353,6136.706703931176
4500,518,292,24.4,44.6,3.27,16.7,7240,183,70.9,18600,10200,200,960,76.92,6950.4,8616.09,63.47,16.7,3.27,1.62,1.83,208.33,0.8066769972,0.8150317560133706,5664.796716995331
5000,518,292,24.4,44.6,3.27,16.7,7240,183,70.9,18600,10200,200,960,76.92,6950.4,7446.32,70.52,16.7,3.27,1.62,1.83,208.33,0.9334010586,0.7962592258838296,5534.320123582969
30000,518,292,24.4,44.6,3.27,16.7,7240,183,70.9,18600,10200,200,960,76.92,6950.4,1000.45,423.13,16.7,3.27,1.62,1.83,208.33,6.947275683,0.2492466418014668,1732.3638591769147
3000,508,290,22.6,40.5,3.58,18.0,6520,163,70.1,14100,8940,200,960,76.92,6259.2,13668.82,42.8,18.0,3.58,1.61,1.79,208.33,0.4579182251,0.9782322110464327,6122.951055381831
3500,508,290,22.6,40.5,3.58,18.0,6520,163,70.1,14100,8940,200,960,76.92,6259.2,10668.64,49.93,18.0,3.58,1.61,1.79,208.33,0.5866912183,0.9117209604913343,5706.64383590736
4000,508,290,22.6,40.5,3.58,18.0,6520,163,70.1,14100,8940,200,960,76.92,6259.2,8688.6,57.06,18.0,3.58,1.61,1.79,208.33,0.7203921267,0.8741246001009371,5471.320696951785
4500,508,290,22.6,40.5,3.58,18.0,6520,163,70.1,14100,8940,200,960,76.92,6259.2,7303.16,64.19,18.0,3.58,1.61,1.79,208.33,0.8570541777,0.808583395568626,5061.085189543144
5000,508,290,22.6,40.5,3.58,18.0,6520,163,70.1,14100,8940,200,960,76.92,6259.2,6288.5,71.33,18.0,3.58,1.61,1.79,208.33,0.9953402362,0.7842612749934814,4908.848172439199
30000,508,290,22.6,40.5,3.58,18.0,6520,163,70.1,14100,8940,200,960,76.92,6259.2,823.07,427.96,18.0,3.58,1.61,1.79,208.33,7.604675507,0.22229346005289022,1391.3792251630505
3000,500,287,20.6,36.6,3.92,19.8,5830,144,69.6,10500,7790,200,960,76.92,5596.8,11678.12,43.1,19.8,3.92,1.61,1.78,208.33,0.4792550687,0.9830470177630872,5501.917549016447
3500,500,287,20.6,36.6,3.92,19.8,5830,144,69.6,10500,7790,200,960,76.92,5596.8,9063.48,50.29,19.8,3.92,1.61,1.78,208.33,0.6175113968,0.9091565868189735,5088.367585108431
4000,500,287,20.6,36.6,3.92,19.8,5830,144,69.6,10500,7790,200,960,76.92,5596.8,7343.31,57.47,19.8,3.92,1.61,1.78,208.33,0.762163563,0.8718865862090267,4879.774845694681
4500,500,287,20.6,36.6,3.92,19.8,5830,144,69.6,10500,7790,200,960,76.92,5596.8,6143.94,64.66,19.8,3.92,1.61,1.78,208.33,0.9109467245,0.791898582938177,4432.097988988389
5000,500,287,20.6,36.6,3.92,19.8,5830,144,69.6,10500,7790,200,960,76.92,5596.8,5268.85,71.84,19.8,3.92,1.61,1.78,208.33,1.062243734,0.7756049183209606,4340.905606858752
30000,500,287,20.6,36.6,3.92,19.8,5830,144,69.6,10500,7790,200,960,76.92,5596.8,668.6,431.03,19.8,3.92,1.61,1.78,208.33,8.370938309,0.22014554262664177,1232.1105729727888
3000,495,284,18.5,33.4,4.25,22.0,5280,129,69.1,7990,6900,200,960,76.92,5068.8,10164.66,43.42,22.0,4.25,1.63,1.81,208.33,0.4986691014,0.983325284684613,4984.279203009367
3500,495,284,18.5,33.4,4.25,22.0,5280,129,69.1,7990,6900,200,960,76.92,5068.8,7847.7,50.65,22.0,4.25,1.63,1.81,208.33,0.6458961333,0.9047074521800001,4585.781133609985
4000,495,284,18.5,33.4,4.25,22.0,5280,129,69.1,7990,6900,200,960,76.92,5068.8,6327.33,57.89,22.0,4.25,1.63,1.81,208.33,0.8010967594,0.8503284044425522,4310.144616438409
4500,495,284,18.5,33.4,4.25,22.0,5280,129,69.1,7990,6900,200,960,76.92,5068.8,5270.42,65.12,22.0,4.25,1.63,1.81,208.33,0.9617457815,0.7910409360664798,4009.6282967337734
5000,495,284,18.5,33.4,4.25,22.0,5280,129,69.1,7990,6900,200,960,76.92,5068.8,4501.76,72.36,22.0,4.25,1.63,1.81,208.33,1.125959349,0.7776301054527438,3941.651478518868
30000,495,284,18.5,33.4,4.25,22.0,5280,129,69.1,7990,6900,200,960,76.92,5068.8,552.96,434.15,22.0,4.25,1.63,1.81,208.33,9.166650692,0.21955714901198725,1112.891276911961
2800,490,284,17.0,30.5,4.65,23.9,4750,116,68.6,6040,6100,200,960,76.92,4560.0,10013.19,40.82,23.9,4.65,1.62,1.8,208.33,0.4553993723,0.9794612481437669,4466.343291535577
3300,490,284,17.0,30.5,4.65,23.9,4750,116,68.6,6040,6100,200,960,76.92,4560.0,7527.39,48.1,23.9,4.65,1.62,1.8,208.33,0.6057876629,0.9293206844459935,4237.702321073731
3800,490,284,17.0,30.5,4.65,23.9,4750,116,68.6,6040,6100,200,960,76.92,4560.0,5944.29,55.39,23.9,4.65,1.62,1.8,208.33,0.7671229819,0.872113353531146,3976.836892102026
4300,490,284,17.0,30.5,4.65,23.9,4750,116,68.6,6040,6100,200,960,76.92,4560.0,4869.64,62.68,23.9,4.65,1.62,1.8,208.33,0.9364140959,0.8187784888886618,3733.6299093322978
4800,490,284,17.0,30.5,4.65,23.9,4750,116,68.6,6040,6100,200,960,76.92,4560.0,4103.3,69.97,23.9,4.65,1.62,1.8,208.33,1.111300147,0.771876073252717,3519.7548940323895
30000,490,284,17.0,30.5,4.65,23.9,4750,116,68.6,6040,6100,200,960,76.92,4560.0,456.83,437.32,23.9,4.65,1.62,1.8,208.33,9.981793647,0.21663012119416789,987.8333526454055
2800,483,287,16.6,27.0,5.31,24.5,4290,105,68.3,4410,5450,200,960,76.92,4118.4,8811.53,41.0,24.5,5.31,1.59,1.63,208.33,0.4673875539,0.9901193749465536,4077.707633779886
3300,483,287,16.6,27.0,5.31,24.5,4290,105,68.3,4410,5450,200,960,76.92,4118.4,6583.7,48.32,24.5,5.31,1.59,1.63,208.33,0.6255448613,0.9221585292445555,3797.8176868407772
3800,483,287,16.6,27.0,5.31,24.5,4290,105,68.3,4410,5450,200,960,76.92,4118.4,5167.86,55.64,24.5,5.31,1.59,1.63,208.33,0.7969255936,0.8524206323291464,3510.6091321843564
4300,483,287,16.6,27.0,5.31,24.5,4290,105,68.3,4410,5450,200,960,76.92,4118.4,4209.26,62.96,24.5,5.31,1.59,1.63,208.33,0.9784136579,0.8007769008993256,3297.919588663782
4800,483,287,16.6,27.0,5.31,24.5,4290,105,68.3,4410,5450,200,960,76.92,4118.4,3527.77,70.28,24.5,5.31,1.59,1.63,208.33,1.167424579,0.7847414049314468,3231.8790020696706
18000,483,287,16.6,27.0,5.31,24.5,4290,105,68.3,4410,5450,200,960,76.92,4118.4,639.42,263.54,24.5,5.31,1.59,1.63,208.33,6.440868139,0.21754458368583376,895.9356134517377
2800,475,284,15.0,23.8,5.96,27.2,3770,92,67.6,3110,4670,200,960,76.92,3619.2,7483.58,41.42,27.2,5.96,1.59,1.59,208.33,0.4836187319,0.9957634824938002,3603.8671958415616
3300,475,284,15.0,23.8,5.96,27.2,3770,92,67.6,3110,4670,200,960,76.92,3619.2,5561.98,48.82,27.2,5.96,1.59,1.59,208.33,0.650703203,0.9137799804802874,3307.152505354256
3800,475,284,15.0,23.8,5.96,27.2,3770,92,67.6,3110,4670,200,960,76.92,3619.2,4342.63,56.21,27.2,5.96,1.59,1.59,208.33,0.8334115096,0.8507303998469317,3078.963463126015
4300,475,284,15.0,23.8,5.96,27.2,3770,92,67.6,3110,4670,200,960,76.92,3619.2,3518.69,63.61,27.2,5.96,1.59,1.59,208.33,1.028564271,0.8021342745663487,2903.084366510529
4800,475,284,15.0,23.8,5.96,27.2,3770,92,67.6,3110,4670,200,960,76.92,3619.2,2934.31,71.01,27.2,5.96,1.59,1.59,208.33,1.233408229,0.7799676237129501,2822.858823741909
18000,475,284,15.0,23.8,5.96,27.2,3770,92,67.6,3110,4670,200,960,76.92,3619.2,506.32,266.27,27.2,5.96,1.59,1.59,208.33,7.14809718,0.21064004271635745,762.3484425990408
2700,472,282,13.6,22.0,6.41,30.0,3460,84,67.3,2440,4240,200,960,76.92,3321.6,7207.78,40.12,30.0,6.41,1.6,1.62,208.33,0.4608354168,0.9918034384610941,3294.3743011923702
3200,472,282,13.6,22.0,6.41,30.0,3460,84,67.3,2440,4240,200,960,76.92,3321.6,5275.19,47.55,30.0,6.41,1.6,1.62,208.33,0.6296648558,0.9245966561850472,3071.1402531842527
3700,472,282,13.6,22.0,6.41,30.0,3460,84,67.3,2440,4240,200,960,76.92,3321.6,4068.04,54.98,30.0,6.41,1.6,1.62,208.33,0.8165121027,0.8450073728745942,2806.7764897402517
4200,472,282,13.6,22.0,6.41,30.0,3460,84,67.3,2440,4240,200,960,76.92,3321.6,3262.34,62.41,30.0,6.41,1.6,1.62,208.33,1.018164528,0.82279751560201,2733.0042278236365
4700,472,282,13.6,22.0,6.41,30.0,3460,84,67.3,2440,4240,200,960,76.92,3321.6,2696.68,69.84,30.0,6.41,1.6,1.62,208.33,1.231735702,0.7658058545055328,2543.7007263255778
15000,472,282,13.6,22.0,6.41,30.0,3460,84,67.3,2440,4240,200,960,76.92,3321.6,532.35,222.88,30.0,6.41,1.6,1.62,208.33,6.23955592,0.18470685664966977,613.522295047543
2700,467,282,12.2,19.6,7.2,33.4,3050,73,66.8,1710,3650,200,960,76.92,2928.0,6154.89,40.42,33.4,7.2,1.59,1.61,208.33,0.4757191203,0.9823302212957131,2876.262887953848
3200,467,282,12.2,19.6,7.2,33.4,3050,73,66.8,1710,3650,200,960,76.92,2928.0,4484.68,47.9,33.4,7.2,1.59,1.61,208.33,0.6528891051,0.8670679099172471,2538.7748402376997
3700,467,282,12.2,19.6,7.2,33.4,3050,73,66.8,1710,3650,200,960,76.92,2928.0,3442.36,55.39,33.4,7.2,1.59,1.61,208.33,0.8505800007,0.793840846384704,2324.365998214413
4200,467,282,12.2,19.6,7.2,33.4,3050,73,66.8,1710,3650,200,960,76.92,2928.0,2747.52,62.87,33.4,7.2,1.59,1.61,208.33,1.065688083,0.7604543769618115,2226.610415744184
4700,467,282,12.2,19.6,7.2,33.4,3050,73,66.8,1710,3650,200,960,76.92,2928.0,2260.45,70.36,33.4,7.2,1.59,1.61,208.33,1.295319686,0.7273968922534906,2129.8181005182205
15000,467,282,12.2,19.6,7.2,33.4,3050,73,66.8,1710,3650,200,960,76.92,2928.0,423.4,224.55,33.4,7.2,1.59,1.61,208.33,6.915457497,0.1731389302985418,506.9507879141304
2500,462,279,10.8,17.2,8.11,37.8,2670,63,66.3,1180,3140,200,960,76.92,2563.2,6094.07,37.71,37.8,8.11,1.59,1.59,208.33,0.420605732,0.9812794220359035,2515.2154145624277
3000,462,279,10.8,17.2,8.11,37.8,2670,63,66.3,1180,3140,200,960,76.92,2563.2,4309.36,45.25,37.8,8.11,1.59,1.59,208.33,0.5947989043,0.9525647830065258,2441.6140518023267
3500,462,279,10.8,17.2,8.11,37.8,2670,63,66.3,1180,3140,200,960,76.92,2563.2,3231.94,52.79,37.8,8.11,1.59,1.59,208.33,0.7930835972,0.8219581995360755,2106.8432570508685
4000,462,279,10.8,17.2,8.11,37.8,2670,63,66.3,1180,3140,200,960,76.92,2563.2,2531.41,60.33,37.8,8.11,1.59,1.59,208.33,1.012558211,0.7699408075578076,1973.5122779321723
4500,462,279,10.8,17.2,8.11,37.8,2670,63,66.3,1180,3140,200,960,76.92,2563.2,2049.93,67.87,37.8,8.11,1.59,1.59,208.33,1.250381803,0.6464098396634238,1656.8777010252877
15000,462,279,10.8,17.2,8.11,37.8,2670,63,66.3,1180,3140,200,960,76.92,2563.2,335.79,226.24,37.8,8.11,1.59,1.59,208.33,7.633294516,0.14481709066617082,371.195166795529
1500,470,194,12.6,20.6,4.71,32.4,2390,25,43.2,1450,1260,200,960,76.92,2294.4,6781.37,34.72,32.4,4.71,2.32,1.63,208.33,0.3383388649,1.0131000051237127,2324.4566517558465
2000,470,194,12.6,20.6,4.71,32.4,2390,25,43.2,1450,1260,200,960,76.92,2294.4,3948.14,46.3,32.4,4.71,2.32,1.63,208.33,0.5811341715,0.9573452143526916,2196.532859810816
2500,470,194,12.6,20.6,4.71,32.4,2390,25,43.2,1450,1260,200,960,76.92,2294.4,2632.68,57.87,32.4,4.71,2.32,1.63,208.33,0.8715059341,0.8446404334807175,1937.9430105781582
3000,470,194,12.6,20.6,4.71,32.4,2390,25,43.2,1450,1260,200,960,76.92,2294.4,1914.28,69.44,32.4,4.71,2.32,1.63,208.33,1.198568322,0.7452609284483274,1709.9266742318423
3500,470,194,12.6,20.6,4.71,32.4,2390,25,43.2,1450,1260,200,960,76.92,2294.4,1477.63,81.02,32.4,4.71,2.32,1.63,208.33,1.552757394,0.6386944849636005,1465.420626300485
5000,470,194,12.6,20.6,4.71,32.4,2390,25,43.2,1450,1260,200,960,76.92,2294.4,847.17,115.74,32.4,4.71,2.32,1.63,208.33,2.708311511,0.31116281275524627,713.9319575856371
1500,467,193,11.4,19.1,5.06,35.7,2180,23,42.9,1140,1140,200,960,76.92,2092.8,6110.7,34.97,35.7,5.06,2.32,1.67,208.33,0.3424809978,1.008752279133449,2111.116769770482
2000,467,193,11.4,19.1,5.06,35.7,2180,23,42.9,1140,1140,200,960,76.92,2092.8,3543.39,46.62,35.7,5.06,2.32,1.67,208.33,0.5906208839,0.9413877478006464,1970.1362785971928
2500,467,193,11.4,19.1,5.06,35.7,2180,23,42.9,1140,1140,200,960,76.92,2092.8,2352.21,58.28,35.7,5.06,2.32,1.67,208.33,0.8897163262,0.8407544163767885,1759.530842593343
3000,467,193,11.4,19.1,5.06,35.7,2180,23,42.9,1140,1140,200,960,76.92,2092.8,1702.41,69.93,35.7,5.06,2.32,1.67,208.33,1.229316651,0.7167897935320464,1500.097679903867
3500,467,193,11.4,19.1,5.06,35.7,2180,23,42.9,1140,1140,200,960,76.92,2092.8,1308.07,81.59,35.7,5.06,2.32,1.67,208.33,1.59990913,0.5613396278290019,1174.7715731205353
5000,467,193,11.4,19.1,5.06,35.7,2180,23,42.9,1140,1140,200,960,76.92,2092.8,740.94,116.55,35.7,5.06,2.32,1.67,208.33,2.824522961,0.30145718758632145,630.8896021806536
1600,462,192,10.5,17.6,5.44,38.7,2020,21,42.7,903,1030,200,960,76.92,1939.2,4887.22,37.47,38.7,5.44,2.31,1.68,208.33,0.3967901311,0.98663179872232,1913.276384082323
2100,462,192,10.5,17.6,5.44,38.7,2020,21,42.7,903,1030,200,960,76.92,1939.2,2918.31,49.18,38.7,5.44,2.31,1.68,208.33,0.6644951437,0.8912779869705452,1728.3662723332811
2600,462,192,10.5,17.6,5.44,38.7,2020,21,42.7,903,1030,200,960,76.92,1939.2,1969.1,60.89,38.7,5.44,2.31,1.68,208.33,0.9848132461,0.835794200517854,1620.7721136442226
3100,462,192,10.5,17.6,5.44,38.7,2020,21,42.7,903,1030,200,960,76.92,1939.2,1438.87,72.6,38.7,5.44,2.31,1.68,208.33,1.347719872,0.7012044437766873,1359.775657371752
3600,462,192,10.5,17.6,5.44,38.7,2020,21,42.7,903,1030,200,960,76.92,1939.2,1111.96,84.31,38.7,5.44,2.31,1.68,208.33,1.743949437,0.4955804641344268,961.0296360494805
10000,462,192,10.5,17.6,5.44,38.7,2020,21,42.7,903,1030,200,960,76.92,1939.2,252.13,234.19,38.7,5.44,2.31,1.68,208.33,7.691144871,0.138331826544167,268.25307803444866
1700,460,191,9.9,16.0,5.98,41.1,1840,19,42.4,691,921,200,960,76.92,1766.4,3866.96,40.09,41.1,5.98,2.32,1.61,208.33,0.4567925804,0.9910917673584605,1750.6644978619847
2200,460,191,9.9,16.0,5.98,41.1,1840,19,42.4,691,921,200,960,76.92,1766.4,2368.91,51.89,41.1,5.98,2.32,1.61,208.33,0.7456598804,0.8933794878395191,1578.0655273197267
2700,460,191,9.9,16.0,5.98,41.1,1840,19,42.4,691,921,200,960,76.92,1766.4,1621.37,63.68,41.1,5.98,2.32,1.61,208.33,1.089449044,0.7701945196508301,1360.4715995112263
3200,460,191,9.9,16.0,5.98,41.1,1840,19,42.4,691,921,200,960,76.92,1766.4,1194.6,75.47,41.1,5.98,2.32,1.61,208.33,1.478648271,0.6394160755165652,1129.464555792461
3700,460,191,9.9,16.0,5.98,41.1,1840,19,42.4,691,921,200,960,76.92,1766.4,927.59,87.26,41.1,5.98,2.32,1.61,208.33,1.904293242,0.44472227959548677,785.5574346774679
10000,460,191,9.9,16.0,5.98,41.1,1840,19,42.4,691,921,200,960,76.92,1766.4,212.57,235.85,41.1,5.98,2.32,1.61,208.33,8.309665965,0.12988459383892453,229.4281465570763
1600,457,191,9.0,14.5,6.57,45.2,1660,17,41.9,516,816,200,960,76.92,1593.6,3844.59,38.19,45.2,6.57,2.32,1.61,208.33,0.414504223,1.0073217838949045,1605.2679948149196
2100,457,191,9.0,14.5,6.57,45.2,1660,17,41.9,516,816,200,960,76.92,1593.6,2279.13,50.12,45.2,6.57,2.32,1.61,208.33,0.6992133731,0.890768316159769,1419.528388632208
2600,457,191,9.0,14.5,6.57,45.2,1660,17,41.9,516,816,200,960,76.92,1593.6,1525.17,62.05,45.2,6.57,2.32,1.61,208.33,1.044868849,0.8208422792414466,1308.0942561991692
3100,457,191,9.0,14.5,6.57,45.2,1660,17,41.9,516,816,200,960,76.92,1593.6,1104.68,73.99,45.2,6.57,2.32,1.61,208.33,1.442593889,0.6805618899660952,1084.5434278499692
3600,457,191,9.0,14.5,6.57,45.2,1660,17,41.9,516,816,200,960,76.92,1593.6,846.03,85.92,45.2,6.57,2.32,1.61,208.33,1.883628297,0.461579712421059,735.5734297141996
10000,457,191,9.0,14.5,6.57,45.2,1660,17,41.9,516,816,200,960,76.92,1593.6,177.67,238.66,45.2,6.57,2.32,1.61,208.33,8.969504433,0.12800263807904533,203.98500404276663
1300,460,154,9.1,15.4,5.01,44.6,1490,9,32.8,508,462,200,960,76.92,1430.4,3296.77,39.63,44.6,5.01,2.89,1.68,208.33,0.433879123,0.984169996822398,1407.7567634547581
1800,460,154,9.1,15.4,5.01,44.6,1490,9,32.8,508,462,200,960,76.92,1430.4,1772.06,54.88,44.6,5.01,2.89,1.68,208.33,0.8071954499,0.8358858275937426,1195.6510877900896
2300,460,154,9.1,15.4,5.01,44.6,1490,9,32.8,508,462,200,960,76.92,1430.4,1126.43,70.12,44.6,5.01,2.89,1.68,208.33,1.269856625,0.7084062764027192,1013.3043377664496
2800,460,154,9.1,15.4,5.01,44.6,1490,9,32.8,508,462,200,960,76.92,1430.4,793.18,85.37,44.6,5.01,2.89,1.68,208.33,1.803375296,0.4867923547190371,696.3077841901107
3300,460,154,9.1,15.4,5.01,44.6,1490,9,32.8,508,462,200,960,76.92,1430.4,598.31,100.61,44.6,5.01,2.89,1.68,208.33,2.390732338,0.37649312555114306,538.5357667883551
5000,460,154,9.1,15.4,5.01,44.6,1490,9,32.8,508,462,200,960,76.92,1430.4,309.72,152.44,44.6,5.01,2.89,1.68,208.33,4.618367498,0.19040684056004878,272.3579447370938
1300,455,153,8.0,13.4,5.73,50.9,1280,8,32.3,337,387,200,960,76.92,1228.8,2759.72,40.25,50.9,5.73,2.89,1.67,208.33,0.4452628755,1.014814934716581,1247.0045917797345
1800,455,153,8.0,13.4,5.73,50.9,1280,8,32.3,337,387,200,960,76.92,1228.8,1474.85,55.73,50.9,5.73,2.89,1.67,208.33,0.833168243,0.8393568673723205,1031.4017186271074
2300,455,153,8.0,13.4,5.73,50.9,1280,8,32.3,337,387,200,960,76.92,1228.8,931.19,71.21,50.9,5.73,2.89,1.67,208.33,1.319602476,0.7316291753991865,899.0259307305204
2800,455,153,8.0,13.4,5.73,50.9,1280,8,32.3,337,387,200,960,76.92,1228.8,650.96,86.69,50.9,5.73,2.89,1.67,208.33,1.887687404,0.47723429480356744,586.4255014546236
3300,455,153,8.0,13.4,5.73,50.9,1280,8,32.3,337,387,200,960,76.92,1228.8,487.42,102.17,50.9,5.73,2.89,1.67,208.33,2.521031233,0.3738055091659756,459.3322096631508
5000,455,153,8.0,13.4,5.73,50.9,1280,8,32.3,337,387,200,960,76.92,1228.8,246.66,154.8,50.9,5.73,2.89,1.67,208.33,4.981785008,0.1843637616482801,226.54619031340658
1300,450,152,7.6,10.8,7.06,53.5,1090,6,31.0,211,306,200,960,76.92,1046.4,2184.19,41.94,53.5,7.06,2.89,1.41,208.33,0.4790790226,1.0035895425261332,1050.156097299346
1800,450,152,7.6,10.8,7.06,53.5,1090,6,31.0,211,306,200,960,76.92,1046.4,1161.76,58.06,53.5,7.06,2.89,1.41,208.33,0.9007038012,0.7910237658443915,827.7272685795713
2300,450,152,7.6,10.8,7.06,53.5,1090,6,31.0,211,306,200,960,76.92,1046.4,729.36,74.19,53.5,7.06,2.89,1.41,208.33,1.434691954,0.6798909555750722,711.4378959137556
2800,450,152,7.6,10.8,7.06,53.5,1090,6,31.0,211,306,200,960,76.92,1046.4,506.68,90.32,53.5,7.06,2.89,1.41,208.33,2.065225455,0.4379044717489138,458.2232392380634
3300,450,152,7.6,10.8,7.06,53.5,1090,6,31.0,211,306,200,960,76.92,1046.4,376.91,106.45,53.5,7.06,2.89,1.41,208.33,2.776230819,0.30841440788354874,322.7248364093454
5000,450,152,7.6,10.8,7.06,53.5,1090,6,31.0,211,306,200,960,76.92,1046.4,186.72,161.29,53.5,7.06,2.89,1.41,208.33,5.6042166,0.14780200922402204,154.66002245201668
2500,432,264,14.9,25.0,5.29,24.3,3240,77,63.8,3220,3200,200,960,76.92,3110.4,7265.53,39.18,24.3,5.29,1.54,1.67,208.33,0.428103529,0.9941377165048104,3092.1659534165624
3000,432,264,14.9,25.0,5.29,24.3,3240,77,63.8,3220,3200,200,960,76.92,3110.4,5259.47,47.02,24.3,5.29,1.54,1.67,208.33,0.5913907769,0.9428791974291519,2932.731455683634
3500,432,264,14.9,25.0,5.29,24.3,3240,77,63.8,3220,3200,200,960,76.92,3110.4,4042.0,54.86,24.3,5.29,1.54,1.67,208.33,0.7695203695,0.8717588435011212,2711.5187068258874
4000,432,264,14.9,25.0,5.29,24.3,3240,77,63.8,3220,3200,200,960,76.92,3110.4,3244.72,62.7,24.3,5.29,1.54,1.67,208.33,0.9586042066,0.8023918316878542,2495.759553281902
4500,432,264,14.9,25.0,5.29,24.3,3240,77,63.8,3220,3200,200,960,76.92,3110.4,2691.8,70.53,24.3,5.29,1.54,1.67,208.33,1.155509987,0.7843795242210935,2439.7340721372893
15000,432,264,14.9,25.0,5.29,24.3,3240,77,63.8,3220,3200,200,960,76.92,3110.4,566.87,235.11,24.3,5.29,1.54,1.67,208.33,5.486930962,0.231832943949793,721.0931888614361
2500,427,264,13.3,22.3,5.92,27.0,2870,68,63.2,2270,2740,200,960,76.92,2755.2,6181.95,39.56,27.0,5.92,1.53,1.68,208.33,0.4456842543,0.9893556635333446,2725.872724167071
3000,427,264,13.3,22.3,5.92,27.0,2870,68,63.2,2270,2740,200,960,76.92,2755.2,4448.78,47.47,27.0,5.92,1.53,1.68,208.33,0.6193163869,0.9300271831840149,2562.4108951085977
3500,427,264,13.3,22.3,5.92,27.0,2870,68,63.2,2270,2740,200,960,76.92,2755.2,3398.76,55.38,27.0,5.92,1.53,1.68,208.33,0.8106484402,0.8523658763849855,2348.4384626159117
4000,427,264,13.3,22.3,5.92,27.0,2870,68,63.2,2270,2740,200,960,76.92,2755.2,2712.71,63.29,27.0,5.92,1.53,1.68,208.33,1.015664384,0.8004034150152984,2205.27148905015
4500,427,264,13.3,22.3,5.92,27.0,2870,68,63.2,2270,2740,200,960,76.92,2755.2,2238.24,71.2,27.0,5.92,1.53,1.68,208.33,1.230969706,0.7750642801299321,2135.457104613989
15000,427,264,13.3,22.3,5.92,27.0,2870,68,63.2,2270,2740,200,960,76.92,2755.2,450.31,237.34,27.0,5.92,1.53,1.68,208.33,6.11849044,0.23028367567197866,634.4775832114356
2500,419,262,11.6,19.4,6.77,31.2,2460,57,62.7,1490,2310,200,960,76.92,2361.6,5124.73,39.87,31.2,6.77,1.53,1.67,208.33,0.4608246515,0.9826183571418634,2320.5515122262245
3000,419,262,11.6,19.4,6.77,31.2,2460,57,62.7,1490,2310,200,960,76.92,2361.6,3663.6,47.85,31.2,6.77,1.53,1.67,208.33,0.6446124114,0.9060054196609976,2139.6223990714116
3500,419,262,11.6,19.4,6.77,31.2,2460,57,62.7,1490,2310,200,960,76.92,2361.6,2779.84,55.82,31.2,6.77,1.53,1.67,208.33,0.8495464821,0.8287165036452122,1957.096895008533
4000,419,262,11.6,19.4,6.77,31.2,2460,57,62.7,1490,2310,200,960,76.92,2361.6,2203.67,63.8,31.2,6.77,1.53,1.67,208.33,1.071666425,0.7763430867292312,1833.4118336197525
4500,419,262,11.6,19.4,6.77,31.2,2460,57,62.7,1490,2310,200,960,76.92,2361.6,1806.28,71.77,31.2,6.77,1.53,1.67,208.33,1.307436674,0.7591952094246939,1792.915406577357
15000,419,262,11.6,19.4,6.77,31.2,2460,57,62.7,1490,2310,200,960,76.92,2361.6,341.41,239.23,31.2,6.77,1.53,1.67,208.33,6.917178368,0.18592082028631182,439.070609188154
2500,414,259,10.0,16.8,7.7,35.9,2130,50,62.5,995,1960,200,960,76.92,2044.8,4319.84,40.0,35.9,7.7,1.53,1.68,208.33,0.4733505055,0.970123720459932,1983.708983596469
3000,414,259,10.0,16.8,7.7,35.9,2130,50,62.5,995,1960,200,960,76.92,2044.8,3071.66,48.0,35.9,7.7,1.53,1.68,208.33,0.6656996892,0.8605673843235235,1759.6881874647408
3500,414,259,10.0,16.8,7.7,35.9,2130,50,62.5,995,1960,200,960,76.92,2044.8,2317.49,56.0,35.9,7.7,1.53,1.68,208.33,0.8823333768,0.7844833099318417,1604.11147214863
4000,414,259,10.0,16.8,7.7,35.9,2130,50,62.5,995,1960,200,960,76.92,2044.8,1826.54,64.0,35.9,7.7,1.53,1.68,208.33,1.119494845,0.7139936783580921,1459.9742735066268
4500,414,259,10.0,16.8,7.7,35.9,2130,50,62.5,995,1960,200,960,76.92,2044.8,1488.56,72.0,35.9,7.7,1.53,1.68,208.33,1.373675798,0.63729875016788,1303.1484843432809
15000,414,259,10.0,16.8,7.7,35.9,2130,50,62.5,995,1960,200,960,76.92,2044.8,264.3,240.0,35.9,7.7,1.53,1.68,208.33,7.736681137,0.15378475403180542,314.45906504423573
1600,417,181,10.9,18.2,4.98,33.0,1720,18,40.6,924,714,200,960,76.92,1651.2,3837.12,39.41,33.0,4.98,2.2,1.67,208.33,0.4303224915,0.9854974140286559,1627.2533300441166
2100,417,181,10.9,18.2,4.98,33.0,1720,18,40.6,924,714,200,960,76.92,1651.2,2317.65,51.72,33.0,4.98,2.2,1.67,208.33,0.7124472057,0.9038152084185455,1492.3796721407023
2600,417,181,10.9,18.2,4.98,33.0,1720,18,40.6,924,714,200,960,76.92,1651.2,1583.55,64.04,33.0,4.98,2.2,1.67,208.33,1.042718698,0.7734095869532679,1277.053909977236
3100,417,181,10.9,18.2,4.98,33.0,1720,18,40.6,924,714,200,960,76.92,1651.2,1172.1,76.35,33.0,4.98,2.2,1.67,208.33,1.408748116,0.6846073396808928,1130.4236392810903
3600,417,181,10.9,18.2,4.98,33.0,1720,18,40.6,924,714,200,960,76.92,1651.2,917.25,88.67,33.0,4.98,2.2,1.67,208.33,1.800165449,0.5295058456851801,874.3200523953694
10000,417,181,10.9,18.2,4.98,33.0,1720,18,40.6,924,714,200,960,76.92,1651.2,227.25,246.31,33.0,4.98,2.2,1.67,208.33,7.265920806,0.164850434977738,272.20103823524096
1500,414,180,9.7,16.0,5.61,37.4,1510,16,40.4,633,610,200,960,76.92,1449.6,3691.15,37.13,37.4,5.61,2.21,1.66,208.33,0.3927235962,0.9860817817852088,1429.4241508758384
2000,414,180,9.7,16.0,5.61,37.4,1510,16,40.4,633,610,200,960,76.92,1449.6,2142.55,49.5,37.4,5.61,2.21,1.66,208.33,0.6765766269,0.8872805346055034,1286.2018629641377
2500,414,180,9.7,16.0,5.61,37.4,1510,16,40.4,633,610,200,960,76.92,1449.6,1423.92,61.88,37.4,5.61,2.21,1.66,208.33,1.018036638,0.8361457557185299,1212.076887489581
3000,414,180,9.7,16.0,5.61,37.4,1510,16,40.4,633,610,200,960,76.92,1449.6,1031.79,74.26,37.4,5.61,2.21,1.66,208.33,1.404939724,0.6458166494671714,936.1758150676117
3500,414,180,9.7,16.0,5.61,37.4,1510,16,40.4,633,610,200,960,76.92,1449.6,793.73,86.63,37.4,5.61,2.21,1.66,208.33,1.826313174,0.4650716662724429,674.1678874285332
10000,414,180,9.7,16.0,5.61,37.4,1510,16,40.4,633,610,200,960,76.92,1449.6,178.57,247.52,37.4,5.61,2.21,1.66,208.33,8.117677176,0.14471259483360457,209.7753774707932
1500,409,179,8.8,14.4,6.23,41.1,1350,14,39.9,462,534,200,960,76.92,1296.0,3224.25,37.59,41.1,6.23,2.2,1.64,208.33,0.4019535104,0.9976043655028745,1292.8952576917252
2000,409,179,8.8,14.4,6.23,41.1,1350,14,39.9,462,534,200,960,76.92,1296.0,1862.71,50.13,41.1,6.23,2.2,1.64,208.33,0.6957604278,0.8926085833633468,1156.8207240388974
2500,409,179,8.8,14.4,6.23,41.1,1350,14,39.9,462,534,200,960,76.92,1296.0,1231.33,62.66,41.1,6.23,2.2,1.64,208.33,1.05251718,0.8029709648754724,1040.650370478612
3000,409,179,8.8,14.4,6.23,41.1,1350,14,39.9,462,534,200,960,76.92,1296.0,887.23,75.19,41.1,6.23,2.2,1.64,208.33,1.460725325,0.6457398312009971,836.8788212364923
3500,409,179,8.8,14.4,6.23,41.1,1350,14,39.9,462,534,200,960,76.92,1296.0,678.69,87.72,41.1,6.23,2.2,1.64,208.33,1.909564488,0.44699333412441766,579.3033610252453
10000,409,179,8.8,14.4,6.23,41.1,1350,14,39.9,462,534,200,960,76.92,1296.0,146.23,250.63,41.1,6.23,2.2,1.64,208.33,8.862471328,0.13270462494870963,171.98519393352768
1500,406,178,7.8,12.8,6.93,46.5,1200,12,39.9,330,465,200,960,76.92,1152.0,2797.99,37.59,46.5,6.93,2.21,1.66,208.33,0.4117242706,1.0189548479025075,1173.8359847836887
2000,406,178,7.8,12.8,6.93,46.5,1200,12,39.9,330,465,200,960,76.92,1152.0,1609.32,50.13,46.5,6.93,2.21,1.66,208.33,0.7158284426,0.8956266656045407,1031.761918776431
2500,406,178,7.8,12.8,6.93,46.5,1200,12,39.9,330,465,200,960,76.92,1152.0,1058.43,62.66,46.5,6.93,2.21,1.66,208.33,1.088407063,0.7819268558336517,900.7797379203668
3000,406,178,7.8,12.8,6.93,46.5,1200,12,39.9,330,465,200,960,76.92,1152.0,758.48,75.19,46.5,6.93,2.21,1.66,208.33,1.51883516,0.6016014640020209,693.0448865303281
3500,406,178,7.8,12.8,6.93,46.5,1200,12,39.9,330,465,200,960,76.92,1152.0,576.95,87.72,46.5,6.93,2.21,1.66,208.33,1.996702045,0.4487622843703185,516.974151594607
10000,406,178,7.8,12.8,6.93,46.5,1200,12,39.9,330,465,200,960,76.92,1152.0,118.53,250.63,46.5,6.93,2.21,1.66,208.33,9.7188864,0.13139730477399222,151.36969509963905
1500,404,178,7.5,11.0,8.12,48.1,1050,10,38.6,227,392,200,960,76.92,1008.0,2355.69,38.86,48.1,8.12,2.21,1.46,208.33,0.4278997804,1.0231705505943869,1031.355914999142
2000,404,178,7.5,11.0,8.12,48.1,1050,10,38.6,227,392,200,960,76.92,1008.0,1349.75,51.81,48.1,8.12,2.21,1.46,208.33,0.7468064889,0.8881921875380199,895.2977250383241
2500,404,178,7.5,11.0,8.12,48.1,1050,10,38.6,227,392,200,960,76.92,1008.0,883.72,64.77,48.1,8.12,2.21,1.46,208.33,1.140627348,0.7298625997165985,735.7015005143313
3000,404,178,7.5,11.0,8.12,48.1,1050,10,38.6,227,392,200,960,76.92,1008.0,630.17,77.72,48.1,8.12,2.21,1.46,208.33,1.599580948,0.5226248813525388,526.8058804033591
3500,404,178,7.5,11.0,8.12,48.1,1050,10,38.6,227,392,200,960,76.92,1008.0,476.88,90.67,48.1,8.12,2.21,1.46,208.33,2.113733571,0.4149937495606306,418.3136995571157
8000,404,178,7.5,11.0,8.12,48.1,1050,10,38.6,227,392,200,960,76.92,1008.0,126.31,207.25,48.1,8.12,2.21,1.46,208.33,7.980329774,0.12227584316577404,123.25404991110024
1200,404,140,7.0,11.1,6.28,51.6,885,5,29.7,192,198,200,960,76.92,849.6,1863.82,40.4,51.6,6.28,2.81,1.59,208.33,0.4558380469,1.024077456167095,870.0562067595638
1700,404,140,7.0,11.1,6.28,51.6,885,5,29.7,192,198,200,960,76.92,849.6,952.51,57.24,51.6,6.28,2.81,1.59,208.33,0.8919594771,0.8357255627242468,710.0324380905201
2200,404,140,7.0,11.1,6.28,51.6,885,5,29.7,192,198,200,960,76.92,849.6,587.34,74.07,51.6,6.28,2.81,1.59,208.33,1.446524888,0.6982947910923887,593.2712545120935
2700,404,140,7.0,11.1,6.28,51.6,885,5,29.7,192,198,200,960,76.92,849.6,404.92,90.91,51.6,6.28,2.81,1.59,208.33,2.098190266,0.4332193242918165,368.0631379183273
3200,404,140,7.0,11.1,6.28,51.6,885,5,29.7,192,198,200,960,76.92,849.6,300.6,107.74,51.6,6.28,2.81,1.59,208.33,2.826328933,0.2968137904201929,252.1729963409959
7000,404,140,7.0,11.1,6.28,51.6,885,5,29.7,192,198,200,960,76.92,849.6,90.08,235.69,51.6,6.28,2.81,1.59,208.33,9.431973636,0.12447863470006669,105.75704804117666
1200,399,140,6.4,8.8,7.97,56.8,724,4,28.4,109,152,200,960,76.92,695.04,1426.32,42.25,56.8,7.97,2.79,1.38,208.33,0.4872972594,0.9929842638402232,690.1637827395087
1700,399,140,6.4,8.8,7.97,56.8,724,4,28.4,109,152,200,960,76.92,695.04,724.4,59.86,56.8,7.97,2.79,1.38,208.33,0.9594698957,0.7635594592201025,530.70436653634
2200,399,140,6.4,8.8,7.97,56.8,724,4,28.4,109,152,200,960,76.92,695.04,443.32,77.46,56.8,7.97,2.79,1.38,208.33,1.56782343,0.5381653736836858,374.04646132510896
2700,399,140,6.4,8.8,7.97,56.8,724,4,28.4,109,152,200,960,76.92,695.04,303.07,95.07,56.8,7.97,2.79,1.38,208.33,2.293311983,0.37609266004066066,261.3994424346608
3200,399,140,6.4,8.8,7.97,56.8,724,4,28.4,109,152,200,960,76.92,695.04,223.03,112.68,56.8,7.97,2.79,1.38,208.33,3.116384809,0.29090019359895397,202.18727055901695
6000,399,140,6.4,8.8,7.97,56.8,724,4,28.4,109,152,200,960,76.92,695.04,79.23,211.27,56.8,7.97,2.79,1.38,208.33,8.77268308,0.12123550262087182,84.26352374161074
10500,599,478,100.0,139.8,1.71,2.9,33300,2570,124.0,945000,136000,200,960,76.92,31968.0,77021.73,84.68,2.9,1.71,0.96,1.4,208.33,0.4150517229,0.8190898138877026,26184.663170362077
11000,599,478,100.0,139.8,1.71,2.9,33300,2570,124.0,945000,136000,200,960,76.92,31968.0,73414.81,88.71,2.9,1.71,0.96,1.4,208.33,0.4354434731,0.8066077062990349,25785.635154967546
11500,599,478,100.0,139.8,1.71,2.9,33300,2570,124.0,945000,136000,200,960,76.92,31968.0,70134.35,92.74,2.9,1.71,0.96,1.4,208.33,0.4558109051,0.7686025272958538,24570.685592593854
12000,599,478,100.0,139.8,1.71,2.9,33300,2570,124.0,945000,136000,200,960,76.92,31968.0,67137.55,96.77,2.9,1.71,0.96,1.4,208.33,0.4761568041,0.7721294661923748,24683.434775237838
12500,599,478,100.0,139.8,1.71,2.9,33300,2570,124.0,945000,136000,200,960,76.92,31968.0,64388.84,100.81,2.9,1.71,0.96,1.4,208.33,0.4964835557,0.7830614598536231,25032.90874860062
200000,599,478,100.0,139.8,1.71,2.9,33300,2570,124.0,945000,136000,200,960,76.92,31968.0,3977.75,1612.9,2.9,1.71,0.96,1.4,208.33,8.036694197,0.2707284101633767,8654.645816102826
11000,579,472,95.0,129.7,1.82,3.0,30000,2310,123.0,766000,117000,200,960,76.92,28800.0,62721.39,89.43,3.0,1.82,0.95,1.36,208.33,0.4591735199,0.8006113358254969,23057.60647177431
11500,579,472,95.0,129.7,1.82,3.0,30000,2310,123.0,766000,117000,200,960,76.92,28800.0,59914.25,93.5,3.0,1.82,0.95,1.36,208.33,0.480686964,0.7721794573963766,22238.768373015646
12000,579,472,95.0,129.7,1.82,3.0,30000,2310,123.0,766000,117000,200,960,76.92,28800.0,57350.36,97.56,3.0,1.82,0.95,1.36,208.33,0.5021764751,0.7734180646154918,22274.440260926163
12500,579,472,95.0,129.7,1.82,3.0,30000,2310,123.0,766000,117000,200,960,76.92,28800.0,54999.13,101.63,3.0,1.82,0.95,1.36,208.33,0.5236446907,0.7825515187382975,22537.48373966297
13000,579,472,95.0,129.7,1.82,3.0,30000,2310,123.0,766000,117000,200,960,76.92,28800.0,52834.94,105.69,3.0,1.82,0.95,1.36,208.33,0.5450938836,0.7810678044708056,22494.7527687592
150000,579,472,95.0,129.7,1.82,3.0,30000,2310,123.0,766000,117000,200,960,76.92,28800.0,4527.23,1219.51,3.0,1.82,0.95,1.36,208.33,6.361507486,0.2707193442189407,7796.717113505493
10000,569,455,78.0,125.0,1.82,3.7,27200,1960,119.0,604000,97200,200,960,76.92,26112.0,56675.98,84.03,3.7,1.82,0.98,1.6,208.33,0.4607242763,0.8119786255465409,21202.385870271275
10500,569,455,78.0,125.0,1.82,3.7,27200,1960,119.0,604000,97200,200,960,76.92,26112.0,53877.52,88.24,3.7,1.82,0.98,1.6,208.33,0.4846547815,0.8008307348955741,20911.29214959323
11000,569,455,78.0,125.0,1.82,3.7,27200,1960,119.0,604000,97200,200,960,76.92,26112.0,51346.0,92.44,3.7,1.82,0.98,1.6,208.33,0.5085498459,0.7645615519148159,19964.231243599672
11500,569,455,78.0,125.0,1.82,3.7,27200,1960,119.0,604000,97200,200,960,76.92,26112.0,49044.58,96.64,3.7,1.82,0.98,1.6,208.33,0.5324136171,0.7697053817206859,20098.54692749055
12000,569,455,78.0,125.0,1.82,3.7,27200,1960,119.0,604000,97200,200,960,76.92,26112.0,46942.95,100.84,3.7,1.82,0.98,1.6,208.33,0.5562496399,0.7802669274732917,20374.330010182595
150000,569,455,78.0,125.0,1.82,3.7,27200,1960,119.0,604000,97200,200,960,76.92,26112.0,3703.06,1260.5,3.7,1.82,0.98,1.6,208.33,7.051467925,0.2809480380095668,7336.1151685058085
10000,549,450,71.9,115.4,1.95,4.0,24300,1740,117.0,466000,81900,200,960,76.92,23328.0,46990.7,85.47,4.0,1.95,0.96,1.6,208.33,0.4964386303,0.8161988823795332,19040.28752814975
10500,549,450,71.9,115.4,1.95,4.0,24300,1740,117.0,466000,81900,200,960,76.92,23328.0,44663.19,89.74,4.0,1.95,0.96,1.6,208.33,0.5223093669,0.8001948652279194,18666.945816036903
11000,549,450,71.9,115.4,1.95,4.0,24300,1740,117.0,466000,81900,200,960,76.92,23328.0,42558.55,94.02,4.0,1.95,0.96,1.6,208.33,0.548138978,0.7680738995514887,17917.62792873713
11500,549,450,71.9,115.4,1.95,4.0,24300,1740,117.0,466000,81900,200,960,76.92,23328.0,40645.91,98.29,4.0,1.95,0.96,1.6,208.33,0.5739322246,0.7694087816703464,17948.768058805843
12000,549,450,71.9,115.4,1.95,4.0,24300,1740,117.0,466000,81900,200,960,76.92,23328.0,38899.89,102.56,4.0,1.95,0.96,1.6,208.33,0.5996931853,0.7795913084587415,18186.306043725523
150000,549,450,71.9,115.4,1.95,4.0,24300,1740,117.0,466000,81900,200,960,76.92,23328.0,3064.68,1282.05,4.0,1.95,0.96,1.6,208.33,7.611883913,0.2735810750633659,6382.099319078199
9000,531,442,66.0,105.7,2.09,4.4,21600,1530,116.0,362000,69300,200,960,76.92,20736.0,43471.9,77.59,4.4,2.09,0.96,1.6,208.33,0.4769978238,0.8163430749568011,16927.69000230423
9500,531,442,66.0,105.7,2.09,4.4,21600,1530,116.0,362000,69300,200,960,76.92,20736.0,41063.04,81.9,4.4,2.09,0.96,1.6,208.33,0.5049796055,0.8147224485409406,16894.084692944944
10000,531,442,66.0,105.7,2.09,4.4,21600,1530,116.0,362000,69300,200,960,76.92,20736.0,38911.6,86.21,4.4,2.09,0.96,1.6,208.33,0.532900251,0.8077008675871592,16748.485190287334
10500,531,442,66.0,105.7,2.09,4.4,21600,1530,116.0,362000,69300,200,960,76.92,20736.0,36977.91,90.52,4.4,2.09,0.96,1.6,208.33,0.560767187,0.7989823640979027,16567.69830193411
11000,531,442,66.0,105.7,2.09,4.4,21600,1530,116.0,362000,69300,200,960,76.92,20736.0,35230.15,94.83,4.4,2.09,0.96,1.6,208.33,0.5885867468,0.7668608401812046,15901.62638199746
150000,531,442,66.0,105.7,2.09,4.4,21600,1530,116.0,362000,69300,200,960,76.92,20736.0,2532.92,1293.1,4.4,2.09,0.96,1.6,208.33,8.186595492,0.2735810750633659,5672.977172513954
8000,513,437,60.5,97.1,2.25,4.8,19300,1350,114.0,278000,58800,200,960,76.92,18528.0,40713.73,70.18,4.8,2.25,0.95,1.61,208.33,0.4550799052,0.856968566587746,15877.913601737759
8500,513,437,60.5,97.1,2.25,4.8,19300,1350,114.0,278000,58800,200,960,76.92,18528.0,38147.39,74.56,4.8,2.25,0.95,1.61,208.33,0.4856950894,0.8254895773011757,15294.670888236184
9000,513,437,60.5,97.1,2.25,4.8,19300,1350,114.0,278000,58800,200,960,76.92,18528.0,35891.86,78.95,4.8,2.25,0.95,1.61,208.33,0.5162172966,0.816102415141627,15120.745547744064
9500,513,437,60.5,97.1,2.25,4.8,19300,1350,114.0,278000,58800,200,960,76.92,18528.0,33893.21,83.33,4.8,2.25,0.95,1.61,208.33,0.5466581578,0.8134345643548281,15071.315608366254
10000,513,437,60.5,97.1,2.25,4.8,19300,1350,114.0,278000,58800,200,960,76.92,18528.0,32109.38,87.72,4.8,2.25,0.95,1.61,208.33,0.5770276163,0.8035504221480364,14888.182221558818
150000,513,437,60.5,97.1,2.25,4.8,19300,1350,114.0,278000,58800,200,960,76.92,18528.0,2085.05,1315.79,4.8,2.25,0.95,1.61,208.33,8.886129498,0.2736267087245615,5069.755659248676
8000,498,432,55.6,88.9,2.43,5.2,17200,1200,113.0,214000,50200,200,960,76.92,16512.0,33821.49,70.8,5.2,2.43,0.95,1.6,208.33,0.4882102983,0.8608571416568701,14214.473123038239
8500,498,432,55.6,88.9,2.43,5.2,17200,1200,113.0,214000,50200,200,960,76.92,16512.0,31675.36,75.22,5.2,2.43,0.95,1.6,208.33,0.521288396,0.8265509564909657,13648.009393578825
9000,498,432,55.6,88.9,2.43,5.2,17200,1200,113.0,214000,50200,200,960,76.92,16512.0,29791.09,79.65,5.2,2.43,0.95,1.6,208.33,0.5542596088,0.8182691031963747,13511.259431978538
9500,498,432,55.6,88.9,2.43,5.2,17200,1200,113.0,214000,50200,200,960,76.92,16512.0,28122.91,84.07,5.2,2.43,0.95,1.6,208.33,0.587136895,0.8163676632545261,13479.862855658735
10000,498,432,55.6,88.9,2.43,5.2,17200,1200,113.0,214000,50200,200,960,76.92,16512.0,26635.2,88.5,5.2,2.43,0.95,1.6,208.33,0.6199314322,0.8033404811420283,13264.758024617171
100000,498,432,55.6,88.9,2.43,5.2,17200,1200,113.0,214000,50200,200,960,76.92,16512.0,2587.58,884.96,5.2,2.43,0.95,1.6,208.33,6.3812534,0.2735720091189299,4517.221014571771
7000,483,427,51.3,81.5,2.62,5.7,15300,1070,111.0,164000,43000,200,960,76.92,14688.0,32577.73,63.06,5.7,2.62,0.94,1.59,208.33,0.4508601663,0.868730798959854,12759.917975122335
7500,483,427,51.3,81.5,2.62,5.7,15300,1070,111.0,164000,43000,200,960,76.92,14688.0,30168.38,67.57,5.7,2.62,0.94,1.59,208.33,0.4868674109,0.8697518442732096,12774.915088684902
8000,483,427,51.3,81.5,2.62,5.7,15300,1070,111.0,164000,43000,200,960,76.92,14688.0,28099.31,72.07,5.7,2.62,0.94,1.59,208.33,0.5227174237,0.8649950839006807,12705.047792333198
8500,483,427,51.3,81.5,2.62,5.7,15300,1070,111.0,164000,43000,200,960,76.92,14688.0,26302.38,76.58,5.7,2.62,0.94,1.59,208.33,0.558428462,0.8271818319240025,12149.646747299748
9000,483,427,51.3,81.5,2.62,5.7,15300,1070,111.0,164000,43000,200,960,76.92,14688.0,24726.57,81.08,5.7,2.62,0.94,1.59,208.33,0.594016793,0.8236968310319149,12098.459054196766
100000,483,427,51.3,81.5,2.62,5.7,15300,1070,111.0,164000,43000,200,960,76.92,14688.0,2139.07,900.9,5.7,2.62,0.94,1.59,208.33,6.866529548,0.27233215975925046,4000.014762543871
6500,475,424,47.8,77.1,2.75,6.1,14200,982,110.0,138000,38700,200,960,76.92,13632.0,31275.25,59.09,6.1,2.75,0.94,1.61,208.33,0.4358717905,0.898278748791504,12245.335903525784
7000,475,424,47.8,77.1,2.75,6.1,14200,982,110.0,138000,38700,200,960,76.92,13632.0,28748.71,63.64,6.1,2.75,0.94,1.61,208.33,0.4741777244,0.869111223790473,11847.724202711728
7500,475,424,47.8,77.1,2.75,6.1,14200,982,110.0,138000,38700,200,960,76.92,13632.0,26609.78,68.18,6.1,2.75,0.94,1.61,208.33,0.5122928438,0.8660101915674224,11805.450931447103
8000,475,424,47.8,77.1,2.75,6.1,14200,982,110.0,138000,38700,200,960,76.92,13632.0,24774.76,72.73,6.1,2.75,0.94,1.61,208.33,0.5502374687,0.8478714175103712,11558.18316350138
8500,475,424,47.8,77.1,2.75,6.1,14200,982,110.0,138000,38700,200,960,76.92,13632.0,23182.47,77.27,6.1,2.75,0.94,1.61,208.33,0.5880305647,0.8162281220263246,11126.821759462857
100000,475,424,47.8,77.1,2.75,6.1,14200,982,110.0,138000,38700,200,960,76.92,13632.0,1879.82,909.09,6.1,2.75,0.94,1.61,208.33,7.251745866,0.2736267087245615,3730.0792933332227
6000,465,422,45.0,72.3,2.92,6.4,13100,903,109.0,114000,34600,200,960,76.92,12576.0,30105.0,55.05,6.4,2.92,0.93,1.61,208.33,0.4177378734,0.894772354746047,11252.657133286288
6500,465,422,45.0,72.3,2.92,6.4,13100,903,109.0,114000,34600,200,960,76.92,12576.0,27421.21,59.63,6.4,2.92,0.93,1.61,208.33,0.4586230459,0.8962908515120688,11271.753748615776
7000,465,422,45.0,72.3,2.92,6.4,13100,903,109.0,114000,34600,200,960,76.92,12576.0,25188.1,64.22,6.4,2.92,0.93,1.61,208.33,0.4992833857,0.8708355906661482,10951.62838821748
7500,465,422,45.0,72.3,2.92,6.4,13100,903,109.0,114000,34600,200,960,76.92,12576.0,23300.19,68.81,6.4,2.92,0.93,1.61,208.33,0.5397381634,0.86686388555814,10901.680224779167
8000,465,422,45.0,72.3,2.92,6.4,13100,903,109.0,114000,34600,200,960,76.92,12576.0,21682.48,73.39,6.4,2.92,0.93,1.61,208.33,0.5800075689,0.8451046912102675,10628.036596660324
100000,465,422,45.0,72.3,2.92,6.4,13100,903,109.0,114000,34600,200,960,76.92,12576.0,1638.44,917.43,6.4,2.92,0.93,1.61,208.33,7.675588188,0.2686223415067487,3378.1945667888713
6000,455,419,42.2,67.6,3.1,6.9,12100,828,108.0,92400,31200,200,960,76.92,11616.0,26211.8,55.56,6.9,3.1,0.92,1.6,208.33,0.4431592563,0.8964781689280151,10413.490410267823
6500,455,419,42.2,67.6,3.1,6.9,12100,828,108.0,92400,31200,200,960,76.92,11616.0,23845.8,60.19,6.9,3.1,0.92,1.6,208.33,0.4871298061,0.9012637535856861,10469.07976165133
7000,455,419,42.2,67.6,3.1,6.9,12100,828,108.0,92400,31200,200,960,76.92,11616.0,21881.44,64.81,6.9,3.1,0.92,1.6,208.33,0.5308608383,0.8742236702848276,10154.982154028557
7500,455,419,42.2,67.6,3.1,6.9,12100,828,108.0,92400,31200,200,960,76.92,11616.0,20223.95,69.44,6.9,3.1,0.92,1.6,208.33,0.5743685635,0.860865257446512,9999.810830498684
8000,455,419,42.2,67.6,3.1,6.9,12100,828,108.0,92400,31200,200,960,76.92,11616.0,18806.1,74.07,6.9,3.1,0.92,1.6,208.33,0.6176720133,0.8356870653972271,9707.34095165419
100000,455,419,42.2,67.6,3.1,6.9,12100,828,108.0,92400,31200,200,960,76.92,11616.0,1412.55,925.93,6.9,3.1,0.92,1.6,208.33,8.223408639,0.2685676419011171,3119.6817283233763
6000,445,417,39.1,63.0,3.31,7.4,11000,753,108.0,74100,27700,200,960,76.92,10560.0,22616.05,55.56,7.4,3.31,0.92,1.61,208.33,0.4669249756,0.8986253076135061,9489.483248398625
6500,445,417,39.1,63.0,3.31,7.4,11000,753,108.0,74100,27700,200,960,76.92,10560.0,20548.91,60.19,7.4,3.31,0.92,1.61,208.33,0.5138958545,0.9020130357739945,9525.257657773382
7000,445,417,39.1,63.0,3.31,7.4,11000,753,108.0,74100,27700,200,960,76.92,10560.0,18836.38,64.81,7.4,3.31,0.92,1.61,208.33,0.560617289,0.8727013446795957,9215.72619981653
7500,445,417,39.1,63.0,3.31,7.4,11000,753,108.0,74100,27700,200,960,76.92,10560.0,17394.14,69.44,7.4,3.31,0.92,1.61,208.33,0.6071008428,0.8612977708086798,9095.304459739658
8000,445,417,39.1,63.0,3.31,7.4,11000,753,108.0,74100,27700,200,960,76.92,10560.0,16162.53,74.07,7.4,3.31,0.92,1.61,208.33,0.6533632432,0.8342748648246041,8809.94257254782
100000,445,417,39.1,63.0,3.31,7.4,11000,753,108.0,74100,27700,200,960,76.92,10560.0,1206.37,925.93,7.4,3.31,0.92,1.61,208.33,8.753537962,0.2686223415067487,2836.651926311266
5500,434,411,35.8,57.2,3.59,8.1,9880,670,107.0,56600,23900,200,960,76.92,9484.8,21063.52,51.4,8.1,3.59,0.92,1.6,208.33,0.4502950145,0.9018695301218164,8554.052119299404
6000,434,411,35.8,57.2,3.59,8.1,9880,670,107.0,56600,23900,200,960,76.92,9484.8,18897.18,56.07,8.1,3.59,0.92,1.6,208.33,0.5019160596,0.8976265626957278,8513.808421856438
6500,434,411,35.8,57.2,3.59,8.1,9880,670,107.0,56600,23900,200,960,76.92,9484.8,17142.46,60.75,8.1,3.59,0.92,1.6,208.33,0.5532928178,0.9003108470939373,8539.268322516575
7000,434,411,35.8,57.2,3.59,8.1,9880,670,107.0,56600,23900,200,960,76.92,9484.8,15692.61,65.42,8.1,3.59,0.92,1.6,208.33,0.6044118651,0.8686703235510376,8239.164284816881
7500,434,411,35.8,57.2,3.59,8.1,9880,670,107.0,56600,23900,200,960,76.92,9484.8,14474.5,70.09,8.1,3.59,0.92,1.6,208.33,0.6552765623,0.858836073696533,8145.888391796876
100000,434,411,35.8,57.2,3.59,8.1,9880,670,107.0,56600,23900,200,960,76.92,9484.8,994.6,934.58,8.1,3.59,0.92,1.6,208.33,9.536343553,0.24248136490616579,2299.887249862001
5500,424,409,32.8,52.6,3.89,8.8,8880,599,106.0,43300,20900,200,960,76.92,8524.8,17745.41,51.89,8.8,3.89,0.91,1.6,208.33,0.4803946165,0.9041248410132179,7707.4834446694795
6000,424,409,32.8,52.6,3.89,8.8,8880,599,106.0,43300,20900,200,960,76.92,8524.8,15884.76,56.6,8.8,3.89,0.91,1.6,208.33,0.5366654812,0.8969597851448248,7646.402776402601
6500,424,409,32.8,52.6,3.89,8.8,8880,599,106.0,43300,20900,200,960,76.92,8524.8,14382.55,61.32,8.8,3.89,0.91,1.6,208.33,0.5927182814,0.8957379262522938,7635.9866737155535
7000,424,409,32.8,52.6,3.89,8.8,8880,599,106.0,43300,20900,200,960,76.92,8524.8,13145.03,66.04,8.8,3.89,0.91,1.6,208.33,0.6485186953,0.8645621038688845,7370.219023061466
7500,424,409,32.8,52.6,3.89,8.8,8880,599,106.0,43300,20900,200,960,76.92,8524.8,12108.12,70.75,8.8,3.89,0.91,1.6,208.33,0.7040567358,0.853443971627454,7275.439169329719
30000,424,409,32.8,52.6,3.89,8.8,8880,599,106.0,43300,20900,200,960,76.92,8524.8,2759.11,283.02,8.8,3.89,0.91,1.6,208.33,3.089687248,0.26174065482316283,2231.2867342364984
5000,417,406,30.0,48.0,4.23,9.7,7980,537,105.0,32900,18200,200,960,76.92,7660.8,16991.38,47.62,9.7,4.23,0.91,1.6,208.33,0.4508638815,0.9022292364392579,6911.797734513867
5500,417,406,30.0,48.0,4.23,9.7,7980,537,105.0,32900,18200,200,960,76.92,7660.8,14953.37,52.38,9.7,4.23,0.91,1.6,208.33,0.5123125803,0.9053354684667131,6935.593956829795
6000,417,406,30.0,48.0,4.23,9.7,7980,537,105.0,32900,18200,200,960,76.92,7660.8,13353.05,57.14,9.7,4.23,0.91,1.6,208.33,0.5737116206,0.8924268205721438,6836.70338703908
6500,417,406,30.0,48.0,4.23,9.7,7980,537,105.0,32900,18200,200,960,76.92,7660.8,12065.31,61.9,9.7,4.23,0.91,1.6,208.33,0.6349442404,0.8952924682675836,6858.656540904304
7000,417,406,30.0,48.0,4.23,9.7,7980,537,105.0,32900,18200,200,960,76.92,7660.8,11007.73,66.67,9.7,4.23,0.91,1.6,208.33,0.6959475956,0.8606988228506528,6593.641542094281
30000,417,406,30.0,48.0,4.23,9.7,7980,537,105.0,32900,18200,200,960,76.92,7660.8,2279.44,285.71,9.7,4.23,0.91,1.6,208.33,3.36082963,0.2591201779868794,1985.0678595218858
4500,406,404,27.2,43.7,4.62,10.7,7140,479,104.0,24800,15800,200,960,76.92,6854.4,16621.35,43.27,10.7,4.62,0.9,1.61,208.33,0.4123852675,0.9284396231207047,6363.896552718558
5000,406,404,27.2,43.7,4.62,10.7,7140,479,104.0,24800,15800,200,960,76.92,6854.4,14310.32,48.08,10.7,4.62,0.9,1.61,208.33,0.4789828386,0.9069878482201794,6216.857506840397
5500,406,404,27.2,43.7,4.62,10.7,7140,479,104.0,24800,15800,200,960,76.92,6854.4,12555.1,52.88,10.7,4.62,0.9,1.61,208.33,0.5459455032,0.9050141662372859,6203.329101056852
6000,406,404,27.2,43.7,4.62,10.7,7140,479,104.0,24800,15800,200,960,76.92,6854.4,11181.73,57.69,10.7,4.62,0.9,1.61,208.33,0.612999772,0.8930354144668046,6121.221944921265
6500,406,404,27.2,43.7,4.62,10.7,7140,479,104.0,24800,15800,200,960,76.92,6854.4,10080.36,62.5,10.7,4.62,0.9,1.61,208.33,0.6799757747,0.8800171316986574,6031.9894275152765
30000,406,404,27.2,43.7,4.62,10.7,7140,479,104.0,24800,15800,200,960,76.92,6854.4,1871.32,288.46,10.7,4.62,0.9,1.61,208.33,3.662878318,0.25281135597243565,1732.8701583774628
4000,399,401,24.9,39.6,5.06,11.6,6390,429,103.0,18600,13800,200,960,76.92,6134.4,16869.64,38.83,11.6,5.06,0.9,1.59,208.33,0.363635586,0.945542281894749,5800.334574055148
4500,399,401,24.9,39.6,5.06,11.6,6390,429,103.0,18600,13800,200,960,76.92,6134.4,14114.33,43.69,11.6,5.06,0.9,1.59,208.33,0.4346219961,0.9326494021239056,5721.244492388886
5000,399,401,24.9,39.6,5.06,11.6,6390,429,103.0,18600,13800,200,960,76.92,6134.4,12103.99,48.54,11.6,5.06,0.9,1.59,208.33,0.5068078947,0.9097649329313157,5580.862004573863
5500,399,401,24.9,39.6,5.06,11.6,6390,429,103.0,18600,13800,200,960,76.92,6134.4,10582.78,53.4,11.6,5.06,0.9,1.59,208.33,0.5796587509,0.9003848263893639,5523.3206790029135
6000,399,401,24.9,39.6,5.06,11.6,6390,429,103.0,18600,13800,200,960,76.92,6134.4,9396.86,58.25,11.6,5.06,0.9,1.59,208.33,0.652813605,0.8926530087677027,5475.890616984595
30000,399,401,24.9,39.6,5.06,11.6,6390,429,103.0,18600,13800,200,960,76.92,6134.4,1535.94,291.26,11.6,5.06,0.9,1.59,208.33,3.993898613,0.24829866213507482,1523.163313001403
4500,394,399,22.6,36.6,5.45,12.8,5820,388,103.0,14500,12300,200,960,76.92,5587.2,12256.22,43.69,12.8,5.45,0.9,1.62,208.33,0.4558666463,0.9277857398037872,5183.72448543172
5000,394,399,22.6,36.6,5.45,12.8,5820,388,103.0,14500,12300,200,960,76.92,5587.2,10473.66,48.54,12.8,5.45,0.9,1.62,208.33,0.5334527065,0.9138540371349684,5105.885276280495
5500,394,399,22.6,36.6,5.45,12.8,5820,388,103.0,14500,12300,200,960,76.92,5587.2,9128.84,53.4,12.8,5.45,0.9,1.62,208.33,0.6120384677,0.9071102973494986,5068.206653351118
6000,394,399,22.6,36.6,5.45,12.8,5820,388,103.0,14500,12300,200,960,76.92,5587.2,8083.61,58.25,12.8,5.45,0.9,1.62,208.33,0.6911763493,0.8934263145895458,4991.75150487471
6500,394,399,22.6,36.6,5.45,12.8,5820,388,103.0,14500,12300,200,960,76.92,5587.2,7250.85,63.11,12.8,5.45,0.9,1.62,208.33,0.7705584382,0.8678013926223351,4848.57994085951
30000,394,399,22.6,36.6,5.45,12.8,5820,388,103.0,14500,12300,200,960,76.92,5587.2,1291.62,291.26,12.8,5.45,0.9,1.62,208.33,4.325742051,0.2274157699775891,1270.6173900187857
4500,386,399,21.1,33.4,5.97,13.7,5240,349,102.0,11000,10900,200,960,76.92,5030.4,10556.07,44.12,13.7,5.97,0.88,1.58,208.33,0.476541091,0.9370321464523022,4713.64650951366
5000,386,399,21.1,33.4,5.97,13.7,5240,349,102.0,11000,10900,200,960,76.92,5030.4,8984.0,49.02,13.7,5.97,0.88,1.58,208.33,0.5599289447,0.9062812425256831,4558.957162401196
5500,386,399,21.1,33.4,5.97,13.7,5240,349,102.0,11000,10900,200,960,76.92,5030.4,7801.72,53.92,13.7,5.97,0.88,1.58,208.33,0.6447810567,0.8910634368026584,4482.405512492092
6000,386,399,21.1,33.4,5.97,13.7,5240,349,102.0,11000,10900,200,960,76.92,5030.4,6885.8,58.82,13.7,5.97,0.88,1.58,208.33,0.7305466393,0.8829252587394663,4441.467221563011
6500,386,399,21.1,33.4,5.97,13.7,5240,349,102.0,11000,10900,200,960,76.92,5030.4,6158.44,63.73,13.7,5.97,0.88,1.58,208.33,0.8168297126,0.8346805099382779,4198.776837193513
30000,386,399,21.1,33.4,5.97,13.7,5240,349,102.0,11000,10900,200,960,76.92,5030.4,1069.06,294.12,13.7,5.97,0.88,1.58,208.33,4.705428677,0.2122707615572164,1067.8068389374212
4000,381,396,18.9,30.3,6.54,15.3,4700,311,102.0,8200,9560,200,960,76.92,4512.0,10917.41,39.22,15.3,6.54,0.89,1.6,208.33,0.4132847009,0.9978342954787695,4502.228341200208
4500,381,396,18.9,30.3,6.54,15.3,4700,311,102.0,8200,9560,200,960,76.92,4512.0,9016.48,44.12,15.3,6.54,0.89,1.6,208.33,0.5004170426,0.9833922565820185,4437.065861698067
5000,381,396,18.9,30.3,6.54,15.3,4700,311,102.0,8200,9560,200,960,76.92,4512.0,7641.28,49.02,15.3,6.54,0.89,1.6,208.33,0.5904767,0.9133559523491617,4121.062056999417
5500,381,396,18.9,30.3,6.54,15.3,4700,311,102.0,8200,9560,200,960,76.92,4512.0,6610.08,53.92,15.3,6.54,0.89,1.6,208.33,0.682593873,0.8827447927939134,3982.9445050861373
6000,381,396,18.9,30.3,6.54,15.3,4700,311,102.0,8200,9560,200,960,76.92,4512.0,5813.65,58.82,15.3,6.54,0.89,1.6,208.33,0.7761041287,0.8666748053658629,3910.4367218107736
30000,381,396,18.9,30.3,6.54,15.3,4700,311,102.0,8200,9560,200,960,76.92,4512.0,873.44,294.12,15.3,6.54,0.89,1.6,208.33,5.16579137,0.1974831122583792,891.0438025098069
4000,376,394,17.3,27.7,7.11,16.8,4260,282,101.0,6330,8510,200,960,76.92,4089.6,9578.81,39.6,16.8,7.11,0.88,1.6,208.33,0.4269425116,0.9716517681372064,3973.667070973919
4500,376,394,17.3,27.7,7.11,16.8,4260,282,101.0,6330,8510,200,960,76.92,4089.6,7880.49,44.55,16.8,7.11,0.88,1.6,208.33,0.5189524807,0.9627680231168427,3937.33610733864
5000,376,394,17.3,27.7,7.11,16.8,4260,282,101.0,6330,8510,200,960,76.92,4089.6,6654.34,49.5,16.8,7.11,0.88,1.6,208.33,0.6145761416,0.8473816754085284,3465.4520997507175
5500,376,394,17.3,27.7,7.11,16.8,4260,282,101.0,6330,8510,200,960,76.92,4089.6,5736.96,54.46,16.8,7.11,0.88,1.6,208.33,0.7128517784,0.825610052161435,3376.4148693194047
6000,376,394,17.3,27.7,7.11,16.8,4260,282,101.0,6330,8510,200,960,76.92,4089.6,5030.13,59.41,16.8,7.11,0.88,1.6,208.33,0.8130201201,0.810041963048607,3312.747612083583
30000,376,394,17.3,27.7,7.11,16.8,4260,282,101.0,6330,8510,200,960,76.92,4089.6,732.55,297.03,16.8,7.11,0.88,1.6,208.33,5.582671949,0.1960940067990168,801.9460502052591
3700,373,373,16.4,26.1,7.15,17.7,3830,228,95.5,5120,6850,200,960,76.92,3676.8,8828.43,38.74,17.7,7.15,0.93,1.59,208.33,0.416472786,0.992805408578224,3650.346926260414
4200,373,373,16.4,26.1,7.15,17.7,3830,228,95.5,5120,6850,200,960,76.92,3676.8,7127.76,43.98,17.7,7.15,0.93,1.59,208.33,0.5158424471,0.9783032754562304,3597.025483197468
4700,373,373,16.4,26.1,7.15,17.7,3830,228,95.5,5120,6850,200,960,76.92,3676.8,5930.56,49.21,17.7,7.15,0.93,1.59,208.33,0.6199756034,0.8507561031381581,3128.06004001838
5200,373,373,16.4,26.1,7.15,17.7,3830,228,95.5,5120,6850,200,960,76.92,3676.8,5052.95,54.45,17.7,7.15,0.93,1.59,208.33,0.7276534433,0.8310813028151358,3055.7197341906917
5700,373,373,16.4,26.1,7.15,17.7,3830,228,95.5,5120,6850,200,960,76.92,3676.8,4388.11,59.69,17.7,7.15,0.93,1.59,208.33,0.8379014446,0.8175685906671529,3006.036194164988
30000,373,373,16.4,26.1,7.15,17.7,3830,228,95.5,5120,6850,200,960,76.92,3676.8,592.35,314.14,17.7,7.15,0.93,1.59,208.33,6.207175964,0.20380443822983946,749.3481584834738
3500,368,373,15.0,23.9,7.8,19.3,3470,206,95.0,3900,6100,200,960,76.92,3331.2,8548.8,36.84,19.3,7.8,0.92,1.59,208.33,0.3896685524,0.9763659380234432,3252.4702127436935
4000,368,373,15.0,23.9,7.8,19.3,3470,206,95.0,3900,6100,200,960,76.92,3331.2,6775.39,42.11,19.3,7.8,0.92,1.59,208.33,0.4916616111,0.974623297653481,3246.665129143276
4500,368,373,15.0,23.9,7.8,19.3,3470,206,95.0,3900,6100,200,960,76.92,3331.2,5552.35,47.37,19.3,7.8,0.92,1.59,208.33,0.5999624955,0.8873670841634319,2955.9972307652242
5000,368,373,15.0,23.9,7.8,19.3,3470,206,95.0,3900,6100,200,960,76.92,3331.2,4670.94,52.63,19.3,7.8,0.92,1.59,208.33,0.7131761723,0.8459156248241032,2817.9141294140522
5500,368,373,15.0,23.9,7.8,19.3,3470,206,95.0,3900,6100,200,960,76.92,3331.2,4012.83,57.89,19.3,7.8,0.92,1.59,208.33,0.8301369381,0.8046116118005682,2680.3222012300525
30000,368,373,15.0,23.9,7.8,19.3,3470,206,95.0,3900,6100,200,960,76.92,3331.2,492.93,315.79,19.3,7.8,0.92,1.59,208.33,6.757970983,0.2028149061096231,675.6170152323765
3500,363,371,13.3,21.8,8.49,21.7,3150,186,94.7,2960,5420,200,960,76.92,3024.0,7525.41,36.96,21.7,8.49,0.92,1.64,208.33,0.4018384946,0.9681546320864441,2927.699607429407
4000,363,371,13.3,21.8,8.49,21.7,3150,186,94.7,2960,5420,200,960,76.92,3024.0,5941.21,42.24,21.7,8.49,0.92,1.64,208.33,0.5089869128,0.9700614206566021,2933.4657360655647
4500,363,371,13.3,21.8,8.49,21.7,3150,186,94.7,2960,5420,200,960,76.92,3024.0,4850.08,47.52,21.7,8.49,0.92,1.64,208.33,0.6234951453,0.8893311683435563,2689.3374530709143
5000,363,371,13.3,21.8,8.49,21.7,3150,186,94.7,2960,5420,200,960,76.92,3024.0,4064.96,52.8,21.7,8.49,0.92,1.64,208.33,0.7439183965,0.8516257322493718,2575.3162143221
5500,363,371,13.3,21.8,8.49,21.7,3150,186,94.7,2960,5420,200,960,76.92,3024.0,3479.82,58.08,21.7,8.49,0.92,1.64,208.33,0.8690106894,0.803919281149946,2431.051906197437
30000,363,371,13.3,21.8,8.49,21.7,3150,186,94.7,2960,5420,200,960,76.92,3024.0,409.54,316.79,21.7,8.49,0.92,1.64,208.33,7.383874912,0.20950633994011306,633.5471719789019
3500,361,371,12.3,19.9,9.34,23.5,2830,167,94.2,2240,4830,200,960,76.92,2716.8,6625.62,37.15,23.5,9.34,0.92,1.61,208.33,0.4100448479,0.9731374695648718,2643.819877313844
4000,361,371,12.3,19.9,9.34,23.5,2830,167,94.2,2240,4830,200,960,76.92,2716.8,5211.58,42.46,23.5,9.34,0.92,1.61,208.33,0.5213009628,0.9716616732769237,2639.810433958746
4500,361,371,12.3,19.9,9.34,23.5,2830,167,94.2,2240,4830,200,960,76.92,2716.8,4238.68,47.77,23.5,9.34,0.92,1.61,208.33,0.6409535187,0.8739951612690732,2374.4700541358184
5000,361,371,12.3,19.9,9.34,23.5,2830,167,94.2,2240,4830,200,960,76.92,2716.8,3539.58,53.08,23.5,9.34,0.92,1.61,208.33,0.7675494611,0.8457919140449021,2297.84747207719
5500,361,371,12.3,19.9,9.34,23.5,2830,167,94.2,2240,4830,200,960,76.92,2716.8,3019.35,58.39,23.5,9.34,0.92,1.61,208.33,0.8997974757,0.7979150702521132,2167.7756628609413
30000,361,371,12.3,19.9,9.34,23.5,2830,167,94.2,2240,4830,200,960,76.92,2716.8,339.06,318.47,23.5,9.34,0.92,1.61,208.33,8.012634392,0.20425831483148685,554.9289897341835
3500,356,368,11.2,18.0,10.2,25.9,2570,151,94.0,1690,4300,200,960,76.92,2467.2,5861.77,37.23,25.9,10.2,0.92,1.61,208.33,0.420897085,0.9738152596136099,2402.597008518698
4000,356,368,11.2,18.0,10.2,25.9,2570,151,94.0,1690,4300,200,960,76.92,2467.2,4595.15,42.55,25.9,10.2,0.92,1.61,208.33,0.5369135283,0.9710461372041567,2395.765029710095
4500,356,368,11.2,18.0,10.2,25.9,2570,151,94.0,1690,4300,200,960,76.92,2467.2,3724.44,47.87,25.9,10.2,0.92,1.61,208.33,0.6624354021,0.8723636777436792,2152.295665729205
5000,356,368,11.2,18.0,10.2,25.9,2570,151,94.0,1690,4300,200,960,76.92,2467.2,3099.42,53.19,25.9,10.2,0.92,1.61,208.33,0.7960191515,0.829982060596122,2047.731739902752
5500,356,368,11.2,18.0,10.2,25.9,2570,151,94.0,1690,4300,200,960,76.92,2467.2,2634.92,58.51,25.9,10.2,0.92,1.61,208.33,0.9363458667,0.7875367583143924,1943.0106901132688
30000,356,368,11.2,18.0,10.2,25.9,2570,151,94.0,1690,4300,200,960,76.92,2467.2,281.5,319.15,25.9,10.2,0.92,1.61,208.33,8.764361562,0.20181915753365115,497.9282254670241
2500,363,257,13.0,21.7,5.92,22.4,2280,62,63.0,2110,1800,200,960,76.92,2188.8,4939.54,39.68,22.4,5.92,1.33,1.67,208.33,0.4431180193,0.9899425982870654,2166.786359130729
3000,363,257,13.0,21.7,5.92,22.4,2280,62,63.0,2110,1800,200,960,76.92,2188.8,3593.94,47.62,22.4,5.92,1.33,1.67,208.33,0.6090257673,0.9302340626842864,2036.0963164033662
3500,363,257,13.0,21.7,5.92,22.4,2280,62,63.0,2110,1800,200,960,76.92,2188.8,2775.87,55.56,22.4,5.92,1.33,1.67,208.33,0.7885098038,0.8660510771578236,1895.6125976830444
4000,363,257,13.0,21.7,5.92,22.4,2280,62,63.0,2110,1800,200,960,76.92,2188.8,2238.95,63.49,22.4,5.92,1.33,1.67,208.33,0.9775997077,0.8016037407238847,1754.550267696439
4500,363,257,13.0,21.7,5.92,22.4,2280,62,63.0,2110,1800,200,960,76.92,2188.8,1865.63,71.43,22.4,5.92,1.33,1.67,208.33,1.173226085,0.7936295224051337,1737.096298640357
20000,363,257,13.0,21.7,5.92,22.4,2280,62,63.0,2110,1800,200,960,76.92,2188.8,298.84,317.46,22.4,5.92,1.33,1.67,208.33,7.324346179,0.2219201156412114,485.73874911548353
2500,361,257,11.4,20.0,6.41,25.4,2060,56,63.0,1610,1610,200,960,76.92,1977.6,4373.07,39.68,25.4,6.41,1.33,1.76,208.33,0.452222429,0.9894161120870534,1956.6693032633566
3000,361,257,11.4,20.0,6.41,25.4,2060,56,63.0,1610,1610,200,960,76.92,1977.6,3165.0,47.62,25.4,6.41,1.33,1.76,208.33,0.6248334953,0.9303957007537215,1839.9505378105596
3500,361,257,11.4,20.0,6.41,25.4,2060,56,63.0,1610,1610,200,960,76.92,1977.6,2431.88,55.56,25.4,6.41,1.33,1.76,208.33,0.8131971634,0.8495764534317355,1680.1223943066
4000,361,257,11.4,20.0,6.41,25.4,2060,56,63.0,1610,1610,200,960,76.92,1977.6,1951.83,63.49,25.4,6.41,1.33,1.76,208.33,1.013205576,0.794312608524551,1570.8326146181519
4500,361,257,11.4,20.0,6.41,25.4,2060,56,63.0,1610,1610,200,960,76.92,1977.6,1618.93,71.43,25.4,6.41,1.33,1.76,208.33,1.22154404,0.7719109857749026,1526.5311654684472
20000,361,257,11.4,20.0,6.41,25.4,2060,56,63.0,1610,1610,200,960,76.92,1977.6,249.56,317.46,25.4,6.41,1.33,1.76,208.33,7.924482752,0.2215893442652984,438.21508721905406
2400,356,254,10.5,18.2,6.97,27.5,1880,50,62.5,1250,1440,200,960,76.92,1804.8,4180.55,38.4,27.5,6.97,1.33,1.74,208.33,0.4317136103,0.987120117062683,1781.5543872747303
2900,356,254,10.5,18.2,6.97,27.5,1880,50,62.5,1250,1440,200,960,76.92,1804.8,2968.72,46.4,27.5,6.97,1.33,1.74,208.33,0.6079389634,0.9347160632430387,1686.975550941036
3400,356,254,10.5,18.2,6.97,27.5,1880,50,62.5,1250,1440,200,960,76.92,1804.8,2247.57,54.4,27.5,6.97,1.33,1.74,208.33,0.8030013095,0.8229763100679802,1485.3076444106907
3900,356,254,10.5,18.2,6.97,27.5,1880,50,62.5,1250,1440,200,960,76.92,1804.8,1782.41,62.4,27.5,6.97,1.33,1.74,208.33,1.012561285,0.7961532893827089,1436.897456677913
4400,356,254,10.5,18.2,6.97,27.5,1880,50,62.5,1250,1440,200,960,76.92,1804.8,1463.8,70.4,27.5,6.97,1.33,1.74,208.33,1.232958416,0.7512100730572296,1355.783939853688
20000,356,254,10.5,18.2,6.97,27.5,1880,50,62.5,1250,1440,200,960,76.92,1804.8,209.94,320.0,27.5,6.97,1.33,1.74,208.33,8.596874347,0.2184802700190005,394.3131913302921
2500,353,254,9.5,16.4,7.75,30.4,1670,45,62.2,912,1260,200,960,76.92,1603.2,3360.05,40.19,30.4,7.75,1.33,1.72,208.33,0.4771358624,0.9748689190858779,1562.9098510784795
3000,353,254,9.5,16.4,7.75,30.4,1670,45,62.2,912,1260,200,960,76.92,1603.2,2409.07,48.23,30.4,7.75,1.33,1.72,208.33,0.6654839822,0.8690673723646762,1393.288811375049
3500,353,254,9.5,16.4,7.75,30.4,1670,45,62.2,912,1260,200,960,76.92,1603.2,1833.49,56.27,30.4,7.75,1.33,1.72,208.33,0.8743973222,0.7908829564314076,1267.9435557508327
4000,353,254,9.5,16.4,7.75,30.4,1670,45,62.2,912,1260,200,960,76.92,1603.2,1457.9,64.31,30.4,7.75,1.33,1.72,208.33,1.09966436,0.7260040547933891,1163.9297006447614
4500,353,254,9.5,16.4,7.75,30.4,1670,45,62.2,912,1260,200,960,76.92,1603.2,1198.55,72.35,30.4,7.75,1.33,1.72,208.33,1.337615202,0.6789349911119545,1088.4685777506857
15000,353,254,9.5,16.4,7.75,30.4,1670,45,62.2,912,1260,200,960,76.92,1603.2,233.25,241.16,30.4,7.75,1.33,1.72,208.33,6.873259752,0.18434629928862445,295.5439870195227
1900,353,205,9.4,16.8,6.11,30.9,1430,24,48.8,807,682,200,960,76.92,1372.8,3129.89,38.93,30.9,6.11,1.64,1.78,208.33,0.4386093257,0.9997985758684611,1372.5234849522233
2400,353,205,9.4,16.8,6.11,30.9,1430,24,48.8,807,682,200,960,76.92,1372.8,2043.28,49.18,30.9,6.11,1.64,1.78,208.33,0.6718615048,0.8970043638975492,1231.4075907585554
2900,353,205,9.4,16.8,6.11,30.9,1430,24,48.8,807,682,200,960,76.92,1372.8,1465.44,59.43,30.9,6.11,1.64,1.78,208.33,0.9367822163,0.8407925546685565,1154.2400190489943
3400,353,205,9.4,16.8,6.11,30.9,1430,24,48.8,807,682,200,960,76.92,1372.8,1120.53,69.67,30.9,6.11,1.64,1.78,208.33,1.225139062,0.7598110974395339,1043.068674564992
3900,353,205,9.4,16.8,6.11,30.9,1430,24,48.8,807,682,200,960,76.92,1372.8,897.16,79.92,30.9,6.11,1.64,1.78,208.33,1.530160668,0.6627105478637221,909.7690401073177
10000,353,205,9.4,16.8,6.11,30.9,1430,24,48.8,807,682,200,960,76.92,1372.8,247.82,204.92,30.9,6.11,1.64,1.78,208.33,5.539601049,0.18330732328842597,251.64429341035117
1900,351,204,8.6,15.1,6.75,33.6,1280,21,48.5,604,602,200,960,76.92,1228.8,2746.45,39.18,33.6,6.75,1.65,1.75,208.33,0.4474137781,0.994997341569301,1222.652733320357
2400,351,204,8.6,15.1,6.75,33.6,1280,21,48.5,604,602,200,960,76.92,1228.8,1783.57,49.48,33.6,6.75,1.65,1.75,208.33,0.6889539701,0.8747321053933882,1074.8708111073954
2900,351,204,8.6,15.1,6.75,33.6,1280,21,48.5,604,602,200,960,76.92,1228.8,1272.17,59.79,33.6,6.75,1.65,1.75,208.33,0.9659074984,0.8263152300431567,1015.3761546770309
3400,351,204,8.6,15.1,6.75,33.6,1280,21,48.5,604,602,200,960,76.92,1228.8,967.46,70.1,33.6,6.75,1.65,1.75,208.33,1.270135066,0.7307966098929306,898.0028742364331
3900,351,204,8.6,15.1,6.75,33.6,1280,21,48.5,604,602,200,960,76.92,1228.8,770.58,80.41,33.6,6.75,1.65,1.75,208.33,1.59464257,0.6245075732167364,767.3949059687258
15000,351,204,8.6,15.1,6.75,33.6,1280,21,48.5,604,602,200,960,76.92,1228.8,129.12,309.28,33.6,6.75,1.65,1.75,208.33,9.517064623,0.1634970802556718,200.9052122181695
1900,348,203,7.8,13.5,7.54,37.4,1140,19,48.0,437,524,200,960,76.92,1094.4,2376.46,39.58,37.4,7.54,1.65,1.74,208.33,0.4605177031,0.9780661815763283,1070.3956291171337
2400,348,203,7.8,13.5,7.54,37.4,1140,19,48.0,437,524,200,960,76.92,1094.4,1535.28,50.0,37.4,7.54,1.65,1.74,208.33,0.7128360336,0.8473722630151953,927.3642046438298
2900,348,203,7.8,13.5,7.54,37.4,1140,19,48.0,437,524,200,960,76.92,1094.4,1088.98,60.42,37.4,7.54,1.65,1.74,208.33,1.004976036,0.7904374280010005,865.054721204295
3400,348,203,7.8,13.5,7.54,37.4,1140,19,48.0,437,524,200,960,76.92,1094.4,823.48,70.83,37.4,7.54,1.65,1.74,208.33,1.329001748,0.659605500388858,721.8722596255662
3900,348,203,7.8,13.5,7.54,37.4,1140,19,48.0,437,524,200,960,76.92,1094.4,652.29,81.25,37.4,7.54,1.65,1.74,208.33,1.677785783,0.523251947812052,572.6469316855097
5000,348,203,7.8,13.5,7.54,37.4,1140,19,48.0,437,524,200,960,76.92,1094.4,437.06,104.17,37.4,7.54,1.65,1.74,208.33,2.503982664,0.3519839202035932,385.2112022708124
1500,358,172,7.9,13.1,6.57,39.6,1010,11,39.4,332,330,200,960,76.92,969.6,2294.54,38.07,39.6,6.57,2.01,1.66,208.33,0.4225680775,0.9994405657659298,969.0575725666455
2000,358,172,7.9,13.1,6.57,39.6,1010,11,39.4,332,330,200,960,76.92,969.6,1330.75,50.76,39.6,6.57,2.01,1.66,208.33,0.7286142558,0.8896079625610535,862.5638804991975
2500,358,172,7.9,13.1,6.57,39.6,1010,11,39.4,332,330,200,960,76.92,969.6,883.55,63.45,39.6,6.57,2.01,1.66,208.33,1.09738805,0.7735872021233012,750.0701511787529
3000,358,172,7.9,13.1,6.57,39.6,1010,11,39.4,332,330,200,960,76.92,969.6,639.59,76.14,39.6,6.57,2.01,1.66,208.33,1.515962934,0.6023562068009781,584.0445781142284
3500,358,172,7.9,13.1,6.57,39.6,1010,11,39.4,332,330,200,960,76.92,969.6,491.54,88.83,39.6,6.57,2.01,1.66,208.33,1.972589679,0.4460029613641831,432.44447133871194
10000,358,172,7.9,13.1,6.57,39.6,1010,11,39.4,332,330,200,960,76.92,969.6,109.78,253.81,39.6,6.57,2.01,1.66,208.33,8.832089256,0.13446759535754035,130.37978045867112
1500,356,171,7.2,11.5,7.41,43.1,895,10,38.9,237,287,200,960,76.92,859.2,1985.76,38.56,43.1,7.41,2.01,1.59,208.33,0.4326804868,1.0018953282131482,860.828466000737
2000,356,171,7.2,11.5,7.41,43.1,895,10,38.9,237,287,200,960,76.92,859.2,1145.94,51.41,43.1,7.41,2.01,1.59,208.33,0.749775016,0.8580272208235795,737.2169881316196
2500,356,171,7.2,11.5,7.41,43.1,895,10,38.9,237,287,200,960,76.92,859.2,756.56,64.27,43.1,7.41,2.01,1.59,208.33,1.135663994,0.7444544368977902,639.6352521825814
3000,356,171,7.2,11.5,7.41,43.1,895,10,38.9,237,287,200,960,76.92,859.2,544.4,77.12,43.1,7.41,2.01,1.59,208.33,1.57824863,0.5291285161729855,454.62722109582916
3500,356,171,7.2,11.5,7.41,43.1,895,10,38.9,237,287,200,960,76.92,859.2,415.87,89.97,43.1,7.41,2.01,1.59,208.33,2.066028978,0.406528573273024,349.28935015618225
5000,356,171,7.2,11.5,7.41,43.1,895,10,38.9,237,287,200,960,76.92,859.2,231.83,128.53,43.1,7.41,2.01,1.59,208.33,3.706165188,0.23265631674722304,199.89830734921404
1500,351,171,6.9,9.8,8.74,45.4,775,8,37.8,158,238,200,960,76.92,744.0,1647.55,39.68,45.4,8.74,2.0,1.43,208.33,0.4515784145,0.9845555938855358,732.5093618508387
2000,351,171,6.9,9.8,8.74,45.4,775,8,37.8,158,238,200,960,76.92,744.0,946.37,52.91,45.4,8.74,2.0,1.43,208.33,0.7861649289,0.8430496654527379,627.2289510968369
2500,351,171,6.9,9.8,8.74,45.4,775,8,37.8,158,238,200,960,76.92,744.0,621.44,66.14,45.4,8.74,2.0,1.43,208.33,1.19721203,0.6773624227340984,503.9576425141692
3000,351,171,6.9,9.8,8.74,45.4,775,8,37.8,158,238,200,960,76.92,744.0,444.58,79.37,45.4,8.74,2.0,1.43,208.33,1.67350268,0.5180282328797002,385.413005262497
3500,351,171,6.9,9.8,8.74,45.4,775,8,37.8,158,238,200,960,76.92,744.0,337.58,92.59,45.4,8.74,2.0,1.43,208.33,2.203909368,0.3638711001120631,270.72009848337495
5000,351,171,6.9,9.8,8.74,45.4,775,8,37.8,158,238,200,960,76.92,744.0,184.97,132.28,45.4,8.74,2.0,1.43,208.33,4.02217348,0.2264578026930739,168.48460520364696
1100,353,128,6.5,10.7,5.98,48.1,659,4,27.4,149,109,200,960,76.92,632.64,1402.11,40.15,48.1,5.98,2.67,1.65,208.33,0.4512058143,1.02577234882093,648.9446187580731
1600,353,128,6.5,10.7,5.98,48.1,659,4,27.4,149,109,200,960,76.92,632.64,684.74,58.39,48.1,5.98,2.67,1.65,208.33,0.9239173339,0.8460112125009074,535.220533476574
2100,353,128,6.5,10.7,5.98,48.1,659,4,27.4,149,109,200,960,76.92,632.64,414.37,76.64,48.1,5.98,2.67,1.65,208.33,1.526765174,0.6141890648980646,388.56057001711156
2600,353,128,6.5,10.7,5.98,48.1,659,4,27.4,149,109,200,960,76.92,632.64,283.69,94.89,48.1,5.98,2.67,1.65,208.33,2.230044675,0.4083700895167485,258.35125343187576
3100,353,128,6.5,10.7,5.98,48.1,659,4,27.4,149,109,200,960,76.92,632.64,210.4,113.14,48.1,5.98,2.67,1.65,208.33,3.006847156,0.3092142389214675,195.6212961112772
5000,353,128,6.5,10.7,5.98,48.1,659,4,27.4,149,109,200,960,76.92,632.64,100.44,182.48,48.1,5.98,2.67,1.65,208.33,6.298713219,0.12731050121977192,80.5417154916765
1050,348,127,5.8,8.5,7.46,53.3,544,3,26.4,87,84,200,960,76.92,522.24,1187.03,39.77,53.3,7.46,2.67,1.46,208.33,0.4399535527,1.0167817148055698,531.0040827400608
1550,348,127,5.8,8.5,7.46,53.3,544,3,26.4,87,84,200,960,76.92,522.24,558.14,58.71,53.3,7.46,2.67,1.46,208.33,0.9356846689,0.7892701559953852,412.18844626703
2050,348,127,5.8,8.5,7.46,53.3,544,3,26.4,87,84,200,960,76.92,522.24,329.4,77.65,53.3,7.46,2.67,1.46,208.33,1.585436769,0.5353091487559768,279.5598498463213
2550,348,127,5.8,8.5,7.46,53.3,544,3,26.4,87,84,200,960,76.92,522.24,221.12,96.59,53.3,7.46,2.67,1.46,208.33,2.36182637,0.35207870216622844,183.86958141929114
3050,348,127,5.8,8.5,7.46,53.3,544,3,26.4,87,84,200,960,76.92,522.24,161.29,115.53,53.3,7.46,2.67,1.46,208.33,3.237914687,0.269081005281956,140.5248641984487
6000,348,127,5.8,8.5,7.46,53.3,544,3,26.4,87,84,200,960,76.92,522.24,55.59,227.27,53.3,7.46,2.67,1.46,208.33,9.395275933,0.12033061936652643,62.841462657974766
5500,427,340,45.2,75.2,2.26,5.5,9880,495,88.1,101000,15300,200,960,76.92,9484.8,22045.39,62.43,5.5,2.26,1.03,1.66,208.33,0.4302395633,0.8846835016806897,8391.046076741004
6000,427,340,45.2,75.2,2.26,5.5,9880,495,88.1,101000,15300,200,960,76.92,9484.8,20023.66,68.1,5.5,2.26,1.03,1.66,208.33,0.4736796278,0.8612855415473478,8169.121104468284
6500,427,340,45.2,75.2,2.26,5.5,9880,495,88.1,101000,15300,200,960,76.92,9484.8,18349.66,73.78,5.5,2.26,1.03,1.66,208.33,0.516892383,0.8324314535609049,7895.44585073447
7000,427,340,45.2,75.2,2.26,5.5,9880,495,88.1,101000,15300,200,960,76.92,9484.8,16939.8,79.46,5.5,2.26,1.03,1.66,208.33,0.5599121264,0.8161674492219979,7741.185022380805
7500,427,340,45.2,75.2,2.26,5.5,9880,495,88.1,101000,15300,200,960,76.92,9484.8,15735.41,85.13,5.5,2.26,1.03,1.66,208.33,0.6027677979,0.8130652824813619,7711.761591279221
120000,427,340,45.2,75.2,2.26,5.5,9880,495,88.1,101000,15300,200,960,76.92,9484.8,951.28,1362.09,5.5,2.26,1.03,1.66,208.33,9.970616696,0.2852277803924198,2705.328451466023
5500,414,335,41.4,68.4,2.45,6.0,8800,437,86.9,77000,13100,200,960,76.92,8448.0,18212.22,63.29,6.0,2.45,1.03,1.65,208.33,0.46386438,0.862617998539141,7287.396851658663
6000,414,335,41.4,68.4,2.45,6.0,8800,437,86.9,77000,13100,200,960,76.92,8448.0,16525.53,69.04,6.0,2.45,1.03,1.65,208.33,0.511208984,0.861873645669266,7281.10855861396
6500,414,335,41.4,68.4,2.45,6.0,8800,437,86.9,77000,13100,200,960,76.92,8448.0,15131.82,74.8,6.0,2.45,1.03,1.65,208.33,0.5582938479,0.8222219674048454,6946.131180636135
7000,414,335,41.4,68.4,2.45,6.0,8800,437,86.9,77000,13100,200,960,76.92,8448.0,13960.04,80.55,6.0,2.45,1.03,1.65,208.33,0.605155827,0.8176135819150919,6907.199540018697
7500,414,335,41.4,68.4,2.45,6.0,8800,437,86.9,77000,13100,200,960,76.92,8448.0,12960.5,86.31,6.0,2.45,1.03,1.65,208.33,0.6518268079,0.8049654171802273,6800.34784433856
100000,414,335,41.4,68.4,2.45,6.0,8800,437,86.9,77000,13100,200,960,76.92,8448.0,936.58,1150.75,6.0,2.45,1.03,1.65,208.33,9.020020796,0.28551101064227624,2411.9970179059496
5000,404,333,38.9,62.6,2.66,6.4,7880,390,85.9,59500,11300,200,960,76.92,7564.8,17000.39,58.21,6.4,2.66,1.03,1.61,208.33,0.4449779282,0.8925046731728942,6751.61935161831
5500,404,333,38.9,62.6,2.66,6.4,7880,390,85.9,59500,11300,200,960,76.92,7564.8,15234.55,64.03,6.4,2.66,1.03,1.61,208.33,0.4965556725,0.865360188515641,6546.276754083121
6000,404,333,38.9,62.6,2.66,6.4,7880,390,85.9,59500,11300,200,960,76.92,7564.8,13809.39,69.85,6.4,2.66,1.03,1.61,208.33,0.5478012334,0.8580354445344419,6490.866530814146
6500,404,333,38.9,62.6,2.66,6.4,7880,390,85.9,59500,11300,200,960,76.92,7564.8,12634.21,75.67,6.4,2.66,1.03,1.61,208.33,0.5987552412,0.8241881849677812,6234.818781644271
7000,404,333,38.9,62.6,2.66,6.4,7880,390,85.9,59500,11300,200,960,76.92,7564.8,11647.9,81.49,6.4,2.66,1.03,1.61,208.33,0.6494561602,0.812288554392455,6144.8004562680435
100000,404,333,38.9,62.6,2.66,6.4,7880,390,85.9,59500,11300,200,960,76.92,7564.8,777.79,1164.14,6.4,2.66,1.03,1.61,208.33,9.726024488,0.28293100168811103,2140.316441570222
4700,391,330,35.6,57.1,2.89,7.0,7010,345,84.8,45000,9610,200,960,76.92,6729.6,15118.35,55.42,7.0,2.89,1.01,1.6,208.33,0.445127815,0.8872468885941693,5970.816661483323
5200,391,330,35.6,57.1,2.89,7.0,7010,345,84.8,45000,9610,200,960,76.92,6729.6,13413.75,61.32,7.0,2.89,1.01,1.6,208.33,0.5016939934,0.8953674896721274,6025.465058497549
5700,391,330,35.6,57.1,2.89,7.0,7010,345,84.8,45000,9610,200,960,76.92,6729.6,12062.92,67.22,7.0,2.89,1.01,1.6,208.33,0.5578750788,0.8624208475072631,5803.747335384878
6200,391,330,35.6,57.1,2.89,7.0,7010,345,84.8,45000,9610,200,960,76.92,6729.6,10965.53,73.11,7.0,2.89,1.01,1.6,208.33,0.6137052166,0.8453207734873674,5688.6706772605885
6700,391,330,35.6,57.1,2.89,7.0,7010,345,84.8,45000,9610,200,960,76.92,6729.6,10055.83,79.01,7.0,2.89,1.01,1.6,208.33,0.6692236419,0.8136268640325833,5475.383344193673
100000,391,330,35.6,57.1,2.89,7.0,7010,345,84.8,45000,9610,200,960,76.92,6729.6,636.21,1179.25,7.0,2.89,1.01,1.6,208.33,10.57764471,0.2828853680269154,1903.7053726739298
4500,384,328,32.8,52.7,3.11,7.6,6330,309,84.1,34900,8380,200,960,76.92,6076.8,13453.33,53.51,7.6,3.11,1.01,1.61,208.33,0.4516948418,0.8931598964800106,5427.554058929729
5000,384,328,32.8,52.7,3.11,7.6,6330,309,84.1,34900,8380,200,960,76.92,6076.8,11836.61,59.45,7.6,3.11,1.01,1.61,208.33,0.5133902274,0.8955181908555631,5441.884942191085
5500,384,328,32.8,52.7,3.11,7.6,6330,309,84.1,34900,8380,200,960,76.92,6076.8,10574.31,65.4,7.6,3.11,1.01,1.61,208.33,0.574675872,0.863318305675133,5246.212679926649
6000,384,328,32.8,52.7,3.11,7.6,6330,309,84.1,34900,8380,200,960,76.92,6076.8,9561.22,71.34,7.6,3.11,1.01,1.61,208.33,0.6355671286,0.8545594128130599,5192.986639782403
6500,384,328,32.8,52.7,3.11,7.6,6330,309,84.1,34900,8380,200,960,76.92,6076.8,8729.82,77.29,7.6,3.11,1.01,1.61,208.33,0.696096525,0.8101715651397037,4923.250567040952
80000,384,328,32.8,52.7,3.11,7.6,6330,309,84.1,34900,8380,200,960,76.92,6076.8,662.94,951.25,7.6,3.11,1.01,1.61,208.33,9.166393844,0.28293100168811103,1719.315111058313
4000,373,325,30.0,48.2,3.37,8.2,5700,276,83.3,26900,7300,200,960,76.92,5472.0,13173.4,48.02,8.2,3.37,1.0,1.61,208.33,0.4153824041,0.9046489242602272,4950.238913551963
4500,373,325,30.0,48.2,3.37,8.2,5700,276,83.3,26900,7300,200,960,76.92,5472.0,11330.93,54.02,8.2,3.37,1.0,1.61,208.33,0.4829258024,0.8943447810601928,4893.854641961375
5000,373,325,30.0,48.2,3.37,8.2,5700,276,83.3,26900,7300,200,960,76.92,5472.0,9946.84,60.02,8.2,3.37,1.0,1.61,208.33,0.5501242281,0.8953029983502766,4899.098006972714
5500,373,325,30.0,48.2,3.37,8.2,5700,276,83.3,26900,7300,200,960,76.92,5472.0,8869.98,66.03,8.2,3.37,1.0,1.61,208.33,0.6169121535,0.8619925405706808,4716.823182002765
6000,373,325,30.0,48.2,3.37,8.2,5700,276,83.3,26900,7300,200,960,76.92,5472.0,8008.39,72.03,8.2,3.37,1.0,1.61,208.33,0.6832837733,0.8531269761652309,4668.310813576144
70000,373,325,30.0,48.2,3.37,8.2,5700,276,83.3,26900,7300,200,960,76.92,5472.0,628.79,840.34,8.2,3.37,1.0,1.61,208.33,8.7024103,0.2607769706336416,1426.9715833072867
4000,366,323,26.9,44.2,3.65,9.2,5100,245,82.6,20300,6340,200,960,76.92,4896.0,11025.85,48.43,9.2,3.65,1.0,1.64,208.33,0.4440474705,0.905195861312027,4431.838936983684
4500,366,323,26.9,44.2,3.65,9.2,5100,245,82.6,20300,6340,200,960,76.92,4896.0,9451.29,54.48,9.2,3.65,1.0,1.64,208.33,0.5180245751,0.8938039266190704,4376.0640247269685
5000,366,323,26.9,44.2,3.65,9.2,5100,245,82.6,20300,6340,200,960,76.92,4896.0,8273.86,60.53,9.2,3.65,1.0,1.64,208.33,0.5917434654,0.8957710210869978,4385.6949192419415
5500,366,323,26.9,44.2,3.65,9.2,5100,245,82.6,20300,6340,200,960,76.92,4896.0,7361.53,66.59,9.2,3.65,1.0,1.64,208.33,0.665078712,0.8589072171796873,4205.209735311749
6000,366,323,26.9,44.2,3.65,9.2,5100,245,82.6,20300,6340,200,960,76.92,4896.0,6634.24,72.64,9.2,3.65,1.0,1.64,208.33,0.7379895178,0.8459529946029025,4141.7858615758105
30000,366,323,26.9,44.2,3.65,9.2,5100,245,82.6,20300,6340,200,960,76.92,4896.0,1205.31,363.2,9.2,3.65,1.0,1.64,208.33,4.062010069,0.26198002662405434,1282.65421035137
4000,356,320,24.4,39.7,4.03,10.1,4510,215,81.8,14800,5400,200,960,76.92,4329.6,9063.47,48.9,10.1,4.03,0.99,1.63,208.33,0.4776978683,0.9086054342710344,3933.8980882198707
4500,356,320,24.4,39.7,4.03,10.1,4510,215,81.8,14800,5400,200,960,76.92,4329.6,7738.03,55.01,10.1,4.03,0.99,1.63,208.33,0.5595221034,0.8985759770445004,3890.4745502118694
5000,356,320,24.4,39.7,4.03,10.1,4510,215,81.8,14800,5400,200,960,76.92,4329.6,6751.81,61.12,10.1,4.03,0.99,1.63,208.33,0.6412505112,0.8974565498634961,3885.627878288993
5500,356,320,24.4,39.7,4.03,10.1,4510,215,81.8,14800,5400,200,960,76.92,4329.6,5991.12,67.24,10.1,4.03,0.99,1.63,208.33,0.722669327,0.8594873298550874,3721.2363433405867
6000,356,320,24.4,39.7,4.03,10.1,4510,215,81.8,14800,5400,200,960,76.92,4329.6,5387.2,73.35,10.1,4.03,0.99,1.63,208.33,0.8036826798,0.8196427808131147,3548.7253838084616
30000,356,320,24.4,39.7,4.03,10.1,4510,215,81.8,14800,5400,200,960,76.92,4329.6,964.81,366.75,10.1,4.03,0.99,1.63,208.33,4.487516843,0.2573466828361746,1114.2081980075018
3500,348,318,22.1,35.7,4.46,11.2,3980,189,81.0,10700,4620,200,960,76.92,3820.8,9051.24,43.21,11.2,4.46,0.98,1.61,208.33,0.4221300378,0.9276295215121646,3544.2868757936785
4000,348,318,22.1,35.7,4.46,11.2,3980,189,81.0,10700,4620,200,960,76.92,3820.8,7466.06,49.38,11.2,4.46,0.98,1.61,208.33,0.5117560414,0.8915477154726184,3406.4255112777805
4500,348,318,22.1,35.7,4.46,11.2,3980,189,81.0,10700,4620,200,960,76.92,3820.8,6345.16,55.56,11.2,4.46,0.98,1.61,208.33,0.6021601027,0.8904651577170435,3402.28927460528
5000,348,318,22.1,35.7,4.46,11.2,3980,189,81.0,10700,4620,200,960,76.92,3820.8,5515.45,61.73,11.2,4.46,0.98,1.61,208.33,0.6927455447,0.8855426667875148,3383.4814212617366
5500,348,318,22.1,35.7,4.46,11.2,3980,189,81.0,10700,4620,200,960,76.92,3820.8,4878.59,67.9,11.2,4.46,0.98,1.61,208.33,0.7831763203,0.8499764416848717,3247.589988389558
30000,348,318,22.1,35.7,4.46,11.2,3980,189,81.0,10700,4620,200,960,76.92,3820.8,769.88,370.37,11.2,4.46,0.98,1.61,208.33,4.962840305,0.2498496417369471,954.6255111485275
3500,340,315,20.1,31.8,4.96,12.3,3510,166,80.3,7700,3950,200,960,76.92,3369.6,7510.41,43.59,12.3,4.96,0.98,1.58,208.33,0.4486572244,0.9283794429202915,3128.267370864214
4000,340,315,20.1,31.8,4.96,12.3,3510,166,80.3,7700,3950,200,960,76.92,3369.6,6159.81,49.81,12.3,4.96,0.98,1.58,208.33,0.5470302146,0.8990527692908438,3029.448211402427
4500,340,315,20.1,31.8,4.96,12.3,3510,166,80.3,7700,3950,200,960,76.92,3369.6,5209.58,56.04,12.3,4.96,0.98,1.58,208.33,0.6468081555,0.8895932080214245,2997.573273748992
5000,340,315,20.1,31.8,4.96,12.3,3510,166,80.3,7700,3950,200,960,76.92,3369.6,4509.73,62.27,12.3,4.96,0.98,1.58,208.33,0.7471840672,0.886947060671569,2988.656815638919
5500,340,315,20.1,31.8,4.96,12.3,3510,166,80.3,7700,3950,200,960,76.92,3369.6,3975.15,68.49,12.3,4.96,0.98,1.58,208.33,0.8476662313,0.8382595751759762,2824.599464512969
30000,340,315,20.1,31.8,4.96,12.3,3510,166,80.3,7700,3950,200,960,76.92,3369.6,612.77,373.6,12.3,4.96,0.98,1.58,208.33,5.498973184,0.23688317881195703,798.2015593247704
3500,333,312,18.0,28.0,5.57,13.7,3050,144,79.5,5370,3330,200,960,76.92,2928.0,6149.44,44.03,13.7,5.57,0.98,1.56,208.33,0.4761412239,0.9380142244746221,2746.5056492616936
4000,333,312,18.0,28.0,5.57,13.7,3050,144,79.5,5370,3330,200,960,76.92,2928.0,5011.83,50.31,13.7,5.57,0.98,1.56,208.33,0.5842182067,0.8959675153233988,2623.3928848669116
4500,333,312,18.0,28.0,5.57,13.7,3050,144,79.5,5370,3330,200,960,76.92,2928.0,4215.41,56.6,13.7,5.57,0.98,1.56,208.33,0.6945947841,0.887131529861522,2597.5211194345366
5000,333,312,18.0,28.0,5.57,13.7,3050,144,79.5,5370,3330,200,960,76.92,2928.0,3631.81,62.89,13.7,5.57,0.98,1.56,208.33,0.8062094475,0.8442584663895731,2471.98878958867
5500,333,312,18.0,28.0,5.57,13.7,3050,144,79.5,5370,3330,200,960,76.92,2928.0,3188.26,69.18,13.7,5.57,0.98,1.56,208.33,0.9183680145,0.8341804678192465,2442.4804097747538
30000,333,312,18.0,28.0,5.57,13.7,3050,144,79.5,5370,3330,200,960,76.92,2928.0,477.33,377.36,13.7,5.57,0.98,1.56,208.33,6.134125208,0.23394642323564122,684.9951272339575
3000,328,310,15.5,25.1,6.17,15.9,2690,125,79.0,3800,2870,200,960,76.92,2582.4,6585.41,37.97,15.9,6.17,0.98,1.62,208.33,0.3921396949,0.9972266632831386,2575.238135262377
3500,328,310,15.5,25.1,6.17,15.9,2690,125,79.0,3800,2870,200,960,76.92,2582.4,5107.78,44.3,15.9,6.17,0.98,1.62,208.33,0.505582083,0.9822955277263788,2536.679970800601
4000,328,310,15.5,25.1,6.17,15.9,2690,125,79.0,3800,2870,200,960,76.92,2582.4,4135.96,50.63,15.9,6.17,0.98,1.62,208.33,0.6243769884,0.9069266048622283,2342.0472643962185
4500,328,310,15.5,25.1,6.17,15.9,2690,125,79.0,3800,2870,200,960,76.92,2582.4,3458.63,56.96,15.9,6.17,0.98,1.62,208.33,0.7466539876,0.8903995618512157,2299.3678285245796
5000,328,310,15.5,25.1,6.17,15.9,2690,125,79.0,3800,2870,200,960,76.92,2582.4,2964.63,63.29,15.9,6.17,0.98,1.62,208.33,0.8710704307,0.8353163985369394,2157.1210675817924
30000,328,310,15.5,25.1,6.17,15.9,2690,125,79.0,3800,2870,200,960,76.92,2582.4,374.82,379.75,15.9,6.17,0.98,1.62,208.33,6.889789906,0.22328863373323563,576.6205677527076
3000,323,310,14.0,22.9,6.76,17.7,2410,112,78.5,2850,2530,200,960,76.92,2313.6,5712.55,38.22,17.7,6.76,0.97,1.64,208.33,0.4050027231,0.9942206744975318,2300.2289525174897
3500,323,310,14.0,22.9,6.76,17.7,2410,112,78.5,2850,2530,200,960,76.92,2313.6,4406.36,44.59,17.7,6.76,0.97,1.64,208.33,0.5250592365,0.9793535908633173,2265.8324678213708
4000,323,310,14.0,22.9,6.76,17.7,2410,112,78.5,2850,2530,200,960,76.92,2313.6,3549.6,50.96,17.7,6.76,0.97,1.64,208.33,0.6517908669,0.9006930039285304,2083.8433338890477
4500,323,310,14.0,22.9,6.76,17.7,2410,112,78.5,2850,2530,200,960,76.92,2313.6,2954.32,57.32,17.7,6.76,0.97,1.64,208.33,0.7831256699,0.858636865954357,1986.5422530720002
5000,323,310,14.0,22.9,6.76,17.7,2410,112,78.5,2850,2530,200,960,76.92,2313.6,2521.62,63.69,17.7,6.76,0.97,1.64,208.33,0.9175061079,0.804269178069465,1860.757170381514
30000,323,310,14.0,22.9,6.76,17.7,2410,112,78.5,2850,2530,200,960,76.92,2313.6,307.82,382.17,17.7,6.76,0.97,1.64,208.33,7.51596567,0.21611085018123546,499.99406297930636
3000,318,307,13.1,20.5,7.48,18.9,2160,100,78.0,2120,2220,200,960,76.92,2073.6,4946.13,38.46,18.9,7.48,0.97,1.57,208.33,0.4192365766,1.0004287589059724,2074.4890744674244
3500,318,307,13.1,20.5,7.48,18.9,2160,100,78.0,2120,2220,200,960,76.92,2073.6,3794.94,44.87,18.9,7.48,0.97,1.57,208.33,0.5464114295,0.9820028181480346,2036.2810437117644
4000,318,307,13.1,20.5,7.48,18.9,2160,100,78.0,2120,2220,200,960,76.92,2073.6,3041.57,51.28,18.9,7.48,0.97,1.57,208.33,0.6817530483,0.869688952705537,1803.3870123302015
4500,318,307,13.1,20.5,7.48,18.9,2160,100,78.0,2120,2220,200,960,76.92,2073.6,2519.52,57.69,18.9,7.48,0.97,1.57,208.33,0.8230134426,0.8218720185247401,1704.233817612901
5000,318,307,13.1,20.5,7.48,18.9,2160,100,78.0,2120,2220,200,960,76.92,2073.6,2141.2,64.1,18.9,7.48,0.97,1.57,208.33,0.9684273995,0.7870003394606754,1631.9239039056563
30000,318,307,13.1,20.5,7.48,18.9,2160,100,78.0,2120,2220,200,960,76.92,2073.6,251.42,384.62,18.9,7.48,0.97,1.57,208.33,8.247537305,0.20465620142094598,424.37509926647357
3000,315,307,11.9,18.7,8.22,20.7,1950,90,77.5,1600,1970,200,960,76.92,1872.0,4334.11,38.71,20.7,8.22,0.97,1.57,208.33,0.4319222407,0.9900701178530591,1853.4112606209267
3500,315,307,11.9,18.7,8.22,20.7,1950,90,77.5,1600,1970,200,960,76.92,1872.0,3309.26,45.16,20.7,8.22,0.97,1.57,208.33,0.5656860502,0.967411085186009,1810.993551468209
4000,315,307,11.9,18.7,8.22,20.7,1950,90,77.5,1600,1970,200,960,76.92,1872.0,2639.78,51.61,20.7,8.22,0.97,1.57,208.33,0.7091511642,0.849339201610753,1589.9629854153297
4500,315,307,11.9,18.7,8.22,20.7,1950,90,77.5,1600,1970,200,960,76.92,1872.0,2176.88,58.06,20.7,8.22,0.97,1.57,208.33,0.8599459849,0.8068017243063689,1510.3328279015225
5000,315,307,11.9,18.7,8.22,20.7,1950,90,77.5,1600,1970,200,960,76.92,1872.0,1842.28,64.52,20.7,8.22,0.97,1.57,208.33,1.016133193,0.7576233090463577,1418.2708345347814
30000,315,307,11.9,18.7,8.22,20.7,1950,90,77.5,1600,1970,200,960,76.92,1872.0,207.62,387.1,20.7,8.22,0.97,1.57,208.33,9.016321425,0.20525407745647206,384.2356329985157
3000,312,305,10.9,17.0,8.99,22.6,1770,81,77.2,1220,1760,200,960,76.92,1699.2,3829.58,38.86,22.6,8.99,0.97,1.56,208.33,0.443704329,0.9916541821667646,1685.0187863377664
3500,312,305,10.9,17.0,8.99,22.6,1770,81,77.2,1220,1760,200,960,76.92,1699.2,2911.22,45.34,22.6,8.99,0.97,1.56,208.33,0.5836722516,0.9454726034463029,1606.547047775958
4000,312,305,10.9,17.0,8.99,22.6,1770,81,77.2,1220,1760,200,960,76.92,1699.2,2312.17,51.81,22.6,8.99,0.97,1.56,208.33,0.7348930425,0.8529396090787867,1449.3149837466744
4500,312,305,10.9,17.0,8.99,22.6,1770,81,77.2,1220,1760,200,960,76.92,1699.2,1898.71,58.29,22.6,8.99,0.97,1.56,208.33,0.8949220974,0.804229212874116,1366.5462785156978
5000,312,305,10.9,17.0,8.99,22.6,1770,81,77.2,1220,1760,200,960,76.92,1699.2,1600.47,64.77,22.6,8.99,0.97,1.56,208.33,1.06168997,0.7551785705373638,1283.1994270570885
30000,312,305,10.9,17.0,8.99,22.6,1770,81,77.2,1220,1760,200,960,76.92,1699.2,172.8,388.6,22.6,8.99,0.97,1.56,208.33,9.833074055,0.2048233454769744,348.0358286344749
3000,307,305,9.9,15.4,9.92,24.9,1590,72,76.7,907,1550,200,960,76.92,1526.4,3341.42,39.11,24.9,9.92,0.96,1.55,208.33,0.4568120157,0.9903299861295443,1511.6396908281365
3500,307,305,9.9,15.4,9.92,24.9,1590,72,76.7,907,1550,200,960,76.92,1526.4,2529.27,45.63,24.9,9.92,0.96,1.55,208.33,0.6034938974,0.9453000590315074,1442.906010105693
4000,307,305,9.9,15.4,9.92,24.9,1590,72,76.7,907,1550,200,960,76.92,1526.4,2000.15,52.15,24.9,9.92,0.96,1.55,208.33,0.7631446485,0.8529928441598424,1302.0082773255835
4500,307,305,9.9,15.4,9.92,24.9,1590,72,76.7,907,1550,200,960,76.92,1526.4,1635.51,58.67,24.9,9.92,0.96,1.55,208.33,0.9332880342,0.7939045310306876,1211.8158761652417
5000,307,305,9.9,15.4,9.92,24.9,1590,72,76.7,907,1550,200,960,76.92,1526.4,1372.97,65.19,24.9,9.92,0.96,1.55,208.33,1.111753301,0.7487902723261488,1142.9534716786336
30000,307,305,9.9,15.4,9.92,24.9,1590,72,76.7,907,1550,200,960,76.92,1526.4,141.2,391.13,24.9,9.92,0.96,1.55,208.33,10.80986447,0.20249288763413317,309.0851436847409
2500,310,254,9.1,16.2,7.82,27.0,1420,45,63.8,874,959,200,960,76.92,1363.2,2987.74,39.18,27.0,7.82,1.16,1.78,208.33,0.456264452,0.9769240446665317,1331.742857689416
3000,310,254,9.1,16.2,7.82,27.0,1420,45,63.8,874,959,200,960,76.92,1363.2,2156.14,47.02,27.0,7.82,1.16,1.78,208.33,0.6322401687,0.9113634023139194,1242.370590034335
3500,310,254,9.1,16.2,7.82,27.0,1420,45,63.8,874,959,200,960,76.92,1363.2,1651.93,54.86,27.0,7.82,1.16,1.78,208.33,0.8252158427,0.8031151865656155,1094.8066223262472
4000,310,254,9.1,16.2,7.82,27.0,1420,45,63.8,874,959,200,960,76.92,1363.2,1322.15,62.7,27.0,7.82,1.16,1.78,208.33,1.031050303,0.7519747236090949,1025.0919432239182
4500,310,254,9.1,16.2,7.82,27.0,1420,45,63.8,874,959,200,960,76.92,1363.2,1093.78,70.53,27.0,7.82,1.16,1.78,208.33,1.246322629,0.6892389631896254,939.5705546200974
10000,310,254,9.1,16.2,7.82,27.0,1420,45,63.8,874,959,200,960,76.92,1363.2,360.39,156.74,27.0,7.82,1.16,1.78,208.33,3.782575734,0.26305947789225087,358.6026802627164
2400,307,254,8.8,14.6,8.69,28.1,1280,40,63.0,658,849,200,960,76.92,1228.8,2831.06,38.1,28.1,8.69,1.15,1.67,208.33,0.4340427215,0.9802031032206193,1204.473573237497
2900,307,254,8.8,14.6,8.69,28.1,1280,40,63.0,658,849,200,960,76.92,1228.8,2004.0,46.03,28.1,8.69,1.15,1.67,208.33,0.6131751229,0.9294848923532911,1142.1510357237241
3400,307,254,8.8,14.6,8.69,28.1,1280,40,63.0,658,849,200,960,76.92,1228.8,1512.22,53.97,28.1,8.69,1.15,1.67,208.33,0.8125816257,0.8089509679919686,994.038949468531
3900,307,254,8.8,14.6,8.69,28.1,1280,40,63.0,658,849,200,960,76.92,1228.8,1195.36,61.9,28.1,8.69,1.15,1.67,208.33,1.027975651,0.7832365588788881,962.4410835503777
4400,307,254,8.8,14.6,8.69,28.1,1280,40,63.0,658,849,200,960,76.92,1228.8,978.62,69.84,28.1,8.69,1.15,1.67,208.33,1.255644898,0.6804139384035713,836.0926475103084
15000,307,254,8.8,14.6,8.69,28.1,1280,40,63.0,658,849,200,960,76.92,1228.8,186.76,238.1,28.1,8.69,1.15,1.67,208.33,6.579555431,0.18781785000101492,230.79057408124712
1900,310,205,9.4,16.2,6.31,26.8,1180,23,49.8,712,505,200,960,76.92,1132.8,2695.51,38.15,26.8,6.31,1.43,1.73,208.33,0.4202549807,0.9995542779083396,1132.295086014567
2400,310,205,9.4,16.2,6.31,26.8,1180,23,49.8,712,505,200,960,76.92,1132.8,1770.68,48.19,26.8,6.31,1.43,1.73,208.33,0.6397541957,0.9220646888570694,1044.5148795372882
2900,310,205,9.4,16.2,6.31,26.8,1180,23,49.8,712,505,200,960,76.92,1132.8,1278.04,58.23,26.8,6.31,1.43,1.73,208.33,0.8863560159,0.8511008343316336,964.1270251308746
3400,310,205,9.4,16.2,6.31,26.8,1180,23,49.8,712,505,200,960,76.92,1132.8,983.28,68.27,26.8,6.31,1.43,1.73,208.33,1.152063868,0.7888141309634301,893.5686475553736
3900,310,205,9.4,16.2,6.31,26.8,1180,23,49.8,712,505,200,960,76.92,1132.8,791.82,78.31,26.8,6.31,1.43,1.73,208.33,1.430627823,0.723698281269677,819.80541302229
12000,310,205,9.4,16.2,6.31,26.8,1180,23,49.8,712,505,200,960,76.92,1132.8,184.28,240.96,26.8,6.31,1.43,1.73,208.33,6.147181385,0.23092064103003015,261.58690215881813
1900,307,204,8.5,14.6,7.0,29.6,1050,21,49.5,524,443,200,960,76.92,1008.0,2348.3,38.38,29.6,7.0,1.43,1.71,208.33,0.4292466649,0.9890571861657405,996.9696436550664
2400,307,204,8.5,14.6,7.0,29.6,1050,21,49.5,524,443,200,960,76.92,1008.0,1533.01,48.48,29.6,7.0,1.43,1.71,208.33,0.6575280008,0.8809686575469897,888.0164068073657
2900,307,204,8.5,14.6,7.0,29.6,1050,21,49.5,524,443,200,960,76.92,1008.0,1099.47,58.59,29.6,7.0,1.43,1.71,208.33,0.9168087554,0.8060329830042271,812.4812468682609
3400,307,204,8.5,14.6,7.0,29.6,1050,21,49.5,524,443,200,960,76.92,1008.0,840.68,68.69,29.6,7.0,1.43,1.71,208.33,1.199032673,0.7499618985040464,755.9615936920787
3900,307,204,8.5,14.6,7.0,29.6,1050,21,49.5,524,443,200,960,76.92,1008.0,673.09,78.79,29.6,7.0,1.43,1.71,208.33,1.497572576,0.6606001806168285,665.8849820617631
10000,307,204,8.5,14.6,7.0,29.6,1050,21,49.5,524,443,200,960,76.92,1008.0,185.91,202.02,29.6,7.0,1.43,1.71,208.33,5.422036362,0.1865092874851704,188.00136178505176
2000,302,203,7.5,13.1,7.77,33.6,934,18,49.3,377,387,200,960,76.92,896.64,1851.42,40.57,33.6,7.77,1.42,1.74,208.33,0.4842979664,0.9753250341937932,874.5154386595227
2500,302,203,7.5,13.1,7.77,33.6,934,18,49.3,377,387,200,960,76.92,896.64,1228.06,50.71,33.6,7.77,1.42,1.74,208.33,0.7301282418,0.8368888296182216,750.3880001888822
3000,302,203,7.5,13.1,7.77,33.6,934,18,49.3,377,387,200,960,76.92,896.64,888.07,60.85,33.6,7.77,1.42,1.74,208.33,1.009651415,0.7813627555876737,700.6011011701316
3500,302,203,7.5,13.1,7.77,33.6,934,18,49.3,377,387,200,960,76.92,896.64,681.8,70.99,33.6,7.77,1.42,1.74,208.33,1.315109242,0.6770792121033736,607.096304740369
4000,302,203,7.5,13.1,7.77,33.6,934,18,49.3,377,387,200,960,76.92,896.64,546.78,81.14,33.6,7.77,1.42,1.74,208.33,1.639866757,0.5942223661529324,532.8035423873654
10000,302,203,7.5,13.1,7.77,33.6,934,18,49.3,377,387,200,960,76.92,896.64,151.12,202.84,33.6,7.77,1.42,1.74,208.33,5.933344445,0.17855879564576904,160.10295852782235
1500,318,167,7.6,13.2,6.31,36.2,839,10,39.1,308,236,200,960,76.92,805.44,1882.36,38.36,36.2,6.31,1.82,1.74,208.33,0.4278877376,1.0027952954786654,807.6914427903363
2000,318,167,7.6,13.2,6.31,36.2,839,10,39.1,308,236,200,960,76.92,805.44,1100.3,51.15,36.2,6.31,1.82,1.74,208.33,0.7320199005,0.9088789607224551,732.0474701242943
2500,318,167,7.6,13.2,6.31,36.2,839,10,39.1,308,236,200,960,76.92,805.44,736.91,63.94,36.2,6.31,1.82,1.74,208.33,1.092995782,0.7729444993123833,622.560417526166
3000,318,167,7.6,13.2,6.31,36.2,839,10,39.1,308,236,200,960,76.92,805.44,538.21,76.73,36.2,6.31,1.82,1.74,208.33,1.496506188,0.6133861956291025,494.0457774075043
3500,318,167,7.6,13.2,6.31,36.2,839,10,39.1,308,236,200,960,76.92,805.44,417.24,89.51,36.2,6.31,1.82,1.74,208.33,1.930405895,0.44371357313406956,357.38466034510503
4000,318,167,7.6,13.2,6.31,36.2,839,10,39.1,308,236,200,960,76.92,805.44,337.7,102.3,36.2,6.31,1.82,1.74,208.33,2.385102103,0.38239993121849725,308.00020060062644
1500,312,166,6.6,11.2,7.41,41.8,706,8,38.6,190,193,200,960,76.92,677.76,1529.7,38.86,41.8,7.41,1.81,1.7,208.33,0.4430673988,0.9903019676890281,671.1870616209156
2000,312,166,6.6,11.2,7.41,41.8,706,8,38.6,190,193,200,960,76.92,677.76,886.65,51.81,41.8,7.41,1.81,1.7,208.33,0.7644085094,0.8599182581295316,582.8181986298713
2500,312,166,6.6,11.2,7.41,41.8,706,8,38.6,190,193,200,960,76.92,677.76,588.3,64.77,41.8,7.41,1.81,1.7,208.33,1.152058944,0.7365944831854022,499.2342769237382
3000,312,166,6.6,11.2,7.41,41.8,706,8,38.6,190,193,200,960,76.92,677.76,425.57,77.72,41.8,7.41,1.81,1.7,208.33,1.592586456,0.5254434925236185,356.1245814928077
3500,312,166,6.6,11.2,7.41,41.8,706,8,38.6,190,193,200,960,76.92,677.76,326.83,90.67,41.8,7.41,1.81,1.7,208.33,2.073718343,0.40701321356393455,275.85727562509226
4000,312,166,6.6,11.2,7.41,41.8,706,8,38.6,190,193,200,960,76.92,677.76,262.19,103.63,41.8,7.41,1.81,1.7,208.33,2.584986452,0.3481475098342018,235.9604562652286
1400,310,165,5.8,9.7,8.54,47.2,610,7,38.4,125,163,200,960,76.92,585.6,1470.51,36.46,47.2,8.54,1.82,1.65,208.33,0.3982295215,1.0101873623322162,591.5657193817458
1900,310,165,5.8,9.7,8.54,47.2,610,7,38.4,125,163,200,960,76.92,585.6,816.78,49.48,47.2,8.54,1.82,1.65,208.33,0.7169652899,0.8747573425399762,512.2578997914101
2400,310,165,5.8,9.7,8.54,47.2,610,7,38.4,125,163,200,960,76.92,585.6,526.54,62.5,47.2,8.54,1.82,1.65,208.33,1.112171017,0.751972880162672,440.35531862326076
2900,310,165,5.8,9.7,8.54,47.2,610,7,38.4,125,163,200,960,76.92,585.6,372.61,75.52,47.2,8.54,1.82,1.65,208.33,1.571622084,0.5481529622313251,320.998374682664
3400,310,165,5.8,9.7,8.54,47.2,610,7,38.4,125,163,200,960,76.92,585.6,281.09,88.54,47.2,8.54,1.82,1.65,208.33,2.083336606,0.43389973747413546,254.09168626485373
4000,310,165,5.8,9.7,8.54,47.2,610,7,38.4,125,163,200,960,76.92,585.6,212.86,104.17,47.2,8.54,1.82,1.65,208.33,2.751048052,0.3309815587325841,193.82280079380126
850,312,102,6.6,10.8,4.74,41.8,480,2,21.5,122,44,200,960,76.92,460.8,1085.71,39.53,41.8,4.74,2.95,1.63,208.33,0.4244212187,0.9798464925538498,451.513263768814
1350,312,102,6.6,10.8,4.74,41.8,480,2,21.5,122,44,200,960,76.92,460.8,453.52,62.79,41.8,4.74,2.95,1.63,208.33,1.016053025,0.7811474447930492,359.9527425606371
1850,312,102,6.6,10.8,4.74,41.8,480,2,21.5,122,44,200,960,76.92,460.8,258.35,86.05,41.8,4.74,2.95,1.63,208.33,1.783593648,0.4714043746055303,217.22313581822837
2350,312,102,6.6,10.8,4.74,41.8,480,2,21.5,122,44,200,960,76.92,460.8,172.87,109.3,41.8,4.74,2.95,1.63,208.33,2.665655807,0.30213120636221996,139.22205989171096
2850,312,102,6.6,10.8,4.74,41.8,480,2,21.5,122,44,200,960,76.92,460.8,127.45,132.56,41.8,4.74,2.95,1.63,208.33,3.615467874,0.23974990155697773,110.47675463745534
4000,312,102,6.6,10.8,4.74,41.8,480,2,21.5,122,44,200,960,76.92,460.8,78.0,186.05,41.8,4.74,2.95,1.63,208.33,5.907640097,0.12684531887296047,58.450322936660186
850,310,102,6.0,8.9,5.72,46.2,405,2,20.9,75,35,200,960,76.92,388.8,866.21,40.67,46.2,5.72,2.95,1.49,208.33,0.4488542221,1.0290109443893063,400.0794551785623
1350,310,102,6.0,8.9,5.72,46.2,405,2,20.9,75,35,200,960,76.92,388.8,357.86,64.59,46.2,5.72,2.95,1.49,208.33,1.086447228,0.7885329831586299,306.58162385207527
1850,310,102,6.0,8.9,5.72,46.2,405,2,20.9,75,35,200,960,76.92,388.8,201.25,88.52,46.2,5.72,2.95,1.49,208.33,1.9319565,0.46671521885677164,181.45887709151282
2350,310,102,6.0,8.9,5.72,46.2,405,2,20.9,75,35,200,960,76.92,388.8,132.91,112.44,46.2,5.72,2.95,1.49,208.33,2.925292619,0.2913818261144033,113.28925399328
2850,310,102,6.0,8.9,5.72,46.2,405,2,20.9,75,35,200,960,76.92,388.8,96.82,136.36,46.2,5.72,2.95,1.49,208.33,4.015832983,0.2152388728256216,83.68487375460168
4000,310,102,6.0,8.9,5.72,46.2,405,2,20.9,75,35,200,960,76.92,388.8,57.95,191.39,46.2,5.72,2.95,1.49,208.33,6.708858025,0.12104063200623016,47.06059772402229
800,305,101,5.6,6.7,7.53,49.4,329,1,19.6,43,26,200,960,76.92,315.84,719.05,40.82,49.4,7.53,2.95,1.2,208.33,0.439245586,1.0199967113751711,322.15576132073403
1300,305,101,5.6,6.7,7.53,49.4,329,1,19.6,43,26,200,960,76.92,315.84,280.99,66.33,49.4,7.53,2.95,1.2,208.33,1.124011379,0.7241241177312752,228.70736134424592
1800,305,101,5.6,6.7,7.53,49.4,329,1,19.6,43,26,200,960,76.92,315.84,153.01,91.84,49.4,7.53,2.95,1.2,208.33,2.06412748,0.38729989216103217,122.32479794014039
2300,305,101,5.6,6.7,7.53,49.4,329,1,19.6,43,26,200,960,76.92,315.84,98.7,117.35,49.4,7.53,2.95,1.2,208.33,3.200104675,0.2724619578083652,86.05438475419405
2800,305,101,5.6,6.7,7.53,49.4,329,1,19.6,43,26,200,960,76.92,315.84,70.55,142.86,49.4,7.53,2.95,1.2,208.33,4.476728883,0.19644629872516642,62.045598989356556
4000,305,101,5.6,6.7,7.53,49.4,329,1,19.6,43,26,200,960,76.92,315.84,40.15,204.08,49.4,7.53,2.95,1.2,208.33,7.866569225,0.11991104794355112,37.87270538249118
800,302,101,5.1,5.7,8.82,54.3,285,1,19.1,29,22,200,960,76.92,273.6,598.32,41.88,54.3,8.82,2.93,1.13,208.33,0.4572835102,0.9949253677702841,272.21158062194974
1300,302,101,5.1,5.7,8.82,54.3,285,1,19.1,29,22,200,960,76.92,273.6,232.58,68.06,54.3,8.82,2.93,1.13,208.33,1.176349102,0.6737927074123539,184.34968474802002
1800,302,101,5.1,5.7,8.82,54.3,285,1,19.1,29,22,200,960,76.92,273.6,125.8,94.24,54.3,8.82,2.93,1.13,208.33,2.174937225,0.38740041552923926,105.99275368879987
2300,302,101,5.1,5.7,8.82,54.3,285,1,19.1,29,22,200,960,76.92,273.6,80.53,120.42,54.3,8.82,2.93,1.13,208.33,3.397368901,0.25554400912424285,69.91684089639286
2800,302,101,5.1,5.7,8.82,54.3,285,1,19.1,29,22,200,960,76.92,273.6,57.13,146.6,54.3,8.82,2.93,1.13,208.33,4.789114366,0.17941783379085885,49.088719325178985
4000,302,101,5.1,5.7,8.82,54.3,285,1,19.1,29,22,200,960,76.92,273.6,31.98,209.42,54.3,8.82,2.93,1.13,208.33,8.55579005,0.12091315429383057,33.081839014792045
3000,290,264,19.2,31.7,4.17,10.4,2410,98,68.1,6290,1620,200,960,76.92,2313.6,5569.19,44.05,10.4,4.17,0.98,1.65,208.33,0.4154281106,0.9235657201613016,2136.7616501651873
3500,290,264,19.2,31.7,4.17,10.4,2410,98,68.1,6290,1620,200,960,76.92,2313.6,4497.49,51.4,10.4,4.17,0.98,1.65,208.33,0.514419954,0.9093985617108774,2103.9845123742857
4000,290,264,19.2,31.7,4.17,10.4,2410,98,68.1,6290,1620,200,960,76.92,2313.6,3770.23,58.74,10.4,4.17,0.98,1.65,208.33,0.6136496096,0.8985102575296003,2078.793331820483
4500,290,264,19.2,31.7,4.17,10.4,2410,98,68.1,6290,1620,200,960,76.92,2313.6,3246.89,66.08,10.4,4.17,0.98,1.65,208.33,0.7125598551,0.8613547273502885,1992.8302971976275
5000,290,264,19.2,31.7,4.17,10.4,2410,98,68.1,6290,1620,200,960,76.92,2313.6,2853.07,73.42,10.4,4.17,0.98,1.65,208.33,0.8109161367,0.8157095648784394,1887.2256493027573
30000,290,264,19.2,31.7,4.17,10.4,2410,98,68.1,6290,1620,200,960,76.92,2313.6,424.44,440.53,10.4,4.17,0.98,1.65,208.33,5.450974949,0.25641979177692636,593.2528302550968
3000,282,262,17.3,28.4,4.62,11.6,2130,86,67.3,4540,1380,200,960,76.92,2044.8,4598.96,44.58,11.6,4.62,0.97,1.64,208.33,0.4446218162,0.9239713633549183,1889.3366437881368
3500,282,262,17.3,28.4,4.62,11.6,2130,86,67.3,4540,1380,200,960,76.92,2044.8,3691.21,52.01,11.6,4.62,0.97,1.64,208.33,0.5539645087,0.9091152228487096,1858.9588076810414
4000,282,262,17.3,28.4,4.62,11.6,2130,86,67.3,4540,1380,200,960,76.92,2044.8,3079.05,59.44,11.6,4.62,0.97,1.64,208.33,0.6641018045,0.8957747026025178,1831.6801118816284
4500,282,262,17.3,28.4,4.62,11.6,2130,86,67.3,4540,1380,200,960,76.92,2044.8,2641.13,66.86,11.6,4.62,0.97,1.64,208.33,0.7742154686,0.8648736622478949,1768.4936645644955
5000,282,262,17.3,28.4,4.62,11.6,2130,86,67.3,4540,1380,200,960,76.92,2044.8,2313.37,74.29,11.6,4.62,0.97,1.64,208.33,0.8839066715,0.8057486379036132,1647.5948147853082
30000,282,262,17.3,28.4,4.62,11.6,2130,86,67.3,4540,1380,200,960,76.92,2044.8,338.06,445.77,11.6,4.62,0.97,1.64,208.33,6.048548615,0.2456151858621764,502.2339320509783
3000,274,262,15.4,25.3,5.18,13.0,1850,75,66.8,3130,1160,200,960,76.92,1776.0,3726.31,44.91,13.0,5.18,0.95,1.64,208.33,0.4766112936,0.9300195236402936,1651.7146739851614
3500,274,262,15.4,25.3,5.18,13.0,1850,75,66.8,3130,1160,200,960,76.92,1776.0,2968.32,52.4,13.0,5.18,0.95,1.64,208.33,0.5983178906,0.9066476070388528,1610.2061501010025
4000,274,262,15.4,25.3,5.18,13.0,1850,75,66.8,3130,1160,200,960,76.92,1776.0,2460.67,59.88,13.0,5.18,0.95,1.64,208.33,0.7217559363,0.8920102860303704,1584.2102679899378
4500,274,262,15.4,25.3,5.18,13.0,1850,75,66.8,3130,1160,200,960,76.92,1776.0,2099.95,67.37,13.0,5.18,0.95,1.64,208.33,0.8457351778,0.8333274587625051,1479.989566762209
5000,274,262,15.4,25.3,5.18,13.0,1850,75,66.8,3130,1160,200,960,76.92,1776.0,1831.68,74.85,13.0,5.18,0.95,1.64,208.33,0.9696020872,0.8038067098101811,1427.5607166228817
40000,274,262,15.4,25.3,5.18,13.0,1850,75,66.8,3130,1160,200,960,76.92,1776.0,195.45,598.8,13.0,5.18,0.95,1.64,208.33,9.086576124,0.23253668427670338,412.9851512754252
2700,269,259,13.5,22.1,5.86,14.8,1600,64,66.0,2130,975,200,960,76.92,1536.0,3569.83,40.91,14.8,5.86,0.95,1.64,208.33,0.4302723568,0.977580893195159,1501.5642519477642
3200,269,259,13.5,22.1,5.86,14.8,1600,64,66.0,2130,975,200,960,76.92,1536.0,2731.24,48.48,14.8,5.86,0.95,1.64,208.33,0.5623815051,0.9223884221658806,1416.7886164467925
3700,269,259,13.5,22.1,5.86,14.8,1600,64,66.0,2130,975,200,960,76.92,1536.0,2197.39,56.06,14.8,5.86,0.95,1.64,208.33,0.6990103275,0.8878919576743404,1363.8020469877868
4200,269,259,13.5,22.1,5.86,14.8,1600,64,66.0,2130,975,200,960,76.92,1536.0,1832.98,63.64,14.8,5.86,0.95,1.64,208.33,0.8379791456,0.8331276660373093,1279.6840950333071
4700,269,259,13.5,22.1,5.86,14.8,1600,64,66.0,2130,975,200,960,76.92,1536.0,1570.65,71.21,14.8,5.86,0.95,1.64,208.33,0.9779380435,0.8285140162507709,1272.5975289611843
30000,269,259,13.5,22.1,5.86,14.8,1600,64,66.0,2130,975,200,960,76.92,1536.0,200.11,454.55,14.8,5.86,0.95,1.64,208.33,7.675601241,0.21775741591521086,334.47539084576385
2700,264,257,11.9,19.5,6.58,16.7,1400,56,65.8,1480,832,200,960,76.92,1344.0,2965.33,41.03,16.7,6.58,0.95,1.64,208.33,0.4532381634,0.9817833429992113,1319.51681299094
3200,264,257,11.9,19.5,6.58,16.7,1400,56,65.8,1480,832,200,960,76.92,1344.0,2249.88,48.63,16.7,6.58,0.95,1.64,208.33,0.597364056,0.9210011120946257,1237.825494655177
3700,264,257,11.9,19.5,6.58,16.7,1400,56,65.8,1480,832,200,960,76.92,1344.0,1796.74,56.23,16.7,6.58,0.95,1.64,208.33,0.7480228164,0.8883939884758825,1194.001520511586
4200,264,257,11.9,19.5,6.58,16.7,1400,56,65.8,1480,832,200,960,76.92,1344.0,1489.14,63.83,16.7,6.58,0.95,1.64,208.33,0.902535016,0.8278856390389693,1112.6782988683747
4700,264,257,11.9,19.5,6.58,16.7,1400,56,65.8,1480,832,200,960,76.92,1344.0,1268.99,71.43,16.7,6.58,0.95,1.64,208.33,1.059111633,0.8203585815823284,1102.5619336466493
30000,264,257,11.9,19.5,6.58,16.7,1400,56,65.8,1480,832,200,960,76.92,1344.0,155.86,455.93,16.7,6.58,0.95,1.64,208.33,8.622914997,0.21693369309566202,291.55888352056974
2500,259,257,10.7,17.3,7.41,18.7,1220,48,65.3,1030,709,200,960,76.92,1171.2,2817.1,38.28,18.7,7.41,0.94,1.62,208.33,0.4157469796,0.9899305030235678,1159.4066051412026
3000,259,257,10.7,17.3,7.41,18.7,1220,48,65.3,1030,709,200,960,76.92,1171.2,2065.74,45.94,18.7,7.41,0.94,1.62,208.33,0.5669631981,0.9423473356064827,1103.6771994623125
3500,259,257,10.7,17.3,7.41,18.7,1220,48,65.3,1030,709,200,960,76.92,1171.2,1607.52,53.6,18.7,7.41,0.94,1.62,208.33,0.7285740142,0.8492756255482424,994.6716126421015
4000,259,257,10.7,17.3,7.41,18.7,1220,48,65.3,1030,709,200,960,76.92,1171.2,1305.63,61.26,18.7,7.41,0.94,1.62,208.33,0.8970399709,0.820073294679746,960.4698427289186
4500,259,257,10.7,17.3,7.41,18.7,1220,48,65.3,1030,709,200,960,76.92,1171.2,1094.79,68.91,18.7,7.41,0.94,1.62,208.33,1.069792999,0.7562566441416066,885.7277816186497
25000,259,257,10.7,17.3,7.41,18.7,1220,48,65.3,1030,709,200,960,76.92,1171.2,146.04,382.85,18.7,7.41,0.94,1.62,208.33,8.01976198,0.21295947281612385,249.41813456224426
2500,257,254,9.4,15.6,8.15,21.2,1090,43,65.0,758,623,200,960,76.92,1046.4,2435.31,38.46,21.2,8.15,0.95,1.66,208.33,0.429677916,0.978462507386106,1023.8631677288214
3000,257,254,9.4,15.6,8.15,21.2,1090,43,65.0,758,623,200,960,76.92,1046.4,1774.2,46.15,21.2,8.15,0.95,1.66,208.33,0.5897857825,0.9320168735432145,975.2624564756197
3500,257,254,9.4,15.6,8.15,21.2,1090,43,65.0,758,623,200,960,76.92,1046.4,1372.08,53.85,21.2,8.15,0.95,1.66,208.33,0.7626350629,0.8360559573378087,874.8489537582831
4000,257,254,9.4,15.6,8.15,21.2,1090,43,65.0,758,623,200,960,76.92,1046.4,1108.01,61.54,21.2,8.15,0.95,1.66,208.33,0.944399176,0.7948824899004513,831.7650374318323
4500,257,254,9.4,15.6,8.15,21.2,1090,43,65.0,758,623,200,960,76.92,1046.4,924.26,69.23,21.2,8.15,0.95,1.66,208.33,1.132150944,0.7177417274612274,751.0449436154285
25000,257,254,9.4,15.6,8.15,21.2,1090,43,65.0,758,623,200,960,76.92,1046.4,118.38,384.62,21.2,8.15,0.95,1.66,208.33,8.838981002,0.21486952872426024,224.83947485706594
2500,254,254,8.6,14.2,8.93,23.1,990,39,64.5,579,556,200,960,76.92,950.4,2154.37,38.76,23.1,8.93,0.94,1.65,208.33,0.4411493857,0.9791163045766165,930.5521358696162
3000,254,254,8.6,14.2,8.93,23.1,990,39,64.5,579,556,200,960,76.92,950.4,1561.26,46.51,23.1,8.93,0.94,1.65,208.33,0.6087376042,0.9243447211948651,878.4972230235998
3500,254,254,8.6,14.2,8.93,23.1,990,39,64.5,579,556,200,960,76.92,950.4,1201.18,54.26,23.1,8.93,0.94,1.65,208.33,0.791222019,0.814831872124516,774.41621126714
4000,254,254,8.6,14.2,8.93,23.1,990,39,64.5,579,556,200,960,76.92,950.4,965.26,62.02,23.1,8.93,0.94,1.65,208.33,0.9846019266,0.7939808736838799,754.5994223491595
4500,254,254,8.6,14.2,8.93,23.1,990,39,64.5,579,556,200,960,76.92,950.4,801.56,69.77,23.1,8.93,0.94,1.65,208.33,1.185683163,0.7023210184111414,667.4858958979487
10000,254,254,8.6,14.2,8.93,23.1,990,39,64.5,579,556,200,960,76.92,950.4,270.47,155.04,23.1,8.93,0.94,1.65,208.33,3.513946053,0.26373795264736033,250.65655019605126
2000,257,204,8.9,15.8,6.47,22.5,900,22,51.1,629,322,200,960,76.92,864.0,1974.1,39.14,22.5,6.47,1.18,1.77,208.33,0.4376683027,0.9979226753326059,862.2051914873715
2500,257,204,8.9,15.8,6.47,22.5,900,22,51.1,629,322,200,960,76.92,864.0,1343.81,48.92,22.5,6.47,1.18,1.77,208.33,0.642948976,0.9184534384000659,793.543770777657
3000,257,204,8.9,15.8,6.47,22.5,900,22,51.1,629,322,200,960,76.92,864.0,997.19,58.71,22.5,6.47,1.18,1.77,208.33,0.8664315468,0.8540336020098149,737.88503213648
3500,257,204,8.9,15.8,6.47,22.5,900,22,51.1,629,322,200,960,76.92,864.0,784.57,68.49,22.5,6.47,1.18,1.77,208.33,1.10123733,0.7947715196281026,686.6825929586806
4000,257,204,8.9,15.8,6.47,22.5,900,22,51.1,629,322,200,960,76.92,864.0,643.53,78.28,22.5,6.47,1.18,1.77,208.33,1.342602852,0.7360057448503599,635.908963550711
5000,257,204,8.9,15.8,6.47,22.5,900,22,51.1,629,322,200,960,76.92,864.0,471.19,97.85,22.5,6.47,1.18,1.77,208.33,1.833647716,0.5306483861184632,458.48020560635223
2000,252,203,8.0,13.5,7.53,25.0,767,19,50.3,406,266,200,960,76.92,736.32,1604.17,39.76,25.0,7.53,1.17,1.68,208.33,0.4590032613,0.9785610384347982,720.5340638203107
2500,252,203,8.0,13.5,7.53,25.0,767,19,50.3,406,266,200,960,76.92,736.32,1080.74,49.7,25.0,7.53,1.17,1.68,208.33,0.6813098521,0.8463429939803185,623.1792733275881
3000,252,203,8.0,13.5,7.53,25.0,767,19,50.3,406,266,200,960,76.92,736.32,794.0,59.64,25.0,7.53,1.17,1.68,208.33,0.9273533763,0.806889968808683,594.1292218332095
3500,252,203,8.0,13.5,7.53,25.0,767,19,50.3,406,266,200,960,76.92,736.32,618.98,69.58,25.0,7.53,1.17,1.68,208.33,1.189562675,0.7226710832038313,532.1171719846451
4000,252,203,8.0,13.5,7.53,25.0,767,19,50.3,406,266,200,960,76.92,736.32,503.56,79.52,25.0,7.53,1.17,1.68,208.33,1.462237764,0.6792433106969409,500.14043453237156
5000,252,203,8.0,13.5,7.53,25.0,767,19,50.3,406,266,200,960,76.92,736.32,363.8,99.4,25.0,7.53,1.17,1.68,208.33,2.02397213,0.4532544613330978,333.74032496878664
2000,247,202,7.4,11.0,9.15,27.1,636,15,49.3,243,212,200,960,76.92,610.56,1259.88,40.57,27.1,9.15,1.17,1.5,208.33,0.4846175713,0.9832737310887251,600.3476092535319
2500,247,202,7.4,11.0,9.15,27.1,636,15,49.3,243,212,200,960,76.92,610.56,840.0,50.71,27.1,9.15,1.17,1.5,208.33,0.7268599256,0.8386473536418532,512.0445282395698
3000,247,202,7.4,11.0,9.15,27.1,636,15,49.3,243,212,200,960,76.92,610.56,610.7,60.85,27.1,9.15,1.17,1.5,208.33,0.9997752359,0.790764732644749,482.80931516357793
3500,247,202,7.4,11.0,9.15,27.1,636,15,49.3,243,212,200,960,76.92,610.56,471.33,70.99,27.1,9.15,1.17,1.5,208.33,1.295391426,0.7050973837779532,430.504258639467
4000,247,202,7.4,11.0,9.15,27.1,636,15,49.3,243,212,200,960,76.92,610.56,379.9,81.14,27.1,9.15,1.17,1.5,208.33,1.607175262,0.6196027952467634,378.3046826658638
5000,247,202,7.4,11.0,9.15,27.1,636,15,49.3,243,212,200,960,76.92,610.56,270.14,101.42,27.1,9.15,1.17,1.5,208.33,2.260196676,0.4477656018396958,273.38776585924467
1300,267,148,7.6,13.0,5.7,29.5,600,7,34.8,259,111,200,960,76.92,576.0,1443.48,37.36,29.5,5.7,1.72,1.7,208.33,0.3990354476,0.9938807659943224,572.4753212127297
1800,267,148,7.6,13.0,5.7,29.5,600,7,34.8,259,111,200,960,76.92,576.0,797.59,51.72,29.5,5.7,1.72,1.7,208.33,0.7221728347,0.9076238812258015,522.7913555860616
2300,267,148,7.6,13.0,5.7,29.5,600,7,34.8,259,111,200,960,76.92,576.0,522.49,66.09,29.5,5.7,1.72,1.7,208.33,1.102406274,0.7771028257915789,447.6112276559494
2800,267,148,7.6,13.0,5.7,29.5,600,7,34.8,259,111,200,960,76.92,576.0,379.14,80.46,29.5,5.7,1.72,1.7,208.33,1.519210133,0.6598745185565178,380.08772268855427
3300,267,148,7.6,13.0,5.7,29.5,600,7,34.8,259,111,200,960,76.92,576.0,294.22,94.83,29.5,5.7,1.72,1.7,208.33,1.957687628,0.4420802853715896,254.63824437403562
5000,267,148,7.6,13.0,5.7,29.5,600,7,34.8,259,111,200,960,76.92,576.0,164.36,143.68,29.5,5.7,1.72,1.7,208.33,3.504433834,0.2500679995935679,144.03916776589512
1500,262,147,6.6,11.2,6.56,34.0,513,6,34.5,167,93,200,960,76.92,492.48,911.85,43.48,34.0,6.56,1.71,1.7,208.33,0.540088517,0.9961158770073916,490.56714710860024
2000,262,147,6.6,11.2,6.56,34.0,513,6,34.5,167,93,200,960,76.92,492.48,539.46,57.97,34.0,6.56,1.71,1.7,208.33,0.9129063436,0.8404579867603122,413.9087493197186
2500,262,147,6.6,11.2,6.56,34.0,513,6,34.5,167,93,200,960,76.92,492.48,365.94,72.46,34.0,6.56,1.71,1.7,208.33,1.345776986,0.7522983489525555,370.4918908921546
3000,262,147,6.6,11.2,6.56,34.0,513,6,34.5,167,93,200,960,76.92,492.48,270.65,86.96,34.0,6.56,1.71,1.7,208.33,1.81959406,0.5353606536184523,263.65441469401543
3500,262,147,6.6,11.2,6.56,34.0,513,6,34.5,167,93,200,960,76.92,492.48,212.3,101.45,34.0,6.56,1.71,1.7,208.33,2.319702971,0.4112543947650444,202.53456433388908
5000,262,147,6.6,11.2,6.56,34.0,513,6,34.5,167,93,200,960,76.92,492.48,126.62,144.93,34.0,6.56,1.71,1.7,208.33,3.889403994,0.23564842333412442,116.0521355235896
1400,259,146,6.1,9.1,7.99,36.9,426,5,33.8,100,74,200,960,76.92,408.96,820.36,41.42,36.9,7.99,1.71,1.5,208.33,0.4985116074,0.9804846870722557,400.9790176250697
1900,259,146,6.1,9.1,7.99,36.9,426,5,33.8,100,74,200,960,76.92,408.96,462.58,56.21,36.9,7.99,1.71,1.5,208.33,0.8840904785,0.788584830730384,322.4996523754978
2400,259,146,6.1,9.1,7.99,36.9,426,5,33.8,100,74,200,960,76.92,408.96,303.37,71.01,36.9,7.99,1.71,1.5,208.33,1.34807632,0.6396372278111465,261.5860406856465
2900,259,146,6.1,9.1,7.99,36.9,426,5,33.8,100,74,200,960,76.92,408.96,218.6,85.8,36.9,7.99,1.71,1.5,208.33,1.870840585,0.4615663914239675,188.76219143674572
3400,259,146,6.1,9.1,7.99,36.9,426,5,33.8,100,74,200,960,76.92,408.96,167.91,100.59,36.9,7.99,1.71,1.5,208.33,2.435585736,0.36675834703852295,149.98949360487433
5000,259,146,6.1,9.1,7.99,36.9,426,5,33.8,100,74,200,960,76.92,408.96,93.15,147.93,36.9,7.99,1.71,1.5,208.33,4.390435508,0.18631875078132695,76.19691631953147
800,259,102,6.4,10.0,5.09,35.4,354,2,22.2,97,28,200,960,76.92,339.84,941.26,36.04,35.4,5.09,2.44,1.58,208.33,0.3610487327,0.9916460513496452,337.0009940906634
1300,259,102,6.4,10.0,5.09,35.4,354,2,22.2,97,28,200,960,76.92,339.84,379.07,58.56,35.4,5.09,2.44,1.58,208.33,0.8965176103,0.8384401003310179,284.9354836964931
1800,259,102,6.4,10.0,5.09,35.4,354,2,22.2,97,28,200,960,76.92,339.84,213.95,81.08,35.4,5.09,2.44,1.58,208.33,1.588406141,0.5678994647052039,192.99495408541648
2300,259,102,6.4,10.0,5.09,35.4,354,2,22.2,97,28,200,960,76.92,339.84,143.13,103.6,35.4,5.09,2.44,1.58,208.33,2.374373576,0.374877882655253,127.39849964156117
2800,259,102,6.4,10.0,5.09,35.4,354,2,22.2,97,28,200,960,76.92,339.84,105.85,126.13,35.4,5.09,2.44,1.58,208.33,3.210649685,0.2673718846892772,90.86366129280395
5000,259,102,6.4,10.0,5.09,35.4,354,2,22.2,97,28,200,960,76.92,339.84,48.42,225.23,35.4,5.09,2.44,1.58,208.33,7.019276572,0.15343227193035416,52.14242329281156
900,257,102,6.1,8.4,6.08,36.9,306,1,21.5,65,23,200,960,76.92,293.76,613.44,41.86,36.9,6.08,2.44,1.38,208.33,0.4788734603,0.991253816587939,291.19072116087295
1400,257,102,6.1,8.4,6.08,36.9,306,1,21.5,65,23,200,960,76.92,293.76,267.88,65.12,36.9,6.08,2.44,1.38,208.33,1.096596953,0.7813367806881055,229.52549269493787
1900,257,102,6.1,8.4,6.08,36.9,306,1,21.5,65,23,200,960,76.92,293.76,155.96,88.37,36.9,6.08,2.44,1.38,208.33,1.883591023,0.46090123146850875,135.39434575618913
2400,257,102,6.1,8.4,6.08,36.9,306,1,21.5,65,23,200,960,76.92,293.76,105.72,111.63,36.9,6.08,2.44,1.38,208.33,2.778769305,0.2981164610632269,87.57469160193354
2900,257,102,6.1,8.4,6.08,36.9,306,1,21.5,65,23,200,960,76.92,293.76,78.61,134.88,36.9,6.08,2.44,1.38,208.33,3.736728057,0.22361899906077537,65.69031716409337
5000,257,102,6.1,8.4,6.08,36.9,306,1,21.5,65,23,200,960,76.92,293.76,36.93,232.56,36.9,6.08,2.44,1.38,208.33,7.954749562,0.13826456656193944,40.61659907323533
870,254,102,5.8,6.9,7.41,38.5,262,1,20.6,43,18,200,960,76.92,251.52,523.64,42.23,38.5,7.41,2.42,1.18,208.33,0.4803328609,0.9841520673883477,247.53392798951722
1370,254,102,5.8,6.9,7.41,38.5,262,1,20.6,43,18,200,960,76.92,251.52,221.13,66.5,38.5,7.41,2.42,1.18,208.33,1.137454043,0.7097376331678252,178.5132094943714
1870,254,102,5.8,6.9,7.41,38.5,262,1,20.6,43,18,200,960,76.92,251.52,126.02,90.78,38.5,7.41,2.42,1.18,208.33,1.995946991,0.41173624367810485,103.55990000991693
2370,254,102,5.8,6.9,7.41,38.5,262,1,20.6,43,18,200,960,76.92,251.52,84.05,115.05,38.5,7.41,2.42,1.18,208.33,2.992445668,0.2691078146859159,67.68599754980157
2870,254,102,5.8,6.9,7.41,38.5,262,1,20.6,43,18,200,960,76.92,251.52,61.71,139.32,38.5,7.41,2.42,1.18,208.33,4.075894587,0.20744563897797932,52.176727115741365
3000,254,102,5.8,6.9,7.41,38.5,262,1,20.6,43,18,200,960,76.92,251.52,57.6,145.63,38.5,7.41,2.42,1.18,208.33,4.367038406,0.1888860020518579,47.5086072360833
800,251,101,4.8,5.4,9.43,46.6,206,1,19.9,23,14,200,960,76.92,197.76,459.64,40.2,46.6,9.43,2.43,1.11,208.33,0.4302495056,1.0147240250256844,200.67182318907933
1300,251,101,4.8,5.4,9.43,46.6,206,1,19.9,23,14,200,960,76.92,197.76,179.67,65.33,46.6,9.43,2.43,1.11,208.33,1.100713221,0.7277024697566393,143.91044041907298
1800,251,101,4.8,5.4,9.43,46.6,206,1,19.9,23,14,200,960,76.92,197.76,97.87,90.45,46.6,9.43,2.43,1.11,208.33,2.020695122,0.420805830043405,83.21856094938377
2300,251,101,4.8,5.4,9.43,46.6,206,1,19.9,23,14,200,960,76.92,197.76,63.15,115.58,46.6,9.43,2.43,1.11,208.33,3.131671953,0.27282748987570205,53.954364397818836
2800,251,101,4.8,5.4,9.43,46.6,206,1,19.9,23,14,200,960,76.92,197.76,45.16,140.7,46.6,9.43,2.43,1.11,208.33,4.379463261,0.20415006892477772,40.37271763056404
3000,251,101,4.8,5.4,9.43,46.6,206,1,19.9,23,14,200,960,76.92,197.76,40.31,150.75,46.6,9.43,2.43,1.11,208.33,4.906581184,0.18100744959216328,35.79603323134621
2500,229,210,14.5,23.7,4.43,11.1,1150,37,53.8,2100,387,200,960,76.92,1104.0,2382.26,46.47,11.1,4.43,0.98,1.63,208.33,0.463425476,0.9083693468884266,1002.839758964823
3000,229,210,14.5,23.7,4.43,11.1,1150,37,53.8,2100,387,200,960,76.92,1104.0,1849.97,55.76,11.1,4.43,0.98,1.63,208.33,0.5967662149,0.8960062569251963,989.1909076454167
3500,229,210,14.5,23.7,4.43,11.1,1150,37,53.8,2100,387,200,960,76.92,1104.0,1511.5,65.06,11.1,4.43,0.98,1.63,208.33,0.7304006024,0.8626401240755764,952.3546969794364
4000,229,210,14.5,23.7,4.43,11.1,1150,37,53.8,2100,387,200,960,76.92,1104.0,1278.67,74.35,11.1,4.43,0.98,1.63,208.33,0.8633995771,0.8088285930733615,892.9467667529912
4500,229,210,14.5,23.7,4.43,11.1,1150,37,53.8,2100,387,200,960,76.92,1104.0,1109.05,83.64,11.1,4.43,0.98,1.63,208.33,0.9954477731,0.8010999538781725,884.4143490815023
30000,229,210,14.5,23.7,4.43,11.1,1150,37,53.8,2100,387,200,960,76.92,1104.0,150.18,557.62,11.1,4.43,0.98,1.63,208.33,7.351297485,0.2528017680486047,279.0931519256596
2200,222,209,13.0,20.6,5.07,12.4,980,31,53.3,1390,317,200,960,76.92,940.8,2274.75,41.28,12.4,5.07,0.96,1.59,208.33,0.4135842029,0.9342947647304958,878.9845146584504
2700,222,209,13.0,20.6,5.07,12.4,980,31,53.3,1390,317,200,960,76.92,940.8,1674.37,50.66,12.4,5.07,0.96,1.59,208.33,0.5618826623,0.9002901502734864,846.9929733772959
3200,222,209,13.0,20.6,5.07,12.4,980,31,53.3,1390,317,200,960,76.92,940.8,1319.02,60.04,12.4,5.07,0.96,1.59,208.33,0.7132543065,0.8874625222040808,834.9247408895992
3700,222,209,13.0,20.6,5.07,12.4,980,31,53.3,1390,317,200,960,76.92,940.8,1087.25,69.42,12.4,5.07,0.96,1.59,208.33,0.8653043593,0.8352856563190417,785.8367454649544
4200,222,209,13.0,20.6,5.07,12.4,980,31,53.3,1390,317,200,960,76.92,940.8,925.14,78.8,12.4,5.07,0.96,1.59,208.33,1.016924984,0.8000527915449122,752.6896662854533
30000,222,209,13.0,20.6,5.07,12.4,980,31,53.3,1390,317,200,960,76.92,940.8,112.6,562.85,12.4,5.07,0.96,1.59,208.33,8.35537739,0.22787780766676527,214.38744145289274
2000,216,206,10.2,17.4,5.92,15.9,803,25,52.8,816,250,200,960,76.92,770.88,1997.04,37.88,15.9,5.92,0.96,1.71,208.33,0.3860109611,0.9943193974232132,766.5009370856066
2500,216,206,10.2,17.4,5.92,15.9,803,25,52.8,816,250,200,960,76.92,770.88,1394.06,47.35,15.9,5.92,0.96,1.71,208.33,0.5529729825,0.9363600390495433,721.821226902512
3000,216,206,10.2,17.4,5.92,15.9,803,25,52.8,816,250,200,960,76.92,770.88,1058.23,56.82,15.9,5.92,0.96,1.71,208.33,0.7284601181,0.8896500678609044,685.813444312614
3500,216,206,10.2,17.4,5.92,15.9,803,25,52.8,816,250,200,960,76.92,770.88,849.1,66.29,15.9,5.92,0.96,1.71,208.33,0.9078748128,0.8239993780562109,635.2046405559719
4000,216,206,10.2,17.4,5.92,15.9,803,25,52.8,816,250,200,960,76.92,770.88,708.11,75.76,15.9,5.92,0.96,1.71,208.33,1.088638836,0.789570707594321,608.6642670703102
10000,216,206,10.2,17.4,5.92,15.9,803,25,52.8,816,250,200,960,76.92,770.88,240.88,189.39,15.9,5.92,0.96,1.71,208.33,3.200235896,0.25781368978118374,198.7434171785189
2000,210,205,9.1,14.2,7.21,17.6,652,20,51.8,466,195,200,960,76.92,625.92,1510.54,38.61,17.6,7.21,0.96,1.56,208.33,0.4143676511,0.9962321223914486,623.5616100472555
2500,210,205,9.1,14.2,7.21,17.6,652,20,51.8,466,195,200,960,76.92,625.92,1037.92,48.26,17.6,7.21,0.96,1.56,208.33,0.6030509969,0.888189360795574,555.9354847091656
3000,210,205,9.1,14.2,7.21,17.6,652,20,51.8,466,195,200,960,76.92,625.92,776.93,57.92,17.6,7.21,0.96,1.56,208.33,0.8056308794,0.8180449096014212,512.0306698177216
3500,210,205,9.1,14.2,7.21,17.6,652,20,51.8,466,195,200,960,76.92,625.92,616.01,67.57,17.6,7.21,0.96,1.56,208.33,1.016086491,0.7873779474317574,492.83560485648553
4000,210,205,9.1,14.2,7.21,17.6,652,20,51.8,466,195,200,960,76.92,625.92,508.65,77.22,17.6,7.21,0.96,1.56,208.33,1.230554124,0.7347337167336919,459.8845279779524
10000,210,205,9.1,14.2,7.21,17.6,652,20,51.8,466,195,200,960,76.92,625.92,165.62,193.05,17.6,7.21,0.96,1.56,208.33,3.779174304,0.2304679368707208,144.25449104612156
2000,206,204,7.9,12.6,8.1,20.5,569,18,51.6,320,166,200,960,76.92,546.24,1263.68,38.76,20.5,8.1,0.95,1.6,208.33,0.4322615581,0.9857003199813594,538.4289427866178
2500,206,204,7.9,12.6,8.1,20.5,569,18,51.6,320,166,200,960,76.92,546.24,859.71,48.45,20.5,8.1,0.95,1.6,208.33,0.6353794867,0.8633230655917742,471.58159134885074
3000,206,204,7.9,12.6,8.1,20.5,569,18,51.6,320,166,200,960,76.92,546.24,637.6,58.14,20.5,8.1,0.95,1.6,208.33,0.8567076318,0.8003397831866346,437.1776031678673
3500,206,204,7.9,12.6,8.1,20.5,569,18,51.6,320,166,200,960,76.92,546.24,501.4,67.83,20.5,8.1,0.95,1.6,208.33,1.08942583,0.7253120748718919,396.1944677780222
4000,206,204,7.9,12.6,8.1,20.5,569,18,51.6,320,166,200,960,76.92,546.24,411.08,77.52,20.5,8.1,0.95,1.6,208.33,1.328788668,0.6912729186857108,377.6009191028827
10000,206,204,7.9,12.6,8.1,20.5,569,18,51.6,320,166,200,960,76.92,546.24,129.32,193.8,20.5,8.1,0.95,1.6,208.33,4.223952354,0.22222293500996826,121.38705601984506
2000,203,203,7.2,11.0,9.19,22.3,498,15,51.3,223,142,200,960,76.92,478.08,1066.59,38.99,22.3,9.19,0.95,1.53,208.33,0.4482333465,0.9887728823188306,472.71253957898654
2500,203,203,7.2,11.0,9.19,22.3,498,15,51.3,223,142,200,960,76.92,478.08,719.38,48.73,22.3,9.19,0.95,1.53,208.33,0.6645716487,0.8693464192230652,415.617136102163
3000,203,203,7.2,11.0,9.19,22.3,498,15,51.3,223,142,200,960,76.92,478.08,529.1,58.48,22.3,9.19,0.95,1.53,208.33,0.9035649364,0.8012711045934987,383.07168968405983
3500,203,203,7.2,11.0,9.19,22.3,498,15,51.3,223,142,200,960,76.92,478.08,412.91,68.23,22.3,9.19,0.95,1.53,208.33,1.157842312,0.7297159253093095,348.86258957187465
4000,203,203,7.2,11.0,9.19,22.3,498,15,51.3,223,142,200,960,76.92,478.08,336.22,77.97,22.3,9.19,0.95,1.53,208.33,1.421905053,0.6741316971035117,322.2888817512469
10000,203,203,7.2,11.0,9.19,22.3,498,15,51.3,223,142,200,960,76.92,478.08,102.03,194.93,22.3,9.19,0.95,1.53,208.33,4.685514523,0.21752682331391862,103.9952236899182
1500,205,166,7.2,11.8,7.03,22.3,446,9,41.1,224,84,200,960,76.92,428.16,1110.73,36.5,22.3,7.03,1.16,1.63,208.33,0.385474886,0.9782435984003444,418.8447790910915
2000,205,166,7.2,11.8,7.03,22.3,446,9,41.1,224,84,200,960,76.92,428.16,669.33,48.66,22.3,7.03,1.16,1.63,208.33,0.6396807434,0.8796430971745804,376.6279884862684
2500,205,166,7.2,11.8,7.03,22.3,446,9,41.1,224,84,200,960,76.92,428.16,462.45,60.83,22.3,7.03,1.16,1.63,208.33,0.9258446443,0.8142980183523818,348.64983953775584
3000,205,166,7.2,11.8,7.03,22.3,446,9,41.1,224,84,200,960,76.92,428.16,347.89,72.99,22.3,7.03,1.16,1.63,208.33,1.230718608,0.7566108919265002,323.95051948725035
3500,205,166,7.2,11.8,7.03,22.3,446,9,41.1,224,84,200,960,76.92,428.16,277.03,85.16,22.3,7.03,1.16,1.63,208.33,1.545550122,0.6738073638356374,288.4973608998665
15000,205,166,7.2,11.8,7.03,22.3,446,9,41.1,224,84,200,960,76.92,428.16,49.42,364.96,22.3,7.03,1.16,1.63,208.33,8.663456882,0.22079174660254897,94.53419422534738
1500,201,165,6.2,10.2,8.12,25.9,379,8,40.9,144,70,200,960,76.92,363.84,909.71,36.67,25.9,8.12,1.16,1.63,208.33,0.3999516666,0.9696579798260703,352.8003593799174
2000,201,165,6.2,10.2,8.12,25.9,379,8,40.9,144,70,200,960,76.92,363.84,541.41,48.9,25.9,8.12,1.16,1.63,208.33,0.6720264961,0.8646876879556088,314.6079683857687
2500,201,165,6.2,10.2,8.12,25.9,379,8,40.9,144,70,200,960,76.92,363.84,369.5,61.12,25.9,8.12,1.16,1.63,208.33,0.9846763284,0.7899021195939105,287.3979871930484
3000,201,165,6.2,10.2,8.12,25.9,379,8,40.9,144,70,200,960,76.92,363.84,274.86,73.35,25.9,8.12,1.16,1.63,208.33,1.323709851,0.6946421546370196,252.7386015431332
3500,201,165,6.2,10.2,8.12,25.9,379,8,40.9,144,70,200,960,76.92,363.84,216.73,85.57,25.9,8.12,1.16,1.63,208.33,1.678760075,0.6156609939721044,224.00209604681044
15000,201,165,6.2,10.2,8.12,25.9,379,8,40.9,144,70,200,960,76.92,363.84,36.62,366.75,25.9,8.12,1.16,1.63,208.33,9.936324122,0.217198905917072,79.02564992886747
1200,210,134,6.4,10.2,6.59,27.5,334,4,32.0,117,41,200,960,76.92,320.64,788.44,37.5,27.5,6.59,1.49,1.6,208.33,0.4066759412,0.9950303739270415,319.0465390959666
1700,210,134,6.4,10.2,6.59,27.5,334,4,32.0,117,41,200,960,76.92,320.64,419.38,53.13,27.5,6.59,1.49,1.6,208.33,0.7645605245,0.8879912249376914,284.7255063640214
2200,210,134,6.4,10.2,6.59,27.5,334,4,32.0,117,41,200,960,76.92,320.64,270.25,68.75,27.5,6.59,1.49,1.6,208.33,1.186449271,0.7790041714339152,249.77989752857056
2700,210,134,6.4,10.2,6.59,27.5,334,4,32.0,117,41,200,960,76.92,320.64,194.72,84.38,27.5,6.59,1.49,1.6,208.33,1.646708993,0.6610998320021483,211.97505013316882
3200,210,134,6.4,10.2,6.59,27.5,334,4,32.0,117,41,200,960,76.92,320.64,150.69,100.0,27.5,6.59,1.49,1.6,208.33,2.127853346,0.4629610539235442,148.4438323300452
9000,210,134,6.4,10.2,6.59,27.5,334,4,32.0,117,41,200,960,76.92,320.64,41.24,281.25,27.5,6.59,1.49,1.6,208.33,7.774100588,0.2124774339936883,68.12876443573622
1200,207,133,5.8,8.4,7.95,29.9,279,3,31.2,72,33,200,960,76.92,267.84,627.83,38.46,29.9,7.95,1.49,1.43,208.33,0.4266151192,0.9895781489804959,265.048611422936
1700,207,133,5.8,8.4,7.95,29.9,279,3,31.2,72,33,200,960,76.92,267.84,329.57,54.49,29.9,7.95,1.49,1.43,208.33,0.8127036116,0.7897787971537411,211.534353029658
2200,207,133,5.8,8.4,7.95,29.9,279,3,31.2,72,33,200,960,76.92,267.84,209.48,70.51,29.9,7.95,1.49,1.43,208.33,1.278604993,0.6782282254065282,181.65664789288448
2700,207,133,5.8,8.4,7.95,29.9,279,3,31.2,72,33,200,960,76.92,267.84,148.99,86.54,29.9,7.95,1.49,1.43,208.33,1.797700376,0.5409612719463567,144.89106707811217
3200,207,133,5.8,8.4,7.95,29.9,279,3,31.2,72,33,200,960,76.92,267.84,113.99,102.56,29.9,7.95,1.49,1.43,208.33,2.349734502,0.3891042310367609,104.21767724088603
6000,207,133,5.8,8.4,7.95,29.9,279,3,31.2,72,33,200,960,76.92,267.84,47.77,192.31,29.9,7.95,1.49,1.43,208.33,5.606293308,0.17068585095347766,45.716498319379454
900,206,102,6.2,8.0,6.37,28.1,223,1,22.3,57,14,200,960,76.92,214.08,476.65,40.36,28.1,6.37,1.94,1.29,208.33,0.4491328384,1.0004018907088632,214.16603676295344
1400,206,102,6.2,8.0,6.37,28.1,223,1,22.3,57,14,200,960,76.92,214.08,212.41,62.78,28.1,6.37,1.94,1.29,208.33,1.007882245,0.7964147435647332,170.4964683023381
1900,206,102,6.2,8.0,6.37,28.1,223,1,22.3,57,14,200,960,76.92,214.08,126.37,85.2,28.1,6.37,1.94,1.29,208.33,1.69405739,0.6154975355656999,131.76571241390502
2400,206,102,6.2,8.0,6.37,28.1,223,1,22.3,57,14,200,960,76.92,214.08,87.4,107.62,28.1,6.37,1.94,1.29,208.33,2.449292816,0.3571218717696336,76.45265030844317
2900,206,102,6.2,8.0,6.37,28.1,223,1,22.3,57,14,200,960,76.92,214.08,66.14,130.04,28.1,6.37,1.94,1.29,208.33,3.237008997,0.264496834437942,56.62348231647462
5000,206,102,6.2,8.0,6.37,28.1,223,1,22.3,57,14,200,960,76.92,214.08,32.48,224.22,28.1,6.37,1.94,1.29,208.33,6.591594106,0.17017493073127574,36.43104917095151
900,203,102,5.8,6.5,7.84,29.9,187,1,21.4,36,11,200,960,76.92,179.52,375.65,42.06,29.9,7.84,1.93,1.11,208.33,0.477891096,0.9811968592663998,176.1444601755041
1400,203,102,5.8,6.5,7.84,29.9,187,1,21.4,36,11,200,960,76.92,179.52,165.31,65.42,29.9,7.84,1.93,1.11,208.33,1.085938961,0.7288278059797066,130.83916772947694
1900,203,102,5.8,6.5,7.84,29.9,187,1,21.4,36,11,200,960,76.92,179.52,97.06,88.79,29.9,7.84,1.93,1.11,208.33,1.849530611,0.5198316209167096,93.32017258696771
2400,203,102,5.8,6.5,7.84,29.9,187,1,21.4,36,11,200,960,76.92,179.52,66.33,112.15,29.9,7.84,1.93,1.11,208.33,2.706558943,0.31912302111222823,57.288964750067215
2900,203,102,5.8,6.5,7.84,29.9,187,1,21.4,36,11,200,960,76.92,179.52,49.68,135.51,29.9,7.84,1.93,1.11,208.33,3.613821012,0.2511531446521405,45.08701252795227
7000,203,102,5.8,6.5,7.84,29.9,187,1,21.4,36,11,200,960,76.92,179.52,15.97,327.1,29.9,7.84,1.93,1.11,208.33,11.24229409,0.15750786308832265,28.275811581615685
800,200,100,4.3,5.2,9.61,40.5,145,1,21.4,18,8,200,960,76.92,139.2,352.35,37.38,40.5,9.61,1.95,1.2,208.33,0.3950616399,0.9832796506873256,136.8725273756757
1300,200,100,4.3,5.2,9.61,40.5,145,1,21.4,18,8,200,960,76.92,139.2,138.85,60.75,40.5,9.61,1.95,1.2,208.33,1.00250604,0.7752897679240948,107.92033569503398
1800,200,100,4.3,5.2,9.61,40.5,145,1,21.4,18,8,200,960,76.92,139.2,76.41,84.11,40.5,9.61,1.95,1.2,208.33,1.821830328,0.4633566552316453,64.49924640824503
2300,200,100,4.3,5.2,9.61,40.5,145,1,21.4,18,8,200,960,76.92,139.2,49.84,107.48,40.5,9.61,1.95,1.2,208.33,2.792990728,0.27851311957118025,38.769026244308286
2800,200,100,4.3,5.2,9.61,40.5,145,1,21.4,18,8,200,960,76.92,139.2,36.02,130.84,40.5,9.61,1.95,1.2,208.33,3.864648412,0.22920860798913092,31.90583823208702
5700,200,100,4.3,5.2,9.61,40.5,145,1,21.4,18,8,200,960,76.92,139.2,13.01,266.36,40.5,9.61,1.95,1.2,208.33,10.70000933,0.12043386950159753,16.764394634622374
1550,162,154,8.1,11.5,6.68,15.5,310,7,38.6,192,40,200,960,76.92,297.6,693.3,40.16,15.5,6.68,0.98,1.42,208.33,0.4292486521,0.988227460993933,294.09649239179447
2050,162,154,8.1,11.5,6.68,15.5,310,7,38.6,192,40,200,960,76.92,297.6,439.77,53.11,15.5,6.68,0.98,1.42,208.33,0.6767147756,0.8922062561656711,265.52058183490374
2550,162,154,8.1,11.5,6.68,15.5,310,7,38.6,192,40,200,960,76.92,297.6,316.48,66.06,15.5,6.68,0.98,1.42,208.33,0.9403527248,0.8218223106463883,244.5743196483652
3050,162,154,8.1,11.5,6.68,15.5,310,7,38.6,192,40,200,960,76.92,297.6,245.89,79.02,15.5,6.68,0.98,1.42,208.33,1.210278884,0.7667752267979079,228.1923074950574
3550,162,154,8.1,11.5,6.68,15.5,310,7,38.6,192,40,200,960,76.92,297.6,200.86,91.97,15.5,6.68,0.98,1.42,208.33,1.48161087,0.6870009845219162,204.45149299372227
20000,162,154,8.1,11.5,6.68,15.5,310,7,38.6,192,40,200,960,76.92,297.6,30.04,518.13,15.5,6.68,0.98,1.42,208.33,9.906091717,0.2174256851831515,64.70588391050589
1500,157,153,6.6,9.3,8.25,19.1,246,6,38.1,100,30,200,960,76.92,236.16,534.61,39.37,19.1,8.25,0.97,1.4,208.33,0.4417415898,0.9794121511172103,231.29797360784036
2000,157,153,6.6,9.3,8.25,19.1,246,6,38.1,100,30,200,960,76.92,236.16,325.89,52.49,19.1,8.25,0.97,1.4,208.33,0.7246587355,0.8489377033852595,200.4851280314629
2500,157,153,6.6,9.3,8.25,19.1,246,6,38.1,100,30,200,960,76.92,236.16,227.61,65.62,19.1,8.25,0.97,1.4,208.33,1.037543971,0.7589726997369787,179.23899276988487
3000,157,153,6.6,9.3,8.25,19.1,246,6,38.1,100,30,200,960,76.92,236.16,172.86,78.74,19.1,8.25,0.97,1.4,208.33,1.36618561,0.670771676469104,158.40943911494358
3500,157,153,6.6,9.3,8.25,19.1,246,6,38.1,100,30,200,960,76.92,236.16,138.75,91.86,19.1,8.25,0.97,1.4,208.33,1.702022451,0.5613897845575282,132.57781152110584
15000,157,153,6.6,9.3,8.25,19.1,246,6,38.1,100,30,200,960,76.92,236.16,25.75,393.7,19.1,8.25,0.97,1.4,208.33,9.17085883,0.20537804681970395,48.50207953694129
1400,152,152,5.8,6.6,11.5,21.6,177,4,36.8,42,21,200,960,76.92,169.92,400.14,38.04,21.6,11.5,0.96,1.13,208.33,0.4246532573,0.9897071894328049,168.1710456284222
1900,152,152,5.8,6.6,11.5,21.6,177,4,36.8,42,21,200,960,76.92,169.92,229.29,51.63,21.6,11.5,0.96,1.13,208.33,0.7410720636,0.8520378291929908,144.778267936473
2400,152,152,5.8,6.6,11.5,21.6,177,4,36.8,42,21,200,960,76.92,169.92,152.98,65.22,21.6,11.5,0.96,1.13,208.33,1.110741032,0.7519712532016946,127.77495534403192
2900,152,152,5.8,6.6,11.5,21.6,177,4,36.8,42,21,200,960,76.92,169.92,112.11,78.8,21.6,11.5,0.96,1.13,208.33,1.515644726,0.6387844132617038,108.54224750142869
3400,152,152,5.8,6.6,11.5,21.6,177,4,36.8,42,21,200,960,76.92,169.92,87.48,92.39,21.6,11.5,0.96,1.13,208.33,1.942327615,0.4660514613353972,79.19146431011069
10000,152,152,5.8,6.6,11.5,21.6,177,4,36.8,42,21,200,960,76.92,169.92,21.86,271.74,21.6,11.5,0.96,1.13,208.33,7.77345101,0.2045937411324938,34.76456849323334
1000,160,102,6.6,10.2,4.98,19.1,192,2,24.6,93,10,200,960,76.92,184.32,413.79,40.65,19.1,4.98,1.47,1.55,208.33,0.4454484988,0.9890176776554186,182.29573834544675
1500,160,102,6.6,10.2,4.98,19.1,192,2,24.6,93,10,200,960,76.92,184.32,211.68,60.98,19.1,4.98,1.47,1.55,208.33,0.8707627591,0.8537988739590024,157.37220844812333
2000,160,102,6.6,10.2,4.98,19.1,192,2,24.6,93,10,200,960,76.92,184.32,138.0,81.3,19.1,4.98,1.47,1.55,208.33,1.335663631,0.739148621653961,136.2398739432581
2500,160,102,6.6,10.2,4.98,19.1,192,2,24.6,93,10,200,960,76.92,184.32,101.8,101.63,19.1,4.98,1.47,1.55,208.33,1.810619905,0.5401033040307428,99.55184099894652
3000,160,102,6.6,10.2,4.98,19.1,192,2,24.6,93,10,200,960,76.92,184.32,80.67,121.95,19.1,4.98,1.47,1.55,208.33,2.284762763,0.37316003491105676,68.78085763480598
10000,160,102,6.6,10.2,4.98,19.1,192,2,24.6,93,10,200,960,76.92,184.32,21.39,406.5,19.1,4.98,1.47,1.55,208.33,8.616398838,0.21569723776726438,39.75731486526217
900,153,102,5.8,7.1,7.14,21.6,136,1,23.3,38,7,200,960,76.92,130.56,314.3,38.63,21.6,7.14,1.43,1.22,208.33,0.4153987794,0.9935661306523467,129.71999401797038
1400,153,102,5.8,7.1,7.14,21.6,136,1,23.3,38,7,200,960,76.92,130.56,143.21,60.09,21.6,7.14,1.43,1.22,208.33,0.9116899207,0.8020675003932238,104.7179328513393
1900,153,102,5.8,7.1,7.14,21.6,136,1,23.3,38,7,200,960,76.92,130.56,87.08,81.55,21.6,7.14,1.43,1.22,208.33,1.49924717,0.6735579472943218,87.93972559874666
2400,153,102,5.8,7.1,7.14,21.6,136,1,23.3,38,7,200,960,76.92,130.56,61.37,103.0,21.6,7.14,1.43,1.22,208.33,2.12747329,0.444253013606513,58.001673456466335
2900,153,102,5.8,7.1,7.14,21.6,136,1,23.3,38,7,200,960,76.92,130.56,47.14,124.46,21.6,7.14,1.43,1.22,208.33,2.769846865,0.3273765686937791,42.742284808659804
7000,153,102,5.8,7.1,7.14,21.6,136,1,23.3,38,7,200,960,76.92,130.56,16.46,300.43,21.6,7.14,1.43,1.22,208.33,7.933381958,0.21034819061291,27.46305976642153
900,150,100,4.3,5.5,9.16,29.2,102,1,23.0,17,5,200,960,76.92,97.92,222.09,39.13,29.2,9.16,1.45,1.26,208.33,0.4409066739,0.9895783389947214,96.89951095436312
1400,150,100,4.3,5.5,9.16,29.2,102,1,23.0,17,5,200,960,76.92,97.92,98.14,60.87,29.2,9.16,1.45,1.26,208.33,0.9977655706,0.7790569113184084,76.28525275629855
1900,150,100,4.3,5.5,9.16,29.2,102,1,23.0,17,5,200,960,76.92,97.92,57.88,82.61,29.2,9.16,1.45,1.26,208.33,1.691840745,0.6042380877856879,59.16699355597456
2400,150,100,4.3,5.5,9.16,29.2,102,1,23.0,17,5,200,960,76.92,97.92,39.71,104.35,29.2,9.16,1.45,1.26,208.33,2.465622073,0.3850735464530947,37.706401668687036
2900,150,100,4.3,5.5,9.16,29.2,102,1,23.0,17,5,200,960,76.92,97.92,29.85,126.09,29.2,9.16,1.45,1.26,208.33,3.280472607,0.2878342243806723,28.184727251355433
5000,150,100,4.3,5.5,9.16,29.2,102,1,23.0,17,5,200,960,76.92,97.92,14.42,217.39,29.2,9.16,1.45,1.26,208.33,6.791145386,0.17572703266875397,17.20719103892439
900,148,100,4.3,5.0,10.1,29.1,94,1,22.6,14,4,200,960,76.92,90.144,198.7,39.82,29.1,10.1,1.43,1.15,208.33,0.4536681946,0.9760754567311588,87.98734597157359
1400,148,100,4.3,5.0,10.1,29.1,94,1,22.6,14,4,200,960,76.92,90.144,87.41,61.95,29.1,10.1,1.43,1.15,208.33,1.031258862,0.7774371556679147,70.08129496052851
1900,148,100,4.3,5.0,10.1,29.1,94,1,22.6,14,4,200,960,76.92,90.144,51.3,84.07,29.1,10.1,1.43,1.15,208.33,1.757071107,0.5768316798305294,51.99791494664325
2400,148,100,4.3,5.0,10.1,29.1,94,1,22.6,14,4,200,960,76.92,90.144,35.05,106.19,29.1,10.1,1.43,1.15,208.33,2.57217529,0.3757906422390488,33.87527165399682
2900,148,100,4.3,5.0,10.1,29.1,94,1,22.6,14,4,200,960,76.92,90.144,26.24,128.32,29.1,10.1,1.43,1.15,208.33,3.435456206,0.27161929858023914,24.48485005121708
5000,148,100,4.3,5.0,10.1,29.1,94,1,22.6,14,4,200,960,76.92,90.144,12.55,221.24,29.1,10.1,1.43,1.15,208.33,7.182398291,0.17572703266875397,15.840737632892159
1400,131,128,6.9,10.9,5.85,13.7,190,4,32.5,132,14,200,960,76.92,182.4,396.61,43.08,13.7,5.85,0.94,1.59,208.33,0.4598965132,0.935888265853044,170.70601969159523
1900,131,128,6.9,10.9,5.85,13.7,190,4,32.5,132,14,200,960,76.92,182.4,250.83,58.46,13.7,5.85,0.94,1.59,208.33,0.7271757428,0.8886605958550918,162.09169268396874
2400,131,128,6.9,10.9,5.85,13.7,190,4,32.5,132,14,200,960,76.92,182.4,182.16,73.85,13.7,5.85,0.94,1.59,208.33,1.001294082,0.8174155073921867,149.09658854833486
2900,131,128,6.9,10.9,5.85,13.7,190,4,32.5,132,14,200,960,76.92,182.4,143.05,89.23,13.7,5.85,0.94,1.59,208.33,1.275081152,0.7707274048245591,140.5806786399996
3400,131,128,6.9,10.9,5.85,13.7,190,4,32.5,132,14,200,960,76.92,182.4,117.95,104.62,13.7,5.85,0.94,1.59,208.33,1.546457741,0.7174203891453665,130.85747898011485
15000,131,128,6.9,10.9,5.85,13.7,190,4,32.5,132,14,200,960,76.92,182.4,24.24,461.54,13.7,5.85,0.94,1.59,208.33,7.523441692,0.22585113728009146,41.19524743988868
1200,127,127,6.1,9.1,6.94,15.4,158,3,32.0,80,11,200,960,76.92,151.68,394.04,37.5,15.4,6.94,0.93,1.5,208.33,0.3849333366,0.9814122308902292,148.86060718142997
1700,127,127,6.1,9.1,6.94,15.4,158,3,32.0,80,11,200,960,76.92,151.68,223.3,53.13,15.4,6.94,0.93,1.5,208.33,0.679267596,0.8709458883090203,132.1050723387122
2200,127,127,6.1,9.1,6.94,15.4,158,3,32.0,80,11,200,960,76.92,151.68,152.32,68.75,15.4,6.94,0.93,1.5,208.33,0.9957753655,0.8133920076345473,123.37529971800815
2700,127,127,6.1,9.1,6.94,15.4,158,3,32.0,80,11,200,960,76.92,151.68,115.03,84.38,15.4,6.94,0.93,1.5,208.33,1.318620986,0.7591154045867874,115.14262456772391
3200,127,127,6.1,9.1,6.94,15.4,158,3,32.0,80,11,200,960,76.92,151.68,92.41,100.0,15.4,6.94,0.93,1.5,208.33,1.641393806,0.6491023326071496,98.45584180985244
15000,127,127,6.1,9.1,6.94,15.4,158,3,32.0,80,11,200,960,76.92,151.68,17.15,468.75,15.4,6.94,0.93,1.5,208.33,8.844148112,0.20282072636506693,30.763847775053353
1100,106,103,7.1,8.8,5.88,10.6,103,2,25.4,63,4,200,960,76.92,98.88,222.39,43.31,10.6,5.88,0.94,1.23,208.33,0.4446329587,0.9384512862744955,92.79406318682211
1600,106,103,7.1,8.8,5.88,10.6,103,2,25.4,63,4,200,960,76.92,98.88,128.39,62.99,10.6,5.88,0.94,1.23,208.33,0.770146205,0.8707503847638144,86.09979804544597
2100,106,103,7.1,8.8,5.88,10.6,103,2,25.4,63,4,200,960,76.92,98.88,89.81,82.68,10.6,5.88,0.94,1.23,208.33,1.101046251,0.8073592177316694,79.83167944930747
2600,106,103,7.1,8.8,5.88,10.6,103,2,25.4,63,4,200,960,76.92,98.88,69.21,102.36,10.6,5.88,0.94,1.23,208.33,1.428797157,0.7416998248709735,73.33927868324186
3100,106,103,7.1,8.8,5.88,10.6,103,2,25.4,63,4,200,960,76.92,98.88,56.43,122.05,10.6,5.88,0.94,1.23,208.33,1.752299853,0.6200025642596129,61.30585355399052
15000,106,103,7.1,8.8,5.88,10.6,103,2,25.4,63,4,200,960,76.92,98.88,10.87,590.55,10.6,5.88,0.94,1.23,208.33,9.099563434,0.23821131795968659,23.554335119853807
4500,1140,409,31.0,55.1,3.71,35.0,32800,633,90.4,55800,186000,200,690,76.92,22632.0,48727.66,49.78,35.0,3.71,2.65,1.78,289.86,0.4644590289,0.9241773597915401,20915.982006802136
8000,1140,409,31.0,55.1,3.71,35.0,32800,633,90.4,55800,186000,200,690,76.92,22632.0,18330.69,88.5,35.0,3.71,2.65,1.78,289.86,1.234650845,0.6364104653509639,14403.241651823015
12000,1140,409,31.0,55.1,3.71,35.0,32800,633,90.4,55800,186000,200,690,76.92,22632.0,10093.65,132.74,35.0,3.71,2.65,1.78,289.86,2.242201521,0.360586099720299,8160.784608869806
16000,1140,409,31.0,55.1,3.71,35.0,32800,633,90.4,55800,186000,200,690,76.92,22632.0,6925.69,176.99,35.0,3.71,2.65,1.78,289.86,3.267830923,0.2536127047822448,5739.762734631764
18000,1140,409,31.0,55.1,3.71,35.0,32800,633,90.4,55800,186000,200,690,76.92,22632.0,5992.2,199.12,35.0,3.71,2.65,1.78,289.86,3.776912533,0.24633640583057087,5575.0855367574795
20000,1140,409,31.0,55.1,3.71,35.0,32800,633,90.4,55800,186000,200,690,76.92,22632.0,5284.89,221.24,35.0,3.71,2.65,1.78,289.86,4.282400816,0.2369132583884837,5361.820863848163
4500,1130,406,27.9,50.0,4.06,38.7,29500,562,89.9,41600,163000,200,690,76.92,20355.0,42362.69,50.06,38.7,4.06,2.66,1.79,289.86,0.4804936076,0.9241096279450418,18810.251476821326
8000,1130,406,27.9,50.0,4.06,38.7,29500,562,89.9,41600,163000,200,690,76.92,20355.0,15643.91,88.99,38.7,4.06,2.66,1.79,289.86,1.301144954,0.6385634095668593,12997.958201733421
12000,1130,406,27.9,50.0,4.06,38.7,29500,562,89.9,41600,163000,200,690,76.92,20355.0,8476.16,133.48,38.7,4.06,2.66,1.79,289.86,2.401441672,0.3325323455813375,6768.6958943081245
16000,1130,406,27.9,50.0,4.06,38.7,29500,562,89.9,41600,163000,200,690,76.92,20355.0,5757.03,177.98,38.7,4.06,2.66,1.79,289.86,3.535674777,0.22738736753621192,4628.4698661995935
18000,1130,406,27.9,50.0,4.06,38.7,29500,562,89.9,41600,163000,200,690,76.92,20355.0,4963.62,200.22,38.7,4.06,2.66,1.79,289.86,4.100840394,0.21260537465526494,4327.582401107918
20000,1130,406,27.9,50.0,4.06,38.7,29500,562,89.9,41600,163000,200,690,76.92,20355.0,4365.59,222.47,38.7,4.06,2.66,1.79,289.86,4.662601614,0.2115174163669937,4305.437010150156
4500,1120,404,26.2,44.9,4.5,41.0,26500,499,88.6,31100,144000,200,690,76.92,18285.0,37032.45,50.79,41.0,4.5,2.66,1.71,289.86,0.4937561923,0.92977644076584,17000.962219403384
8000,1120,404,26.2,44.9,4.5,41.0,26500,499,88.6,31100,144000,200,690,76.92,18285.0,13434.57,90.29,41.0,4.5,2.66,1.71,289.86,1.361040715,0.5938238593440005,10858.06926810505
12000,1120,404,26.2,44.9,4.5,41.0,26500,499,88.6,31100,144000,200,690,76.92,18285.0,7159.12,135.44,41.0,4.5,2.66,1.71,289.86,2.554083335,0.31683756010031033,5793.374786434175
16000,1120,404,26.2,44.9,4.5,41.0,26500,499,88.6,31100,144000,200,690,76.92,18285.0,4809.12,180.59,41.0,4.5,2.66,1.71,289.86,3.802152498,0.21251182515503317,3885.7787229597816
18000,1120,404,26.2,44.9,4.5,41.0,26500,499,88.6,31100,144000,200,690,76.92,18285.0,4130.12,203.16,41.0,4.5,2.66,1.71,289.86,4.427229556,0.203341156830868,3718.0930526524216
20000,1120,404,26.2,44.9,4.5,41.0,26500,499,88.6,31100,144000,200,690,76.92,18285.0,3621.12,225.73,41.0,4.5,2.66,1.71,289.86,5.049542586,0.2019123208949859,3691.966787564817
4500,1110,401,22.0,39.9,5.02,48.6,23100,433,88.6,21200,124000,200,690,76.92,15939.0,31522.07,50.79,48.6,5.02,2.67,1.82,289.86,0.505645729,0.9705232660513413,15469.17033759233
8000,1110,401,22.0,39.9,5.02,48.6,23100,433,88.6,21200,124000,200,690,76.92,15939.0,11181.47,90.29,48.6,5.02,2.67,1.82,289.86,1.425483673,0.597896597673021,9529.87387031028
12000,1110,401,22.0,39.9,5.02,48.6,23100,433,88.6,21200,124000,200,690,76.92,15939.0,5824.48,135.44,48.6,5.02,2.67,1.82,289.86,2.736551996,0.29991128476041995,4780.285967796333
16000,1110,401,22.0,39.9,5.02,48.6,23100,433,88.6,21200,124000,200,690,76.92,15939.0,3849.91,180.59,48.6,5.02,2.67,1.82,289.86,4.140099756,0.2009920437317275,3203.6121850400045
18000,1110,401,22.0,39.9,5.02,48.6,23100,433,88.6,21200,124000,200,690,76.92,15939.0,3286.73,203.16,48.6,5.02,2.67,1.82,289.86,4.849498667,0.2020772226821604,3220.9088523309547
20000,1110,401,22.0,39.9,5.02,48.6,23100,433,88.6,21200,124000,200,690,76.92,15939.0,2867.71,225.73,48.6,5.02,2.67,1.82,289.86,5.558089667,0.2013987416978204,3210.0945439215593
4200,1100,401,19.9,36.0,5.57,53.5,20800,384,88.1,15500,109000,200,690,76.92,14352.0,31422.13,47.67,53.5,5.57,2.65,1.81,289.86,0.4567481797,0.974807990401937,13990.4442782486
8000,1100,401,19.9,36.0,5.57,53.5,20800,384,88.1,15500,109000,200,690,76.92,14352.0,9620.92,90.81,53.5,5.57,2.65,1.81,289.86,1.491748466,0.5932002672666316,8513.610235810696
12000,1100,401,19.9,36.0,5.57,53.5,20800,384,88.1,15500,109000,200,690,76.92,14352.0,4926.2,136.21,53.5,5.57,2.65,1.81,289.86,2.913402147,0.299483759299203,4298.190913462162
16000,1100,401,19.9,36.0,5.57,53.5,20800,384,88.1,15500,109000,200,690,76.92,14352.0,3213.86,181.61,53.5,5.57,2.65,1.81,289.86,4.465658207,0.19983176346969203,2867.98546931702
18000,1100,401,19.9,36.0,5.57,53.5,20800,384,88.1,15500,109000,200,690,76.92,14352.0,2730.0,204.31,53.5,5.57,2.65,1.81,289.86,5.257134326,0.2011142498277345,2886.391713527645
20000,1100,401,19.9,36.0,5.57,53.5,20800,384,88.1,15500,109000,200,690,76.92,14352.0,2372.04,227.01,53.5,5.57,2.65,1.81,289.86,6.050496524,0.20136954857492861,2890.0557611473755
4000,1090,401,18.0,31.1,6.45,58.8,18000,331,87.1,10400,92900,200,690,76.92,12420.0,29312.74,45.92,58.8,6.45,2.64,1.73,289.86,0.4237065031,0.9967812405213489,12380.023007275153
8000,1090,401,18.0,31.1,6.45,58.8,18000,331,87.1,10400,92900,200,690,76.92,12420.0,8013.37,91.85,58.8,6.45,2.64,1.73,289.86,1.549910613,0.5427481794087667,6740.932388256883
12000,1090,401,18.0,31.1,6.45,58.8,18000,331,87.1,10400,92900,200,690,76.92,12420.0,4018.07,137.77,58.8,6.45,2.64,1.73,289.86,3.091035044,0.30902009418937243,3838.0295698320056
16000,1090,401,18.0,31.1,6.45,58.8,18000,331,87.1,10400,92900,200,690,76.92,12420.0,2577.07,183.7,58.8,6.45,2.64,1.73,289.86,4.819420974,0.19787514207338072,2457.6092645513886
18000,1090,401,18.0,31.1,6.45,58.8,18000,331,87.1,10400,92900,200,690,76.92,12420.0,2174.21,206.66,58.8,6.45,2.64,1.73,289.86,5.712424377,0.20202706073466437,2509.1760943245313
20000,1090,401,18.0,31.1,6.45,58.8,18000,331,87.1,10400,92900,200,690,76.92,12420.0,1878.18,229.62,58.8,6.45,2.64,1.73,289.86,6.612767397,0.2022823594818585,2512.3469047646827
5000,1110,429,50.0,89.7,2.39,20.4,50500,1190,98.0,245000,309000,200,690,76.92,34845.0,83503.22,51.02,20.4,2.39,2.38,1.79,289.86,0.4172892846,0.957086469632591,33349.678034347635
8000,1110,429,50.0,89.7,2.39,20.4,50500,1190,98.0,245000,309000,200,690,76.92,34845.0,42276.63,81.63,20.4,2.39,2.38,1.79,289.86,0.8242142338,0.785440590729097,27368.677383955386
12000,1110,429,50.0,89.7,2.39,20.4,50500,1190,98.0,245000,309000,200,690,76.92,34845.0,25419.38,122.45,20.4,2.39,2.38,1.79,289.86,1.370804349,0.5336203639284316,18594.0015810862
16000,1110,429,50.0,89.7,2.39,20.4,50500,1190,98.0,245000,309000,200,690,76.92,34845.0,18283.23,163.27,20.4,2.39,2.38,1.79,289.86,1.90584504,0.40026605947450977,13947.270842389293
18000,1110,429,50.0,89.7,2.39,20.4,50500,1190,98.0,245000,309000,200,690,76.92,34845.0,16059.21,183.67,20.4,2.39,2.38,1.79,289.86,2.16978297,0.3724532240138896,12978.132590763982
20000,1110,429,50.0,89.7,2.39,20.4,50500,1190,98.0,245000,309000,200,690,76.92,34845.0,14328.05,204.08,20.4,2.39,2.38,1.79,289.86,2.431943435,0.3584765112521574,12491.114034581426
4500,1090,424,45.5,82.2,2.58,22.2,45200,1050,96.5,185000,268000,200,690,76.92,31188.0,84191.33,46.63,22.2,2.58,2.38,1.81,289.86,0.3704419578,0.9925526020509686,30955.73055276561
8000,1090,424,45.5,82.2,2.58,22.2,45200,1050,96.5,185000,268000,200,690,76.92,31188.0,35359.03,82.9,22.2,2.58,2.38,1.81,289.86,0.8820378518,0.7852263360528451,24489.638968816133
12000,1090,424,45.5,82.2,2.58,22.2,45200,1050,96.5,185000,268000,200,690,76.92,31188.0,21029.62,124.35,22.2,2.58,2.38,1.81,289.86,1.483051304,0.542247227389928,16911.606527837077
16000,1090,424,45.5,82.2,2.58,22.2,45200,1050,96.5,185000,268000,200,690,76.92,31188.0,15047.65,165.8,22.2,2.58,2.38,1.81,289.86,2.072615851,0.40140667554470494,12519.071396888257
18000,1090,424,45.5,82.2,2.58,22.2,45200,1050,96.5,185000,268000,200,690,76.92,31188.0,13196.51,186.53,22.2,2.58,2.38,1.81,289.86,2.363351581,0.35770879441875697,11156.221880332192
20000,1090,424,45.5,82.2,2.58,22.2,45200,1050,96.5,185000,268000,200,690,76.92,31188.0,11760.16,207.25,22.2,2.58,2.38,1.81,289.86,2.652005265,0.3425904517686192,10684.711009759696
4500,1070,417,39.1,70.0,2.98,25.6,38000,849,94.5,115000,212000,200,690,76.92,26220.0,64740.21,47.62,25.6,2.98,2.4,1.79,289.86,0.405003298,0.9817033247190452,25740.261174133364
8000,1070,417,39.1,70.0,2.98,25.6,38000,849,94.5,115000,212000,200,690,76.92,26220.0,26293.41,84.66,25.6,2.98,2.4,1.79,289.86,0.9972080083,0.774164642548223,20298.59692761441
12000,1070,417,39.1,70.0,2.98,25.6,38000,849,94.5,115000,212000,200,690,76.92,26220.0,15320.39,126.98,25.6,2.98,2.4,1.79,289.86,1.711445186,0.5125446598968376,13438.920982495083
16000,1070,417,39.1,70.0,2.98,25.6,38000,849,94.5,115000,212000,200,690,76.92,26220.0,10850.97,169.31,25.6,2.98,2.4,1.79,289.86,2.416373818,0.3818830686080573,10012.974058903263
18000,1070,417,39.1,70.0,2.98,25.6,38000,849,94.5,115000,212000,200,690,76.92,26220.0,9486.13,190.48,25.6,2.98,2.4,1.79,289.86,2.764035645,0.3399206742002085,8912.720077529466
20000,1070,417,39.1,70.0,2.98,25.6,38000,849,94.5,115000,212000,200,690,76.92,26220.0,8433.55,211.64,25.6,2.98,2.4,1.79,289.86,3.109010644,0.33987067798248216,8911.409176700683
4500,1050,411,34.0,59.7,3.44,29.1,32100,703,92.7,73700,171000,200,690,76.92,22149.0,51253.58,48.54,29.1,3.44,2.41,1.76,289.86,0.4321454082,0.9680562509926671,21441.477903236584
8000,1050,411,34.0,59.7,3.44,29.1,32100,703,92.7,73700,171000,200,690,76.92,22149.0,20178.99,86.3,29.1,3.44,2.41,1.76,289.86,1.09762657,0.7176545637743694,15895.33093303851
12000,1050,411,34.0,59.7,3.44,29.1,32100,703,92.7,73700,171000,200,690,76.92,22149.0,11511.68,129.45,29.1,3.44,2.41,1.76,289.86,1.92404649,0.3899629215480621,8637.288749368028
16000,1050,411,34.0,59.7,3.44,29.1,32100,703,92.7,73700,171000,200,690,76.92,22149.0,8062.39,172.6,29.1,3.44,2.41,1.76,289.86,2.74720106,0.286343331571213,6342.218450970797
18000,1050,411,34.0,59.7,3.44,29.1,32100,703,92.7,73700,171000,200,690,76.92,22149.0,7023.23,194.17,29.1,3.44,2.41,1.76,289.86,3.153677531,0.27475259080737563,6085.495133792563
20000,1050,411,34.0,59.7,3.44,29.1,32100,703,92.7,73700,171000,200,690,76.92,22149.0,6226.99,215.75,29.1,3.44,2.41,1.76,289.86,3.556934532,0.2699560322186048,5979.256157609878
4500,1040,409,31.0,55.9,3.66,31.7,29500,641,92.5,59100,155000,200,690,76.92,20355.0,45908.48,48.65,31.7,3.66,2.41,1.8,289.86,0.4433820981,0.9587078041137037,19514.497352734437
8000,1040,409,31.0,55.9,3.66,31.7,29500,641,92.5,59100,155000,200,690,76.92,20355.0,17788.6,86.49,31.7,3.66,2.41,1.8,289.86,1.144272236,0.6930446821980175,14106.924506140647
12000,1040,409,31.0,55.9,3.66,31.7,29500,641,92.5,59100,155000,200,690,76.92,20355.0,10029.43,129.73,31.7,3.66,2.41,1.8,289.86,2.02952735,0.3795313762730438,7725.361164037807
16000,1040,409,31.0,55.9,3.66,31.7,29500,641,92.5,59100,155000,200,690,76.92,20355.0,6978.33,172.97,31.7,3.66,2.41,1.8,289.86,2.916886387,0.27053187731145467,5506.67636267466
18000,1040,409,31.0,55.9,3.66,31.7,29500,641,92.5,59100,155000,200,690,76.92,20355.0,6065.95,194.59,31.7,3.66,2.41,1.8,289.86,3.355618378,0.26241347693116823,5341.426322933929
20000,1040,409,31.0,55.9,3.66,31.7,29500,641,92.5,59100,155000,200,690,76.92,20355.0,5369.41,216.22,31.7,3.66,2.41,1.8,289.86,3.790920167,0.25870616362852167,5265.963960658559
4000,1030,409,29.5,52.0,3.93,33.2,27500,591,91.4,48300,142000,200,690,76.92,18975.0,51545.05,43.76,33.2,3.93,2.39,1.76,289.86,0.3681245662,1.0109503468941752,19182.782832316974
8000,1030,409,29.5,52.0,3.93,33.2,27500,591,91.4,48300,142000,200,690,76.92,18975.0,15912.94,87.53,33.2,3.93,2.39,1.76,289.86,1.19242561,0.6837322857979684,12973.82012301645
12000,1030,409,29.5,52.0,3.93,33.2,27500,591,91.4,48300,142000,200,690,76.92,18975.0,8872.19,131.29,33.2,3.93,2.39,1.76,289.86,2.138705805,0.3740221153282629,7097.069638353789
16000,1030,409,29.5,52.0,3.93,33.2,27500,591,91.4,48300,142000,200,690,76.92,18975.0,6133.34,175.05,33.2,3.93,2.39,1.76,289.86,3.093747106,0.26703662735761974,5067.020004110835
18000,1030,409,29.5,52.0,3.93,33.2,27500,591,91.4,48300,142000,200,690,76.92,18975.0,5320.04,196.94,33.2,3.93,2.39,1.76,289.86,3.566701978,0.2583045210843383,4901.328287575319
20000,1030,409,29.5,52.0,3.93,33.2,27500,591,91.4,48300,142000,200,690,76.92,18975.0,4701.34,218.82,33.2,3.93,2.39,1.76,289.86,4.036081645,0.2543522292763449,4826.333550518644
4000,1030,406,28.4,50.9,3.99,34.5,26900,574,91.4,45400,138000,200,690,76.92,18561.0,49933.83,43.76,34.5,3.99,2.41,1.79,289.86,0.3717119218,1.0125354553133412,18793.670586070926
8000,1030,406,28.4,50.9,3.99,34.5,26900,574,91.4,45400,138000,200,690,76.92,18561.0,15343.15,87.53,34.5,3.99,2.41,1.79,289.86,1.209725298,0.6849420704142017,12713.209768957999
12000,1030,406,28.4,50.9,3.99,34.5,26900,574,91.4,45400,138000,200,690,76.92,18561.0,8526.37,131.29,34.5,3.99,2.41,1.79,289.86,2.176894277,0.37338211769595236,6930.345486554572
16000,1030,406,28.4,50.9,3.99,34.5,26900,574,91.4,45400,138000,200,690,76.92,18561.0,5882.79,175.05,34.5,3.99,2.41,1.79,289.86,3.155137467,0.2638752954360763,4897.789358589012
18000,1030,406,28.4,50.9,3.99,34.5,26900,574,91.4,45400,138000,200,690,76.92,18561.0,5099.38,196.94,34.5,3.99,2.41,1.79,289.86,3.63985105,0.2592989116035147,4812.847098272837
20000,1030,406,28.4,50.9,3.99,34.5,26900,574,91.4,45400,138000,200,690,76.92,18561.0,4504.05,218.82,34.5,3.99,2.41,1.79,289.86,4.120953643,0.24720691264833117,4588.407505665675
4000,1020,404,25.4,45.9,4.4,38.4,23900,508,90.9,33000,120000,200,690,76.92,16491.0,43188.72,44.0,38.4,4.4,2.41,1.81,289.86,0.3818357761,1.0053306708967127,16578.908093757687
8000,1020,404,25.4,45.9,4.4,38.4,23900,508,90.9,33000,120000,200,690,76.92,16491.0,12952.59,88.01,38.4,4.4,2.41,1.81,289.86,1.273181281,0.6316355651065165,10416.302104171564
12000,1020,404,25.4,45.9,4.4,38.4,23900,508,90.9,33000,120000,200,690,76.92,16491.0,7070.54,132.01,38.4,4.4,2.41,1.81,289.86,2.332353276,0.347405522823265,5729.064476878463
16000,1020,404,25.4,45.9,4.4,38.4,23900,508,90.9,33000,120000,200,690,76.92,16491.0,4825.27,176.02,38.4,4.4,2.41,1.81,289.86,3.417631342,0.23335264330151428,3848.218440685272
18000,1020,404,25.4,45.9,4.4,38.4,23900,508,90.9,33000,120000,200,690,76.92,16491.0,4167.16,198.02,38.4,4.4,2.41,1.81,289.86,3.957370227,0.22566831970472964,3721.4962602506967
20000,1020,404,25.4,45.9,4.4,38.4,23900,508,90.9,33000,120000,200,690,76.92,16491.0,3669.91,220.02,38.4,4.4,2.41,1.81,289.86,4.493568276,0.2183209646063846,3600.331027323888
4000,1010,401,23.6,41.8,4.8,41.0,21800,454,89.9,25500,107000,200,690,76.92,15042.0,38175.63,44.49,41.0,4.8,2.41,1.77,289.86,0.3940210401,0.9969615249981054,14996.2952590215
8000,1010,401,23.6,41.8,4.8,41.0,21800,454,89.9,25500,107000,200,690,76.92,15042.0,11244.45,88.99,41.0,4.8,2.41,1.77,289.86,1.337726417,0.6203009550813362,9330.56696633346
12000,1010,401,23.6,41.8,4.8,41.0,21800,454,89.9,25500,107000,200,690,76.92,15042.0,6050.93,133.48,41.0,4.8,2.41,1.77,289.86,2.485900226,0.32272446462507637,4854.421396890399
16000,1010,401,23.6,41.8,4.8,41.0,21800,454,89.9,25500,107000,200,690,76.92,15042.0,4091.48,177.98,41.0,4.8,2.41,1.77,289.86,3.676416741,0.21879901312146596,3291.174755373091
18000,1010,401,23.6,41.8,4.8,41.0,21800,454,89.9,25500,107000,200,690,76.92,15042.0,3522.07,200.22,41.0,4.8,2.41,1.77,289.86,4.270789284,0.20365266090904885,3063.343325393913
20000,1010,401,23.6,41.8,4.8,41.0,21800,454,89.9,25500,107000,200,690,76.92,15042.0,3093.83,222.47,41.0,4.8,2.41,1.77,289.86,4.861930622,0.20356030738784628,3061.9541437279836
4000,1010,401,21.1,39.9,5.03,46.0,20500,433,90.9,21400,102000,200,690,76.92,14145.0,36117.94,44.0,46.0,5.03,2.42,1.89,289.86,0.3916336492,1.0068658262034547,14242.117111647865
8000,1010,401,21.1,39.9,5.03,46.0,20500,433,90.9,21400,102000,200,690,76.92,14145.0,10479.83,88.01,46.0,5.03,2.42,1.89,289.86,1.349735429,0.6235819951628413,8820.56732157839
12000,1010,401,21.1,39.9,5.03,46.0,20500,433,90.9,21400,102000,200,690,76.92,14145.0,5568.62,132.01,46.0,5.03,2.42,1.89,289.86,2.540127217,0.3281845272953371,4642.1701385925435
16000,1010,401,21.1,39.9,5.03,46.0,20500,433,90.9,21400,102000,200,690,76.92,14145.0,3733.36,176.02,46.0,5.03,2.42,1.89,289.86,3.788809221,0.21456900206613397,3035.078534225465
18000,1010,401,21.1,39.9,5.03,46.0,20500,433,90.9,21400,102000,200,690,76.92,14145.0,3203.98,198.02,46.0,5.03,2.42,1.89,289.86,4.414823783,0.20154249605810426,2850.8186067418847
20000,1010,401,21.1,39.9,5.03,46.0,20500,433,90.9,21400,102000,200,690,76.92,14145.0,2807.5,220.02,46.0,5.03,2.42,1.89,289.86,5.038282142,0.20145736034232886,2849.6143620422417
4000,1000,401,19.1,36.1,5.55,50.5,18400,385,90.2,15900,89700,200,690,76.92,12696.0,31649.97,44.35,50.5,5.55,2.4,1.89,289.86,0.4011378283,1.0320274592106156,13102.620622137974
8000,1000,401,19.1,36.1,5.55,50.5,18400,385,90.2,15900,89700,200,690,76.92,12696.0,9016.66,88.69,50.5,5.55,2.4,1.89,289.86,1.408060219,0.6180283110289094,7846.487436823034
12000,1000,401,19.1,36.1,5.55,50.5,18400,385,90.2,15900,89700,200,690,76.92,12696.0,4713.09,133.04,50.5,5.55,2.4,1.89,289.86,2.693772873,0.3142394589613025,3989.5841709726965
16000,1000,401,19.1,36.1,5.55,50.5,18400,385,90.2,15900,89700,200,690,76.92,12696.0,3123.21,177.38,50.5,5.55,2.4,1.89,289.86,4.065053941,0.20391506030284856,2588.9056056049653
18000,1000,401,19.1,36.1,5.55,50.5,18400,385,90.2,15900,89700,200,690,76.92,12696.0,2668.87,199.56,50.5,5.55,2.4,1.89,289.86,4.75706233,0.20098436510962162,2551.697499431756
20000,1000,401,19.1,36.1,5.55,50.5,18400,385,90.2,15900,89700,200,690,76.92,12696.0,2330.45,221.73,50.5,5.55,2.4,1.89,289.86,5.44787283,0.20164958434538843,2560.1431228490515
4000,991,401,16.5,31.1,6.45,58.2,15800,334,89.9,10300,76300,200,690,76.92,10902.0,26863.79,44.49,58.2,6.45,2.39,1.88,289.86,0.4058250855,1.0163558030451114,11080.310964797805
8000,991,401,16.5,31.1,6.45,58.2,15800,334,89.9,10300,76300,200,690,76.92,10902.0,7457.14,88.99,58.2,6.45,2.39,1.88,289.86,1.461954408,0.611044905098741,6661.611555386474
12000,991,401,16.5,31.1,6.45,58.2,15800,334,89.9,10300,76300,200,690,76.92,10902.0,3800.38,133.48,58.2,6.45,2.39,1.88,289.86,2.868657367,0.31517084495329534,3435.9925516808257
16000,991,401,16.5,31.1,6.45,58.2,15800,334,89.9,10300,76300,200,690,76.92,10902.0,2470.18,177.98,58.2,6.45,2.39,1.88,289.86,4.413436404,0.20570375392502924,2242.582325290669
18000,991,401,16.5,31.1,6.45,58.2,15800,334,89.9,10300,76300,200,690,76.92,10902.0,2095.23,200.22,58.2,6.45,2.39,1.88,289.86,5.20323778,0.2029266711991071,2212.3065694126653
20000,991,401,16.5,31.1,6.45,58.2,15800,334,89.9,10300,76300,200,690,76.92,10902.0,1818.26,222.47,58.2,6.45,2.39,1.88,289.86,5.995828196,0.20452567016640802,2229.73885615418
4000,983,401,16.5,27.1,7.39,57.9,14200,289,87.6,7620,66100,200,690,76.92,9798.0,23126.26,45.66,57.9,7.39,2.38,1.64,289.86,0.423674124,0.9874864928720888,9675.392657160726
8000,983,401,16.5,27.1,7.39,57.9,14200,289,87.6,7620,66100,200,690,76.92,9798.0,6336.49,91.32,57.9,7.39,2.38,1.64,289.86,1.546282287,0.5572991293093259,5460.416868972775
12000,983,401,16.5,27.1,7.39,57.9,14200,289,87.6,7620,66100,200,690,76.92,9798.0,3185.11,136.99,57.9,7.39,2.38,1.64,289.86,3.076187912,0.3140439507887959,3077.002629828622
16000,983,401,16.5,27.1,7.39,57.9,14200,289,87.6,7620,66100,200,690,76.92,9798.0,2047.09,182.65,57.9,7.39,2.38,1.64,289.86,4.786300544,0.2000097526790693,1959.695556749521
18000,983,401,16.5,27.1,7.39,57.9,14200,289,87.6,7620,66100,200,690,76.92,9798.0,1728.55,205.48,57.9,7.39,2.38,1.64,289.86,5.668347165,0.20409370876765434,1999.7101585054772
20000,983,401,16.5,27.1,7.39,57.9,14200,289,87.6,7620,66100,200,690,76.92,9798.0,1494.29,228.31,57.9,7.39,2.38,1.64,289.86,6.55694574,0.20434900751484847,2002.2115756304852
3500,1060,315,36.1,64.3,2.45,27.6,28000,334,67.1,71600,82200,200,690,76.92,19320.0,41617.85,52.16,27.6,2.45,3.16,1.78,289.86,0.464223851,0.940269630889552,18166.009268786143
8000,1060,315,36.1,45.7,3.45,28.1,28000,334,67.1,71600,82200,200,690,76.92,19320.0,11924.18,119.23,28.1,3.45,3.22,1.26,289.86,1.620237845,0.45274192216618664,8746.973936250726
12000,1060,315,36.1,35.4,4.45,28.4,28000,334,67.1,71600,82200,200,690,76.92,19320.0,7219.92,178.84,28.4,4.45,3.25,0.98,289.86,2.675929042,0.24207314489966145,4676.853159461459
16000,1060,315,36.1,28.9,5.45,28.6,28000,334,67.1,71600,82200,200,690,76.92,19320.0,5209.88,238.45,28.6,5.45,3.27,0.8,289.86,3.708336585,0.23108655677682682,4464.592276928294
18000,1060,315,36.1,24.4,6.45,28.7,28000,334,67.1,71600,82200,200,690,76.92,19320.0,4580.58,268.26,28.7,6.45,3.29,0.68,289.86,4.217806935,0.21215718581000664,4098.876829849329
20000,1060,315,36.1,21.1,7.45,28.8,28000,334,67.1,71600,82200,200,690,76.92,19320.0,4089.75,298.06,28.8,7.45,3.3,0.59,289.86,4.724006244,0.21284653591057864,4112.19507379238
3200,1040,310,31.0,54.2,2.86,28.0,23400,268,65.3,43700,64700,200,690,76.92,16146.0,37466.54,49.0,28.0,2.86,3.18,1.75,289.86,0.4309445169,0.9600557436552731,15501.06003705804
8000,1040,310,31.0,54.2,2.86,28.0,23400,268,65.3,43700,64700,200,690,76.92,16146.0,8717.22,122.51,28.0,2.86,3.18,1.75,289.86,1.852196949,0.45669813102516893,7373.848023532378
12000,1040,310,31.0,54.2,2.86,28.0,23400,268,65.3,43700,64700,200,690,76.92,16146.0,5175.33,183.77,28.0,2.86,3.18,1.75,289.86,3.119802227,0.2935595676207673,4739.812778804909
16000,1040,310,31.0,54.2,2.86,28.0,23400,268,65.3,43700,64700,200,690,76.92,16146.0,3700.0,245.02,28.0,2.86,3.18,1.75,289.86,4.363783145,0.2501757825759012,4039.3381854705003
18000,1040,310,31.0,54.2,2.86,28.0,23400,268,65.3,43700,64700,200,690,76.92,16146.0,3243.98,275.65,28.0,2.86,3.18,1.75,289.86,4.977216657,0.24755065035586366,3996.9528006457745
20000,1040,310,31.0,54.2,2.86,28.0,23400,268,65.3,43700,64700,200,690,76.92,16146.0,2890.33,306.28,28.0,2.86,3.18,1.75,289.86,5.586219253,0.24755065035586366,3996.9528006457745
3000,1040,307,30.0,53.9,2.85,29.0,23100,266,65.5,42900,64200,200,690,76.92,15939.0,41714.82,45.8,29.0,2.85,3.21,1.8,289.86,0.3820944022,0.9952757720345691,15863.700530458997
5000,1040,307,30.0,53.9,2.85,29.0,23100,266,65.5,42900,64200,200,690,76.92,15939.0,17367.85,76.34,29.0,2.85,3.21,1.8,289.86,0.9177299986,0.7729135605181009,12319.46924109801
8000,1040,307,30.0,53.9,2.85,29.0,23100,266,65.5,42900,64200,200,690,76.92,15939.0,8622.02,122.14,29.0,2.85,3.21,1.8,289.86,1.848638696,0.4560183382367974,7268.476293156314
10000,1040,307,30.0,53.9,2.85,29.0,23100,266,65.5,42900,64200,200,690,76.92,15939.0,6415.14,152.67,29.0,2.85,3.21,1.8,289.86,2.484591837,0.34580060407099183,5511.715828287539
12000,1040,307,30.0,53.9,2.85,29.0,23100,266,65.5,42900,64200,200,690,76.92,15939.0,5114.31,183.21,29.0,2.85,3.21,1.8,289.86,3.11654856,0.29375116591908584,4682.09983358431
15000,1040,307,30.0,53.9,2.85,29.0,23100,266,65.5,42900,64200,200,690,76.92,15939.0,3933.34,229.01,29.0,2.85,3.21,1.8,289.86,4.052277295,0.27411039522745767,4369.045589530448
3000,1030,305,26.9,49.0,3.11,32.2,20800,234,64.8,31900,55900,200,690,76.92,14352.0,35999.08,46.3,32.2,3.11,3.22,1.82,289.86,0.3986768776,0.9976299518191224,14317.985068508046
5000,1030,305,26.9,49.0,3.11,32.2,20800,234,64.8,31900,55900,200,690,76.92,14352.0,14756.25,77.16,32.2,3.11,3.22,1.82,289.86,0.972604516,0.765677202594485,10988.999211636048
8000,1030,305,26.9,49.0,3.11,32.2,20800,234,64.8,31900,55900,200,690,76.92,14352.0,7193.44,123.46,32.2,3.11,3.22,1.82,289.86,1.995150424,0.4225658214165432,6064.664668970228
10000,1030,305,26.9,49.0,3.11,32.2,20800,234,64.8,31900,55900,200,690,76.92,14352.0,5310.11,154.32,32.2,3.11,3.22,1.82,289.86,2.702767649,0.3264127267145637,4684.675453807417
12000,1030,305,26.9,49.0,3.11,32.2,20800,234,64.8,31900,55900,200,690,76.92,14352.0,4210.17,185.19,32.2,3.11,3.22,1.82,289.86,3.408889157,0.2885939905330812,4141.900952130782
15000,1030,305,26.9,49.0,3.11,32.2,20800,234,64.8,31900,55900,200,690,76.92,14352.0,3220.64,231.48,32.2,3.11,3.22,1.82,289.86,4.456261144,0.26731938740675587,3836.5678480617603
3000,1020,305,26.2,46.1,3.31,33.3,19500,217,64.0,27100,51600,200,690,76.92,13455.0,33084.73,46.88,33.3,3.31,3.19,1.76,289.86,0.4066830798,0.9788296294967339,13170.152664878555
5000,1020,305,26.2,46.1,3.31,33.3,19500,217,64.0,27100,51600,200,690,76.92,13455.0,13456.91,78.13,33.3,3.31,3.19,1.76,289.86,0.9998580686,0.7632197472156782,10269.12169878695
8000,1020,305,26.2,46.1,3.31,33.3,19500,217,64.0,27100,51600,200,690,76.92,13455.0,6497.86,125.0,33.3,3.31,3.19,1.76,289.86,2.070680943,0.421921151688646,5676.949095970732
10000,1020,305,26.2,46.1,3.31,33.3,19500,217,64.0,27100,51600,200,690,76.92,13455.0,4776.06,156.25,33.3,3.31,3.19,1.76,289.86,2.817178314,0.31957585401040894,4299.893115710052
12000,1020,305,26.2,46.1,3.31,33.3,19500,217,64.0,27100,51600,200,690,76.92,13455.0,3775.19,187.5,33.3,3.31,3.19,1.76,289.86,3.564058571,0.2862849640316724,3851.9641910461523
15000,1020,305,26.2,46.1,3.31,33.3,19500,217,64.0,27100,51600,200,690,76.92,13455.0,2879.13,234.38,33.3,3.31,3.19,1.76,289.86,4.673279062,0.2603886566431534,3503.5293751336294
3000,1020,302,24.4,43.8,3.45,35.6,18500,205,64.0,23400,48600,200,690,76.92,12765.0,31005.47,46.88,35.6,3.45,3.23,1.79,289.86,0.4117015376,0.9735454903128027,12427.308183842926
5000,1020,302,24.4,43.8,3.45,35.6,18500,205,64.0,23400,48600,200,690,76.92,12765.0,12513.55,78.13,35.6,3.45,3.23,1.79,289.86,1.020094396,0.7252158420417935,9257.380223663493
8000,1020,302,24.4,43.8,3.45,35.6,18500,205,64.0,23400,48600,200,690,76.92,12765.0,5982.91,125.0,35.6,3.45,3.23,1.79,289.86,2.133578459,0.39367666032671,5025.282569070453
10000,1020,302,24.4,43.8,3.45,35.6,18500,205,64.0,23400,48600,200,690,76.92,12765.0,4377.4,156.25,35.6,3.45,3.23,1.79,289.86,2.916116584,0.2921150282895501,3728.848336116107
12000,1020,302,24.4,43.8,3.45,35.6,18500,205,64.0,23400,48600,200,690,76.92,12765.0,3448.63,187.5,35.6,3.45,3.23,1.79,289.86,3.701465295,0.2539897001982325,3242.178523030438
15000,1020,302,24.4,43.8,3.45,35.6,18500,205,64.0,23400,48600,200,690,76.92,12765.0,2621.33,234.38,35.6,3.45,3.23,1.79,289.86,4.869668548,0.2347761396519642,2996.917422657323
3000,1010,302,21.1,40.1,3.77,41.2,16600,185,64.5,17200,43200,200,690,76.92,11454.0,27420.3,46.51,41.2,3.77,3.21,1.9,289.86,0.4177196478,0.9701921497657497,11112.580883416898
5000,1010,302,21.1,40.1,3.77,41.2,16600,185,64.5,17200,43200,200,690,76.92,11454.0,10893.53,77.52,41.2,3.77,3.21,1.9,289.86,1.051450226,0.7002992587394059,8021.227709601155
8000,1010,302,21.1,40.1,3.77,41.2,16600,185,64.5,17200,43200,200,690,76.92,11454.0,5099.23,124.03,41.2,3.77,3.21,1.9,289.86,2.246221723,0.36512855631831886,4182.182484070025
10000,1010,302,21.1,40.1,3.77,41.2,16600,185,64.5,17200,43200,200,690,76.92,11454.0,3692.61,155.04,41.2,3.77,3.21,1.9,289.86,3.101867028,0.277356068196463,3176.8364051222875
12000,1010,302,21.1,40.1,3.77,41.2,16600,185,64.5,17200,43200,200,690,76.92,11454.0,2887.06,186.05,41.2,3.77,3.21,1.9,289.86,3.967363267,0.22229701413156647,2546.1899998629624
15000,1010,302,21.1,40.1,3.77,41.2,16600,185,64.5,17200,43200,200,690,76.92,11454.0,2177.31,232.56,41.2,3.77,3.21,1.9,289.86,5.260614666,0.21184636049175615,2426.488213072575
3000,1000,300,19.1,36.0,4.17,45.6,14800,162,63.8,12700,37900,200,690,76.92,10212.0,23799.42,47.02,45.6,4.17,3.21,1.88,289.86,0.4290860799,0.965132717636721,9855.935312506195
5000,1000,300,19.1,36.0,4.17,45.6,14800,162,63.8,12700,37900,200,690,76.92,10212.0,9334.42,78.37,45.6,4.17,3.21,1.88,289.86,1.094015883,0.7029982175343974,7179.017797461266
8000,1000,300,19.1,36.0,4.17,45.6,14800,162,63.8,12700,37900,200,690,76.92,10212.0,4289.49,125.39,45.6,4.17,3.21,1.88,289.86,2.380704159,0.36850354928881146,3763.1582453373426
10000,1000,300,19.1,36.0,4.17,45.6,14800,162,63.8,12700,37900,200,690,76.92,10212.0,3076.77,156.74,45.6,4.17,3.21,1.88,289.86,3.319068428,0.26753517590824194,2732.069216374967
12000,1000,300,19.1,36.0,4.17,45.6,14800,162,63.8,12700,37900,200,690,76.92,10212.0,2388.06,188.09,45.6,4.17,3.21,1.88,289.86,4.276280482,0.20945666961845197,2138.9715101436313
15000,1000,300,19.1,36.0,4.17,45.6,14800,162,63.8,12700,37900,200,690,76.92,10212.0,1787.08,235.11,45.6,4.17,3.21,1.88,289.86,5.714362477,0.20572279332247334,2100.841165409098
3000,991,300,16.5,30.5,4.92,52.6,12700,138,63.2,8030,31700,200,690,76.92,8763.0,19829.53,47.47,52.6,4.92,3.2,1.85,289.86,0.4419167152,0.9774152774330679,8565.090076145974
5000,991,300,16.5,30.5,4.92,52.6,12700,138,63.2,8030,31700,200,690,76.92,8763.0,7638.85,79.11,52.6,4.92,3.2,1.85,289.86,1.14716148,0.697874885653932,6115.477622985406
7000,991,300,16.5,30.5,4.92,52.6,12700,138,63.2,8030,31700,200,690,76.92,8763.0,4251.57,110.76,52.6,4.92,3.2,1.85,289.86,2.061120646,0.44675367888782586,3914.902488094018
8000,991,300,16.5,30.5,4.92,52.6,12700,138,63.2,8030,31700,200,690,76.92,8763.0,3413.67,126.58,52.6,4.92,3.2,1.85,289.86,2.567028311,0.3505880766343267,3072.2033155466047
10000,991,300,16.5,30.5,4.92,52.6,12700,138,63.2,8030,31700,200,690,76.92,8763.0,2410.94,158.23,52.6,4.92,3.2,1.85,289.86,3.634676295,0.24580192334293505,2153.9622542541397
12000,991,300,16.5,30.5,4.92,52.6,12700,138,63.2,8030,31700,200,690,76.92,8763.0,1848.21,189.87,52.6,4.92,3.2,1.85,289.86,4.741347299,0.20064311979096425,1758.2356587282197
3000,980,300,16.5,26.0,5.76,52.6,11400,118,61.0,5830,26800,200,690,76.92,7866.0,16762.35,49.18,52.6,5.76,3.18,1.58,289.86,0.4692660571,0.9392416025034988,7388.074445292521
5000,980,300,16.5,26.0,5.76,52.6,11400,118,61.0,5830,26800,200,690,76.92,7866.0,6403.4,81.97,52.6,5.76,3.18,1.58,289.86,1.228409514,0.7083470936775794,5571.85823886784
7000,980,300,16.5,26.0,5.76,52.6,11400,118,61.0,5830,26800,200,690,76.92,7866.0,3530.64,114.75,52.6,5.76,3.18,1.58,289.86,2.227925611,0.4166299639879888,3277.2112967295197
8000,980,300,16.5,26.0,5.76,52.6,11400,118,61.0,5830,26800,200,690,76.92,7866.0,2821.96,131.15,52.6,5.76,3.18,1.58,289.86,2.787423942,0.30807188718516637,2423.2934645985188
10000,980,300,16.5,26.0,5.76,52.6,11400,118,61.0,5830,26800,200,690,76.92,7866.0,1976.66,163.93,52.6,5.76,3.18,1.58,289.86,3.979449244,0.22181051945727187,1744.7615460509005
12000,980,300,16.5,26.0,5.76,52.6,11400,118,61.0,5830,26800,200,690,76.92,7866.0,1504.86,196.72,52.6,5.76,3.18,1.58,289.86,5.227050196,0.18431116298649677,1449.7916080517837
3000,970,300,16.0,21.1,7.11,54.3,9800,95,58.2,3900,21500,200,690,76.92,6762.0,13412.8,51.55,54.3,7.11,3.16,1.32,289.86,0.5041452552,0.9210660920825666,6228.248914662316
5000,970,300,16.0,21.1,7.11,54.3,9800,95,58.2,3900,21500,200,690,76.92,6762.0,5078.85,85.91,54.3,7.11,3.16,1.32,289.86,1.33140278,0.6539750594489457,4422.179351993771
7000,970,300,16.0,21.1,7.11,54.3,9800,95,58.2,3900,21500,200,690,76.92,6762.0,2771.76,120.27,54.3,7.11,3.16,1.32,289.86,2.439604391,0.3543406972213045,2396.051794610461
8000,970,300,16.0,21.1,7.11,54.3,9800,95,58.2,3900,21500,200,690,76.92,6762.0,2204.11,137.46,54.3,7.11,3.16,1.32,289.86,3.0679054,0.296968712687811,2008.102435194978
10000,970,300,16.0,21.1,7.11,54.3,9800,95,58.2,3900,21500,200,690,76.92,6762.0,1529.22,171.82,54.3,7.11,3.16,1.32,289.86,4.421848106,0.19615427186825787,1326.3951863731597
11000,970,300,16.0,21.1,7.11,54.3,9800,95,58.2,3900,21500,200,690,76.92,6762.0,1317.63,189.0,54.3,7.11,3.16,1.32,289.86,5.131928364,0.18348576839129283,1240.730765861922
6000,1090,472,76.7,115.1,2.05,10.8,67700,2060,108.0,595000,494000,200,690,76.92,46713.0,118837.09,55.56,10.8,2.05,2.07,1.5,289.86,0.3930843375,0.9306517910692718,43473.53711621889
8000,1090,472,76.7,115.1,2.05,10.8,67700,2060,108.0,595000,494000,200,690,76.92,46713.0,81557.76,74.07,10.8,2.05,2.07,1.5,289.86,0.5727596901,0.8721104895598145,40738.89729880761
10000,1090,472,76.7,115.1,2.05,10.8,67700,2060,108.0,595000,494000,200,690,76.92,46713.0,62243.97,92.59,10.8,2.05,2.07,1.5,289.86,0.7504823731,0.7841018619757532,36627.75027847336
12000,1090,472,76.7,115.1,2.05,10.8,67700,2060,108.0,595000,494000,200,690,76.92,46713.0,50458.96,111.11,10.8,2.05,2.07,1.5,289.86,0.9257621656,0.7474454357170857,34915.41863865222
15000,1090,472,76.7,115.1,2.05,10.8,67700,2060,108.0,595000,494000,200,690,76.92,46713.0,39419.57,138.89,10.8,2.05,2.07,1.5,289.86,1.185020628,0.653427257991583,30523.547502560814
20000,1090,472,76.7,115.1,2.05,10.8,67700,2060,108.0,595000,494000,200,690,76.92,46713.0,28999.87,185.19,10.8,2.05,2.07,1.5,289.86,1.610800498,0.5016967202988468,23435.758895320032
6000,1090,462,64.0,114.9,2.01,12.9,64200,1910,109.0,516000,459000,200,690,76.92,44298.0,107966.94,55.05,12.9,2.01,2.11,1.8,289.86,0.4102922473,0.9304963062558437,41219.12537452136
8000,1090,462,64.0,114.9,2.01,12.9,64200,1910,109.0,516000,459000,200,690,76.92,44298.0,73782.45,73.39,12.9,2.01,2.11,1.8,289.86,0.6003867033,0.8722510853701063,38638.97857972497
10000,1090,462,64.0,114.9,2.01,12.9,64200,1910,109.0,516000,459000,200,690,76.92,44298.0,56163.34,91.74,12.9,2.01,2.11,1.8,289.86,0.7887350737,0.7623959738842924,33772.61685112638
12000,1090,462,64.0,114.9,2.01,12.9,64200,1910,109.0,516000,459000,200,690,76.92,44298.0,45454.51,110.09,12.9,2.01,2.11,1.8,289.86,0.9745567524,0.7347647533986265,32548.609046052356
15000,1090,462,64.0,114.9,2.01,12.9,64200,1910,109.0,516000,459000,200,690,76.92,44298.0,35456.7,137.61,12.9,2.01,2.11,1.8,289.86,1.249354776,0.6264072365670169,27748.587765445714
20000,1090,462,64.0,114.9,2.01,12.9,64200,1910,109.0,516000,459000,200,690,76.92,44298.0,26051.22,183.49,12.9,2.01,2.11,1.8,289.86,1.700419215,0.4926272126346712,21822.400265290664
6000,1080,457,60.5,108.8,2.1,13.7,60000,1750,107.0,437000,414000,200,690,76.92,41400.0,96298.44,56.07,13.7,2.1,2.13,1.8,289.86,0.4299135182,0.9284503556751521,38437.8447249513
8000,1080,457,60.5,108.8,2.1,13.7,60000,1750,107.0,437000,414000,200,690,76.92,41400.0,65546.8,74.77,13.7,2.1,2.13,1.8,289.86,0.6316098234,0.8408909513761899,34812.88538697426
10000,1080,457,60.5,108.8,2.1,13.7,60000,1750,107.0,437000,414000,200,690,76.92,41400.0,49771.32,93.46,13.7,2.1,2.13,1.8,289.86,0.831804322,0.7634019033815522,31604.83879999626
12000,1080,457,60.5,108.8,2.1,13.7,60000,1750,107.0,437000,414000,200,690,76.92,41400.0,40217.81,112.15,13.7,2.1,2.13,1.8,289.86,1.029394799,0.7398249967352419,30628.754864839015
15000,1080,457,60.5,108.8,2.1,13.7,60000,1750,107.0,437000,414000,200,690,76.92,41400.0,31326.58,140.19,13.7,2.1,2.13,1.8,289.86,1.321561321,0.6317286572407315,26153.56640976628
20000,1080,457,60.5,108.8,2.1,13.7,60000,1750,107.0,437000,414000,200,690,76.92,41400.0,22988.32,186.92,13.7,2.1,2.13,1.8,289.86,1.800914897,0.49118074908350096,20334.88301205694
6000,1060,452,55.1,99.1,2.28,15.0,53600,1540,106.0,327000,357000,200,690,76.92,36984.0,80508.03,56.6,15.0,2.28,2.13,1.8,289.86,0.4593827448,0.9255928457307993,34232.12580650788
8000,1060,452,55.1,99.1,2.28,15.0,53600,1540,106.0,327000,357000,200,690,76.92,36984.0,54293.75,75.47,15.0,2.28,2.13,1.8,289.86,0.6811833775,0.8235109277939737,30456.728153532324
10000,1060,452,55.1,99.1,2.28,15.0,53600,1540,106.0,327000,357000,200,690,76.92,36984.0,40985.55,94.34,15.0,2.28,2.13,1.8,289.86,0.9023669177,0.7364542462840933,27237.023844570907
12000,1060,452,55.1,99.1,2.28,15.0,53600,1540,106.0,327000,357000,200,690,76.92,36984.0,32992.92,113.21,15.0,2.28,2.13,1.8,289.86,1.120967616,0.681013515638412,25186.603862371026
15000,1060,452,55.1,99.1,2.28,15.0,53600,1540,106.0,327000,357000,200,690,76.92,36984.0,25608.88,141.51,15.0,2.28,2.13,1.8,289.86,1.444186387,0.5580674378102851,20639.566119975585
20000,1060,452,55.1,99.1,2.28,15.0,53600,1540,106.0,327000,357000,200,690,76.92,36984.0,18735.68,188.68,15.0,2.28,2.13,1.8,289.86,1.973987837,0.40010654161642367,14797.540335141814
6000,1040,447,50.0,90.1,2.48,16.3,47700,1340,104.0,247000,303000,200,690,76.92,32913.0,67011.32,57.69,16.3,2.48,2.13,1.8,289.86,0.491155826,0.9318146034069316,30668.81404193234
8000,1040,447,50.0,90.1,2.48,16.3,47700,1340,104.0,247000,303000,200,690,76.92,32913.0,44837.39,76.92,16.3,2.48,2.13,1.8,289.86,0.7340525514,0.8103463045189938,26670.927920633643
10000,1040,447,50.0,90.1,2.48,16.3,47700,1340,104.0,247000,303000,200,690,76.92,32913.0,33673.99,96.15,16.3,2.48,2.13,1.8,289.86,0.9774012892,0.7450563839495695,24522.040764932182
12000,1040,447,50.0,90.1,2.48,16.3,47700,1340,104.0,247000,303000,200,690,76.92,32913.0,27015.71,115.38,16.3,2.48,2.13,1.8,289.86,1.218290946,0.6518035618614527,21452.81063154599
15000,1040,447,50.0,90.1,2.48,16.3,47700,1340,104.0,247000,303000,200,690,76.92,32913.0,20903.05,144.23,16.3,2.48,2.13,1.8,289.86,1.57455454,0.5538342805505497,18228.347675760244
20000,1040,447,50.0,90.1,2.48,16.3,47700,1340,104.0,247000,303000,200,690,76.92,32913.0,15250.57,192.31,16.3,2.48,2.13,1.8,289.86,2.158148141,0.3882557449813722,12778.661334571903
5500,1010,437,40.9,73.8,2.96,19.9,38200,1040,102.0,136000,227000,200,690,76.92,26358.0,54253.73,53.92,19.9,2.96,2.14,1.8,289.86,0.485828325,0.9353842009118807,24654.856767635352
8000,1010,437,40.9,73.8,2.96,19.9,38200,1040,102.0,136000,227000,200,690,76.92,26358.0,31004.24,78.43,19.9,2.96,2.14,1.8,289.86,0.8501418148,0.7856937382521859,20709.315552851116
10000,1010,437,40.9,73.8,2.96,19.9,38200,1040,102.0,136000,227000,200,690,76.92,26358.0,22943.7,98.04,19.9,2.96,2.14,1.8,289.86,1.148812116,0.6478525353335433,17076.097126321532
12000,1010,437,40.9,73.8,2.96,19.9,38200,1040,102.0,136000,227000,200,690,76.92,26358.0,18222.76,117.65,19.9,2.96,2.14,1.8,289.86,1.446433277,0.57740386118411,15219.210973090772
15000,1010,437,40.9,73.8,2.96,19.9,38200,1040,102.0,136000,227000,200,690,76.92,26358.0,13963.68,147.06,19.9,2.96,2.14,1.8,289.86,1.88761149,0.4333868794845743,11423.21136945441
20000,1010,437,40.9,73.8,2.96,19.9,38200,1040,102.0,136000,227000,200,690,76.92,26358.0,10099.75,196.08,19.9,2.96,2.14,1.8,289.86,2.609766314,0.34170406145424376,9006.635651810957
5000,998,434,38.1,68.0,3.19,21.4,34900,937,101.0,107000,202000,200,690,76.92,24081.0,55407.2,49.5,21.4,3.19,2.14,1.79,289.86,0.4346185697,0.9530791411546334,22951.09879814473
8000,998,434,38.1,68.0,3.19,21.4,34900,937,101.0,107000,202000,200,690,76.92,24081.0,26780.33,79.21,21.4,3.19,2.14,1.79,289.86,0.8992047088,0.7876698606793388,18967.877915019155
10000,998,434,38.1,68.0,3.19,21.4,34900,937,101.0,107000,202000,200,690,76.92,24081.0,19692.87,99.01,21.4,3.19,2.14,1.79,289.86,1.222828521,0.6468851887764354,15577.642230925341
12000,998,434,38.1,68.0,3.19,21.4,34900,937,101.0,107000,202000,200,690,76.92,24081.0,15571.03,118.81,21.4,3.19,2.14,1.79,289.86,1.546526228,0.5583390666266358,13445.363063436016
15000,998,434,38.1,68.0,3.19,21.4,34900,937,101.0,107000,202000,200,690,76.92,24081.0,11878.98,148.51,21.4,3.19,2.14,1.79,289.86,2.027194437,0.40519425288128363,9757.482803634191
20000,998,434,38.1,68.0,3.19,21.4,34900,937,101.0,107000,202000,200,690,76.92,24081.0,8557.0,198.02,21.4,3.19,2.14,1.79,289.86,2.814187718,0.3383291902233141,8147.305229767627
5000,988,432,34.5,62.1,3.48,23.6,31300,828,99.6,80700,178000,200,690,76.92,21597.0,47678.69,50.2,23.6,3.48,2.14,1.8,289.86,0.452969673,0.9543926273973298,20612.01757390013
8000,988,432,34.5,62.1,3.48,23.6,31300,828,99.6,80700,178000,200,690,76.92,21597.0,22641.87,80.32,23.6,3.48,2.14,1.8,289.86,0.9538522225,0.7846900074522627,16946.950090946517
10000,988,432,34.5,62.1,3.48,23.6,31300,828,99.6,80700,178000,200,690,76.92,21597.0,16512.55,100.4,23.6,3.48,2.14,1.8,289.86,1.307913961,0.6536063601818118,14115.93656084659
12000,988,432,34.5,62.1,3.48,23.6,31300,828,99.6,80700,178000,200,690,76.92,21597.0,12978.4,120.48,23.6,3.48,2.14,1.8,289.86,1.664072665,0.5090260862745476,10993.436385271405
15000,988,432,34.5,62.1,3.48,23.6,31300,828,99.6,80700,178000,200,690,76.92,21597.0,9841.28,150.6,23.6,3.48,2.14,1.8,289.86,2.194530702,0.36982221622959593,7987.050403910584
20000,988,432,34.5,62.1,3.48,23.6,31300,828,99.6,80700,178000,200,690,76.92,21597.0,7048.97,200.8,23.6,3.48,2.14,1.8,289.86,3.06385145,0.32070999814636125,6926.373829966964
4500,975,427,31.0,55.7,3.83,26.3,28000,728,98.6,59100,154000,200,690,76.92,19320.0,48803.39,45.64,26.3,3.83,2.15,1.8,289.86,0.3958741024,1.00692955487009,19453.87900009014
8000,975,427,31.0,55.7,3.83,26.3,28000,728,98.6,59100,154000,200,690,76.92,19320.0,18926.01,81.14,26.3,3.83,2.15,1.8,289.86,1.02081719,0.7702421256470542,14881.077867501086
10000,975,427,31.0,55.7,3.83,26.3,28000,728,98.6,59100,154000,200,690,76.92,19320.0,13677.59,101.42,26.3,3.83,2.15,1.8,289.86,1.412529913,0.6149951134389048,11881.70559163964
12000,975,427,31.0,55.7,3.83,26.3,28000,728,98.6,59100,154000,200,690,76.92,19320.0,10677.42,121.7,26.3,3.83,2.15,1.8,289.86,1.809426388,0.48333492092027075,9338.030672179631
15000,975,427,31.0,55.7,3.83,26.3,28000,728,98.6,59100,154000,200,690,76.92,19320.0,8039.6,152.13,26.3,3.83,2.15,1.8,289.86,2.403104216,0.34690855066456683,6702.273198839431
20000,975,427,31.0,55.7,3.83,26.3,28000,728,98.6,59100,154000,200,690,76.92,19320.0,5719.54,202.84,26.3,3.83,2.15,1.8,289.86,3.377892606,0.30840455640298564,5958.376029705682
4500,965,424,28.4,51.0,4.16,28.6,25400,653,97.8,45400,137000,200,690,76.92,17526.0,42898.29,46.01,28.6,4.16,2.16,1.79,289.86,0.408547791,0.9954481636149585,17446.22451551576
8000,965,424,28.4,51.0,4.16,28.6,25400,653,97.8,45400,137000,200,690,76.92,17526.0,16332.37,81.8,28.6,4.16,2.16,1.79,289.86,1.073083747,0.7467818841006545,13088.09930074807
10000,965,424,28.4,51.0,4.16,28.6,25400,653,97.8,45400,137000,200,690,76.92,17526.0,11707.66,102.25,28.6,4.16,2.16,1.79,289.86,1.496968238,0.539400460766384,9453.532475391647
12000,965,424,28.4,51.0,4.16,28.6,25400,653,97.8,45400,137000,200,690,76.92,17526.0,9082.62,122.7,28.6,4.16,2.16,1.79,289.86,1.929619592,0.38868184470209777,6812.038010248965
15000,965,424,28.4,51.0,4.16,28.6,25400,653,97.8,45400,137000,200,690,76.92,17526.0,6793.35,153.37,28.6,4.16,2.16,1.79,289.86,2.579876719,0.3117898667459446,5464.429204589425
20000,965,424,28.4,51.0,4.16,28.6,25400,653,97.8,45400,137000,200,690,76.92,17526.0,4801.17,204.5,28.6,4.16,2.16,1.79,289.86,3.650357872,0.2646226515411839,4637.776590910789
4500,958,422,25.9,47.0,4.49,31.4,23100,591,97.3,35100,122000,200,690,76.92,15939.0,37982.24,46.25,31.4,4.49,2.16,1.81,289.86,0.4196434941,0.9960022043269489,15875.279134767237
8000,958,422,25.9,47.0,4.49,31.4,23100,591,97.3,35100,122000,200,690,76.92,15939.0,14218.42,82.22,31.4,4.49,2.16,1.81,289.86,1.121010379,0.7381155623346416,11764.823948051853
10000,958,422,25.9,47.0,4.49,31.4,23100,591,97.3,35100,122000,200,690,76.92,15939.0,10112.64,102.77,31.4,4.49,2.16,1.81,289.86,1.576145933,0.5312781688703754,8468.042733624914
12000,958,422,25.9,47.0,4.49,31.4,23100,591,97.3,35100,122000,200,690,76.92,15939.0,7796.64,123.33,31.4,4.49,2.16,1.81,289.86,2.044342063,0.3831573783973613,6107.145454275542
15000,958,422,25.9,47.0,4.49,31.4,23100,591,97.3,35100,122000,200,690,76.92,15939.0,5791.99,154.16,31.4,4.49,2.16,1.81,289.86,2.751901901,0.29015364270343774,4624.758911050094
20000,958,422,25.9,47.0,4.49,31.4,23100,591,97.3,35100,122000,200,690,76.92,15939.0,4065.3,205.55,31.4,4.49,2.16,1.81,289.86,3.920743292,0.2514187848677565,4007.3640120071705
4600,947,424,24.0,42.7,4.96,33.9,21000,541,97.0,26800,111000,200,690,76.92,14490.0,32792.43,47.42,33.9,4.96,2.13,1.78,289.86,0.4418702139,0.9681260459843745,14028.146406313586
8000,947,424,24.0,42.7,4.96,33.9,21000,541,97.0,26800,111000,200,690,76.92,14490.0,12532.48,82.47,33.9,4.96,2.13,1.78,289.86,1.156195654,0.7328185304004403,10618.54050550238
10000,947,424,24.0,42.7,4.96,33.9,21000,541,97.0,26800,111000,200,690,76.92,14490.0,8828.02,103.09,33.9,4.96,2.13,1.78,289.86,1.641365341,0.5162690109819583,7480.737969128576
12000,947,424,24.0,42.7,4.96,33.9,21000,541,97.0,26800,111000,200,690,76.92,14490.0,6752.81,123.71,33.9,4.96,2.13,1.78,289.86,2.145772977,0.3745801332436491,5427.666130700475
15000,947,424,24.0,42.7,4.96,33.9,21000,541,97.0,26800,111000,200,690,76.92,14490.0,4972.2,154.64,33.9,4.96,2.13,1.78,289.86,2.914203481,0.28634037216887887,4149.071992727055
20000,947,424,24.0,42.7,4.96,33.9,21000,541,97.0,26800,111000,200,690,76.92,14490.0,3457.55,206.19,33.9,4.96,2.13,1.78,289.86,4.190831708,0.23443999813482658,3397.035572973637
4500,942,422,22.5,39.9,5.29,36.2,19500,499,96.5,21900,102000,200,690,76.92,13455.0,31154.14,46.63,36.2,5.29,2.14,1.77,289.86,0.431884812,0.972307982649245,13082.40390654559
8000,942,422,22.5,39.9,5.29,36.2,19500,499,96.5,21900,102000,200,690,76.92,13455.0,11295.27,82.9,36.2,5.29,2.14,1.77,289.86,1.191206904,0.6799827636862381,9149.168085398334
10000,942,422,22.5,39.9,5.29,36.2,19500,499,96.5,21900,102000,200,690,76.92,13455.0,7906.28,103.63,36.2,5.29,2.14,1.77,289.86,1.701811206,0.4954278785298475,6665.982105619098
12000,942,422,22.5,39.9,5.29,36.2,19500,499,96.5,21900,102000,200,690,76.92,13455.0,6015.61,124.35,36.2,5.29,2.14,1.77,289.86,2.236679204,0.3673128046684037,4942.193786813372
15000,942,422,22.5,39.9,5.29,36.2,19500,499,96.5,21900,102000,200,690,76.92,13455.0,4402.11,155.44,36.2,5.29,2.14,1.77,289.86,3.056488711,0.27188922874283095,3658.2695727347905
20000,942,422,22.5,39.9,5.29,36.2,19500,499,96.5,21900,102000,200,690,76.92,13455.0,3040.73,207.25,36.2,5.29,2.14,1.77,289.86,4.424923874,0.21533020460542399,2897.26790296598
4600,937,422,21.3,36.7,5.75,38.2,18000,454,95.5,17300,91800,200,690,76.92,12420.0,26816.52,48.17,38.2,5.75,2.13,1.72,289.86,0.4631473858,0.9521971602971534,11826.288730890645
8000,937,422,21.3,36.7,5.75,38.2,18000,454,95.5,17300,91800,200,690,76.92,12420.0,10000.75,83.77,38.2,5.75,2.13,1.72,289.86,1.241906508,0.6665380001996027,8278.401962479065
10000,937,422,21.3,36.7,5.75,38.2,18000,454,95.5,17300,91800,200,690,76.92,12420.0,6952.26,104.71,38.2,5.75,2.13,1.72,289.86,1.786469286,0.5166160329443117,6416.371129168351
12000,937,422,21.3,36.7,5.75,38.2,18000,454,95.5,17300,91800,200,690,76.92,12420.0,5258.51,125.65,38.2,5.75,2.13,1.72,289.86,2.361887213,0.36245624964804113,4501.706620628671
15000,937,422,21.3,36.7,5.75,38.2,18000,454,95.5,17300,91800,200,690,76.92,12420.0,3821.1,157.07,38.2,5.75,2.13,1.72,289.86,3.250376212,0.26568039258153225,3299.7504758626305
20000,937,422,21.3,36.7,5.75,38.2,18000,454,95.5,17300,91800,200,690,76.92,12420.0,2618.83,209.42,38.2,5.75,2.13,1.72,289.86,4.742584575,0.2126460837674245,2641.0643603914123
4500,932,419,20.3,34.3,6.11,40.1,16900,420,95.0,14400,84900,200,690,76.92,11661.0,25676.36,47.37,40.1,6.11,2.14,1.69,289.86,0.4541530858,0.9603307009767582,11198.416304089977
8000,932,419,20.3,34.3,6.11,40.1,16900,420,95.0,14400,84900,200,690,76.92,11661.0,9101.37,84.21,40.1,6.11,2.14,1.69,289.86,1.281235298,0.6579955252734443,7672.885820213633
10000,932,419,20.3,34.3,6.11,40.1,16900,420,95.0,14400,84900,200,690,76.92,11661.0,6293.06,105.26,40.1,6.11,2.14,1.69,289.86,1.852992899,0.5066529212488127,5908.079714682404
12000,932,419,20.3,34.3,6.11,40.1,16900,420,95.0,14400,84900,200,690,76.92,11661.0,4737.35,126.32,40.1,6.11,2.14,1.69,289.86,2.461500529,0.3542825392815498,4131.288690562152
15000,932,419,20.3,34.3,6.11,40.1,16900,420,95.0,14400,84900,200,690,76.92,11661.0,3422.57,157.89,40.1,6.11,2.14,1.69,289.86,3.407089545,0.246169874266838,2870.586903825598
20000,932,419,20.3,34.3,6.11,40.1,16900,420,95.0,14400,84900,200,690,76.92,11661.0,2330.25,210.53,40.1,6.11,2.14,1.69,289.86,5.004180274,0.20103233077151128,2344.238009126593
4500,927,419,19.3,32.0,6.54,42.2,15800,391,94.2,11900,78400,200,690,76.92,10902.0,23658.69,47.77,42.2,6.54,2.14,1.66,289.86,0.46080328,0.9599328967273143,10465.188440121181
8000,927,419,19.3,32.0,6.54,42.2,15800,391,94.2,11900,78400,200,690,76.92,10902.0,8305.82,84.93,42.2,6.54,2.14,1.66,289.86,1.312573695,0.6634590690511752,7233.030770795913
10000,927,419,19.3,32.0,6.54,42.2,15800,391,94.2,11900,78400,200,690,76.92,10902.0,5711.54,106.16,42.2,6.54,2.14,1.66,289.86,1.908768186,0.473449901087308,5161.550821653832
12000,927,419,19.3,32.0,6.54,42.2,15800,391,94.2,11900,78400,200,690,76.92,10902.0,4278.38,127.39,42.2,6.54,2.14,1.66,289.86,2.548159488,0.32963237153304464,3593.6521144532526
15000,927,419,19.3,32.0,6.54,42.2,15800,391,94.2,11900,78400,200,690,76.92,10902.0,3072.04,159.24,42.2,6.54,2.14,1.66,289.86,3.548782912,0.23952010008522204,2611.248131129091
20000,927,419,19.3,32.0,6.54,42.2,15800,391,94.2,11900,78400,200,690,76.92,10902.0,2076.57,212.31,42.2,6.54,2.14,1.66,289.86,5.249999656,0.19957200410974996,2175.733988804494
3600,993,323,36.1,65.1,2.48,22.9,26400,367,70.6,71600,78900,200,690,76.92,18216.0,41001.1,50.99,22.9,2.48,2.87,1.8,289.86,0.4442807122,0.94898776383275,17286.761105977374
8000,993,323,36.1,65.1,2.48,22.9,26400,367,70.6,71600,78900,200,690,76.92,18216.0,12420.03,113.31,22.9,2.48,2.87,1.8,289.86,1.466662962,0.6085190777522579,11084.78352033513
10000,993,323,36.1,65.1,2.48,22.9,26400,367,70.6,71600,78900,200,690,76.92,18216.0,9371.95,141.64,22.9,2.48,2.87,1.8,289.86,1.943671806,0.41948751041537435,7641.384489726459
12000,993,323,36.1,65.1,2.48,22.9,26400,367,70.6,71600,78900,200,690,76.92,18216.0,7542.35,169.97,22.9,2.48,2.87,1.8,289.86,2.415162389,0.38312883518661933,6979.074861759458
15000,993,323,36.1,65.1,2.48,22.9,26400,367,70.6,71600,78900,200,690,76.92,18216.0,5852.89,212.46,22.9,2.48,2.87,1.8,289.86,3.112305985,0.3398194889620691,6190.151810933051
18000,993,323,36.1,65.1,2.48,22.9,26400,367,70.6,71600,78900,200,690,76.92,18216.0,4793.5,254.96,22.9,2.48,2.87,1.8,289.86,3.800148802,0.3059135287562723,5572.520839824257
3500,980,320,33.0,58.8,2.72,25.0,23600,325,69.9,53700,69000,200,690,76.92,16284.0,37019.86,50.07,25.0,2.72,2.88,1.78,289.86,0.4398719613,0.9442527949911118,15376.212513635264
8000,980,320,33.0,58.8,2.72,25.0,23600,325,69.9,53700,69000,200,690,76.92,16284.0,10376.2,114.45,25.0,2.72,2.88,1.78,289.86,1.569360704,0.5826647671156823,9488.11306771177
10000,980,320,33.0,58.8,2.72,25.0,23600,325,69.9,53700,69000,200,690,76.92,16284.0,7776.34,143.06,25.0,2.72,2.88,1.78,289.86,2.094045381,0.4134002571777692,6731.809787882793
12000,980,320,33.0,58.8,2.72,25.0,23600,325,69.9,53700,69000,200,690,76.92,16284.0,6229.95,171.67,25.0,2.72,2.88,1.78,289.86,2.613825228,0.3586998044926278,5841.067616357951
15000,980,320,33.0,58.8,2.72,25.0,23600,325,69.9,53700,69000,200,690,76.92,16284.0,4813.91,214.59,25.0,2.72,2.88,1.78,289.86,3.382693907,0.3345472906818735,5447.768081463628
18000,980,320,33.0,58.8,2.72,25.0,23600,325,69.9,53700,69000,200,690,76.92,16284.0,3932.48,257.51,25.0,2.72,2.88,1.78,289.86,4.140897538,0.2944167972108164,4794.283125780935
3500,970,315,30.0,54.1,2.91,27.5,21300,284,68.6,40900,59600,200,690,76.92,14697.0,31643.33,51.02,27.5,2.91,2.91,1.8,289.86,0.464458076,0.9489379711456891,13946.541361928194
8000,970,315,30.0,54.1,2.91,27.5,21300,284,68.6,40900,59600,200,690,76.92,14697.0,8655.89,116.62,27.5,2.91,2.91,1.8,289.86,1.697918811,0.5526524808157778,8122.333510549486
10000,970,315,30.0,54.1,2.91,27.5,21300,284,68.6,40900,59600,200,690,76.92,14697.0,6448.66,145.77,27.5,2.91,2.91,1.8,289.86,2.279077032,0.39397278554206094,5790.218029111669
12000,970,315,30.0,54.1,2.91,27.5,21300,284,68.6,40900,59600,200,690,76.92,14697.0,5145.59,174.93,27.5,2.91,2.91,1.8,289.86,2.856234064,0.3486426214147579,5124.000606932696
15000,970,315,30.0,54.1,2.91,27.5,21300,284,68.6,40900,59600,200,690,76.92,14697.0,3960.78,218.66,27.5,2.91,2.91,1.8,289.86,3.710634745,0.33145086111652167,4871.333305829519
18000,970,315,30.0,54.1,2.91,27.5,21300,284,68.6,40900,59600,200,690,76.92,14697.0,3227.99,262.39,27.5,2.91,2.91,1.8,289.86,4.552994281,0.2938987424477009,4319.42981775386
3300,960,312,26.9,48.9,3.19,30.6,19000,251,68.1,30300,52100,200,690,76.92,13110.0,30320.09,48.46,30.6,3.19,2.92,1.82,289.86,0.4323865207,0.963800360046465,12635.422720209155
8000,960,312,26.9,48.9,3.19,30.6,19000,251,68.1,30300,52100,200,690,76.92,13110.0,7232.76,117.47,30.6,3.19,2.92,1.82,289.86,1.812587094,0.4941005364085134,6477.658032315611
10000,960,312,26.9,48.9,3.19,30.6,19000,251,68.1,30300,52100,200,690,76.92,13110.0,5344.3,146.84,30.6,3.19,2.92,1.82,289.86,2.453079202,0.3456261124137578,4531.158333744364
12000,960,312,26.9,48.9,3.19,30.6,19000,251,68.1,30300,52100,200,690,76.92,13110.0,4240.16,176.21,30.6,3.19,2.92,1.82,289.86,3.091860899,0.3063769124066758,4016.60132165152
15000,960,312,26.9,48.9,3.19,30.6,19000,251,68.1,30300,52100,200,690,76.92,13110.0,3245.76,220.26,30.6,3.19,2.92,1.82,289.86,4.039110145,0.28521436578444465,3739.160335434069
16000,960,312,26.9,48.9,3.19,30.6,19000,251,68.1,30300,52100,200,690,76.92,13110.0,3012.55,234.95,30.6,3.19,2.92,1.82,289.86,4.351800279,0.27005129635431274,3540.37249520504
3200,951,310,24.4,43.9,3.53,33.8,17000,220,67.3,22000,45100,200,690,76.92,11730.0,27493.14,47.55,33.8,3.53,2.93,1.8,289.86,0.426651814,0.969586785226626,11373.252990708323
8000,951,310,24.4,43.9,3.53,33.8,17000,220,67.3,22000,45100,200,690,76.92,11730.0,5991.94,118.87,33.8,3.53,2.93,1.8,289.86,1.957630717,0.4362507020669551,5117.220735245383
10000,951,310,24.4,43.9,3.53,33.8,17000,220,67.3,22000,45100,200,690,76.92,11730.0,4387.05,148.59,33.8,3.53,2.93,1.8,289.86,2.673776526,0.3073564868195865,3605.2915903937496
12000,951,310,24.4,43.9,3.53,33.8,17000,220,67.3,22000,45100,200,690,76.92,11730.0,3457.99,178.31,33.8,3.53,2.93,1.8,289.86,3.392147874,0.27262707250358614,3197.9155604670655
15000,951,310,24.4,43.9,3.53,33.8,17000,220,67.3,22000,45100,200,690,76.92,11730.0,2629.78,222.88,33.8,3.53,2.93,1.8,289.86,4.460448363,0.2502501293196088,2935.4340169190114
16000,951,310,24.4,43.9,3.53,33.8,17000,220,67.3,22000,45100,200,690,76.92,11730.0,2436.97,237.74,33.8,3.53,2.93,1.8,289.86,4.813357786,0.2444620895235482,2867.54031011122
3200,943,307,22.1,39.8,3.86,37.3,15300,195,66.5,16500,39700,200,690,76.92,10557.0,23990.38,48.12,37.3,3.86,2.94,1.8,289.86,0.4400513058,0.9460462226882768,9987.409972920137
8000,943,307,22.1,39.8,3.86,37.3,15300,195,66.5,16500,39700,200,690,76.92,10557.0,5073.24,120.3,37.3,3.86,2.94,1.8,289.86,2.080919531,0.38125470647376164,4024.905936243502
10000,943,307,22.1,39.8,3.86,37.3,15300,195,66.5,16500,39700,200,690,76.92,10557.0,3682.45,150.38,37.3,3.86,2.94,1.8,289.86,2.866844546,0.28117016694047997,2968.313452390647
12000,943,307,22.1,39.8,3.86,37.3,15300,195,66.5,16500,39700,200,690,76.92,10557.0,2884.19,180.45,37.3,3.86,2.94,1.8,289.86,3.660299332,0.23911818590577646,2524.3706886072823
15000,943,307,22.1,39.8,3.86,37.3,15300,195,66.5,16500,39700,200,690,76.92,10557.0,2179.15,225.56,37.3,3.86,2.94,1.8,289.86,4.844539422,0.22475968925584097,2372.788039473913
16000,943,307,22.1,39.8,3.86,37.3,15300,195,66.5,16500,39700,200,690,76.92,10557.0,2016.15,240.6,37.3,3.86,2.94,1.8,289.86,5.236224936,0.2203935222204299,2326.6944140810783
3000,932,310,21.1,34.6,4.48,39.1,13700,171,65.5,11700,34400,200,690,76.92,9453.0,23313.56,45.8,39.1,4.48,2.89,1.64,289.86,0.4054721251,0.9722959286149016,9191.113413196665
8000,932,310,21.1,34.6,4.48,39.1,13700,171,65.5,11700,34400,200,690,76.92,9453.0,4212.91,122.14,39.1,4.48,2.89,1.64,289.86,2.24381477,0.36703327327496305,3469.5655322682255
10000,932,310,21.1,34.6,4.48,39.1,13700,171,65.5,11700,34400,200,690,76.92,9453.0,3024.34,152.67,39.1,4.48,2.89,1.64,289.86,3.125640035,0.2694563525414489,2547.1709005743164
12000,932,310,21.1,34.6,4.48,39.1,13700,171,65.5,11700,34400,200,690,76.92,9453.0,2348.87,183.21,39.1,4.48,2.89,1.64,289.86,4.024480703,0.20478100633545648,1935.7948528890702
15000,932,310,21.1,34.6,4.48,39.1,13700,171,65.5,11700,34400,200,690,76.92,9453.0,1758.97,229.01,39.1,4.48,2.89,1.64,289.86,5.374165406,0.20025283990513237,1892.9900956232163
16000,932,310,21.1,34.6,4.48,39.1,13700,171,65.5,11700,34400,200,690,76.92,9453.0,1623.77,244.27,39.1,4.48,2.89,1.64,289.86,5.82164117,0.1938915112336337,1832.8564556915394
3000,927,307,19.4,31.9,4.81,42.4,12600,156,65.0,9240,31200,200,690,76.92,8694.0,21060.02,46.15,42.4,4.81,2.92,1.64,289.86,0.4128200371,0.9715119651428663,8446.325024952079
4500,927,307,19.4,31.9,4.81,42.4,12600,156,65.0,9240,31200,200,690,76.92,8694.0,9895.17,69.23,42.4,4.81,2.92,1.64,289.86,0.8786105332,0.7838017057864873,6814.372030107721
6000,927,307,19.4,31.9,4.81,42.4,12600,156,65.0,9240,31200,200,690,76.92,8694.0,5961.99,92.31,42.4,4.81,2.92,1.64,289.86,1.458237935,0.5519043040521628,4798.256019429504
8000,927,307,19.4,31.9,4.81,42.4,12600,156,65.0,9240,31200,200,690,76.92,8694.0,3716.77,123.08,42.4,4.81,2.92,1.64,289.86,2.339130022,0.34905881782242876,3034.7173621481957
9000,927,307,19.4,31.9,4.81,42.4,12600,156,65.0,9240,31200,200,690,76.92,8694.0,3097.97,138.46,42.4,4.81,2.92,1.64,289.86,2.806350307,0.29812476336470395,2591.896692692736
10000,927,307,19.4,31.9,4.81,42.4,12600,156,65.0,9240,31200,200,690,76.92,8694.0,2647.74,153.85,42.4,4.81,2.92,1.64,289.86,3.283555489,0.2643358561590858,2298.1359334470917
3000,922,307,18.4,30.0,5.12,44.8,11800,144,64.8,7700,28700,200,690,76.92,8142.0,19320.16,46.3,44.8,5.12,2.91,1.63,289.86,0.4214251139,0.9732184613531061,7923.94471233699
4500,922,307,18.4,30.0,5.12,44.8,11800,144,64.8,7700,28700,200,690,76.92,8142.0,9036.52,69.44,44.8,5.12,2.91,1.63,289.86,0.9010108085,0.7830770804427699,6375.813588965033
6000,922,307,18.4,30.0,5.12,44.8,11800,144,64.8,7700,28700,200,690,76.92,8142.0,5417.43,92.59,44.8,5.12,2.91,1.63,289.86,1.502926832,0.5506091612343872,4483.0597907703805
8000,922,307,18.4,30.0,5.12,44.8,11800,144,64.8,7700,28700,200,690,76.92,8142.0,3355.76,123.46,44.8,5.12,2.91,1.63,289.86,2.426275381,0.35143823649240385,2861.410121521152
9000,922,307,18.4,30.0,5.12,44.8,11800,144,64.8,7700,28700,200,690,76.92,8142.0,2789.07,138.89,44.8,5.12,2.91,1.63,289.86,2.919256384,0.2953118938285718,2404.4294395522315
10000,922,307,18.4,30.0,5.12,44.8,11800,144,64.8,7700,28700,200,690,76.92,8142.0,2377.54,154.32,44.8,5.12,2.91,1.63,289.86,3.424550882,0.2584857891011406,2104.591294861487
3000,919,305,17.3,27.9,5.47,47.7,10900,133,64.3,6290,26500,200,690,76.92,7521.0,17753.06,46.66,47.7,5.47,2.92,1.61,289.86,0.4236452958,0.9928729007212538,7467.3970863245495
4500,919,305,17.3,27.9,5.47,47.7,10900,133,64.3,6290,26500,200,690,76.92,7521.0,8260.54,69.98,47.7,5.47,2.92,1.61,289.86,0.9104733205,0.7872693838494158,5921.053035931456
6000,919,305,17.3,27.9,5.47,47.7,10900,133,64.3,6290,26500,200,690,76.92,7521.0,4923.37,93.31,47.7,5.47,2.92,1.61,289.86,1.527610726,0.5694911089708834,4283.142630570014
8000,919,305,17.3,27.9,5.47,47.7,10900,133,64.3,6290,26500,200,690,76.92,7521.0,3026.5,124.42,47.7,5.47,2.92,1.61,289.86,2.485046117,0.34901262426134283,2624.9239470695593
9000,919,305,17.3,27.9,5.47,47.7,10900,133,64.3,6290,26500,200,690,76.92,7521.0,2506.63,139.97,47.7,5.47,2.92,1.61,289.86,3.000443335,0.29229977421542774,2198.386601874232
10000,919,305,17.3,27.9,5.47,47.7,10900,133,64.3,6290,26500,200,690,76.92,7521.0,2129.92,155.52,47.7,5.47,2.92,1.61,289.86,3.531110434,0.253973069304522,1910.13145423931
3000,914,305,16.5,25.9,5.88,49.9,10200,123,63.5,5160,24200,200,690,76.92,7038.0,16251.04,47.24,49.9,5.88,2.91,1.57,289.86,0.4330799835,0.9890660639341946,6961.0469579688615
4500,914,305,16.5,25.9,5.88,49.9,10200,123,63.5,5160,24200,200,690,76.92,7038.0,7530.23,70.87,49.9,5.88,2.91,1.57,289.86,0.9346327361,0.7974190059943996,5612.234964188585
6000,914,305,16.5,25.9,5.88,49.9,10200,123,63.5,5160,24200,200,690,76.92,7038.0,4466.71,94.49,49.9,5.88,2.91,1.57,289.86,1.575657969,0.5646956598105821,3974.328053746877
8000,914,305,16.5,25.9,5.88,49.9,10200,123,63.5,5160,24200,200,690,76.92,7038.0,2728.24,125.98,49.9,5.88,2.91,1.57,289.86,2.579683853,0.35194678755885783,2477.0014908392413
9000,914,305,16.5,25.9,5.88,49.9,10200,123,63.5,5160,24200,200,690,76.92,7038.0,2252.85,141.73,49.9,5.88,2.91,1.57,289.86,3.124043971,0.2868620895324063,2018.9353861290754
10000,914,305,16.5,25.9,5.88,49.9,10200,123,63.5,5160,24200,200,690,76.92,7038.0,1908.97,157.48,49.9,5.88,2.91,1.57,289.86,3.686814373,0.24778137321565352,1743.8853046917695
3000,912,305,15.9,23.9,6.37,51.9,9520,112,62.7,4200,22100,200,690,76.92,6568.8,14763.1,47.85,51.9,6.37,2.91,1.51,289.86,0.4449473311,0.9793561335120788,6433.1945698141435
4500,912,305,15.9,23.9,6.37,51.9,9520,112,62.7,4200,22100,200,690,76.92,6568.8,6812.82,71.77,51.9,6.37,2.91,1.51,289.86,0.9641829122,0.7893821587138212,5185.293524159349
6000,912,305,15.9,23.9,6.37,51.9,9520,112,62.7,4200,22100,200,690,76.92,6568.8,4021.87,95.69,51.9,6.37,2.91,1.51,289.86,1.633270169,0.5637961280066103,3703.4640056498215
8000,912,305,15.9,23.9,6.37,51.9,9520,112,62.7,4200,22100,200,690,76.92,6568.8,2440.47,127.59,51.9,6.37,2.91,1.51,289.86,2.691607342,0.30792013657619116,2022.6657931416846
9000,912,305,15.9,23.9,6.37,51.9,9520,112,62.7,4200,22100,200,690,76.92,6568.8,2008.94,143.54,51.9,6.37,2.91,1.51,289.86,3.26978098,0.28352363846048906,1862.4100763192605
10000,912,305,15.9,23.9,6.37,51.9,9520,112,62.7,4200,22100,200,690,76.92,6568.8,1697.29,159.49,51.9,6.37,2.91,1.51,289.86,3.870158216,0.22266083494354671,1462.6144925771698
2800,904,305,15.2,20.2,7.56,54.1,8340,94,60.5,2910,18300,200,690,76.92,5754.6,13985.68,46.28,54.1,7.56,2.9,1.33,289.86,0.4114636025,0.9986728357472519,5746.962700591136
4500,904,305,15.2,20.2,7.56,54.1,8340,94,60.5,2910,18300,200,690,76.92,5754.6,5609.75,74.38,54.1,7.56,2.9,1.33,289.86,1.025821757,0.7256506230239308,4175.829075253512
6000,904,305,15.2,20.2,7.56,54.1,8340,94,60.5,2910,18300,200,690,76.92,5754.6,3289.46,99.17,54.1,7.56,2.9,1.33,289.86,1.74940762,0.52144036965144,3000.680751196177
8000,904,305,15.2,20.2,7.56,54.1,8340,94,60.5,2910,18300,200,690,76.92,5754.6,1977.21,132.23,54.1,7.56,2.9,1.33,289.86,2.910459329,0.3069811184511396,1766.5535442389282
9000,904,305,15.2,20.2,7.56,54.1,8340,94,60.5,2910,18300,200,690,76.92,5754.6,1620.09,148.76,54.1,7.56,2.9,1.33,289.86,3.55202049,0.25815192053511743,1485.5610419113868
10000,904,305,15.2,20.2,7.56,54.1,8340,94,60.5,2910,18300,200,690,76.92,5754.6,1362.74,165.29,54.1,7.56,2.9,1.33,289.86,4.222816971,0.2103632398146535,1210.556299837405
4500,914,411,32.0,57.9,3.55,23.7,25600,674,95.8,61600,123000,200,690,76.92,17664.0,43429.02,46.97,23.7,3.55,2.08,1.81,289.86,0.4067326764,1.003071591338829,17718.256589409077
4500,914,411,32.0,57.9,3.55,23.7,25600,674,95.8,61600,123000,200,690,76.92,17664.0,43429.02,46.97,23.7,3.55,2.08,1.81,289.86,0.4067326764,1.003071591338829,17718.256589409077
6000,914,411,32.0,57.9,3.55,23.7,25600,674,95.8,61600,123000,200,690,76.92,17664.0,26985.99,62.63,23.7,3.55,2.08,1.81,289.86,0.6545619212,0.8996864135338545,15892.060808662005
8000,914,411,32.0,57.9,3.55,23.7,25600,674,95.8,61600,123000,200,690,76.92,17664.0,17446.38,83.51,23.7,3.55,2.08,1.81,289.86,1.012473649,0.7843284201268902,13854.377213121388
9000,914,411,32.0,57.9,3.55,23.7,25600,674,95.8,61600,123000,200,690,76.92,17664.0,14766.59,93.95,23.7,3.55,2.08,1.81,289.86,1.196213513,0.6954379148734443,12284.21532832452
12000,914,411,32.0,57.9,3.55,23.7,25600,674,95.8,61600,123000,200,690,76.92,17664.0,10092.68,125.26,23.7,3.55,2.08,1.81,289.86,1.750179522,0.5129239855217596,9060.28928025636
4500,904,409,29.5,53.1,3.85,25.7,23300,608,95.0,47900,110000,200,690,76.92,16077.0,38279.5,47.37,25.7,3.85,2.08,1.8,289.86,0.4199898367,0.9806505922041627,15765.919570866325
4500,904,409,29.5,53.1,3.85,25.7,23300,608,95.0,47900,110000,200,690,76.92,16077.0,38279.5,47.37,25.7,3.85,2.08,1.8,289.86,0.4199898367,0.9806505922041627,15765.919570866325
6000,904,409,29.5,53.1,3.85,25.7,23300,608,95.0,47900,110000,200,690,76.92,16077.0,23576.7,63.16,25.7,3.85,2.08,1.8,289.86,0.6819020666,0.859647727513159,13820.556515229056
8000,904,409,29.5,53.1,3.85,25.7,23300,608,95.0,47900,110000,200,690,76.92,16077.0,15091.52,84.21,25.7,3.85,2.08,1.8,289.86,1.065300146,0.7622818305701637,12255.204990076523
9000,904,409,29.5,53.1,3.85,25.7,23300,608,95.0,47900,110000,200,690,76.92,16077.0,12721.98,94.74,25.7,3.85,2.08,1.8,289.86,1.263718765,0.6503669821053717,10455.94997130806
12000,904,409,29.5,53.1,3.85,25.7,23300,608,95.0,47900,110000,200,690,76.92,16077.0,8617.77,126.32,25.7,3.85,2.08,1.8,289.86,1.865563027,0.4702597552412587,7560.366085013716
4500,894,406,26.4,48.0,4.23,28.7,20800,537,94.2,35100,95900,200,690,76.92,14352.0,32898.18,47.77,28.7,4.23,2.08,1.82,289.86,0.4362551394,0.9766854939856502,14017.390209682051
4500,894,406,26.4,48.0,4.23,28.7,20800,537,94.2,35100,95900,200,690,76.92,14352.0,32898.18,47.77,28.7,4.23,2.08,1.82,289.86,0.4362551394,0.9766854939856502,14017.390209682051
6000,894,406,26.4,48.0,4.23,28.7,20800,537,94.2,35100,95900,200,690,76.92,14352.0,20053.22,63.69,28.7,4.23,2.08,1.82,289.86,0.7156956313,0.8478331926616933,12168.101981080623
8000,894,406,26.4,48.0,4.23,28.7,20800,537,94.2,35100,95900,200,690,76.92,14352.0,12681.15,84.93,28.7,4.23,2.08,1.82,289.86,1.131758784,0.7320613417521379,10506.544376826683
9000,894,406,26.4,48.0,4.23,28.7,20800,537,94.2,35100,95900,200,690,76.92,14352.0,10635.78,95.54,28.7,4.23,2.08,1.82,289.86,1.349407417,0.6012640340411962,8629.341416559248
12000,894,406,26.4,48.0,4.23,28.7,20800,537,94.2,35100,95900,200,690,76.92,14352.0,7121.37,127.39,28.7,4.23,2.08,1.82,289.86,2.015343815,0.3845445472606888,5518.983342285406
4500,884,404,24.4,43.9,4.6,31.0,19000,483,93.5,27100,85700,200,690,76.92,13110.0,29041.36,48.13,31.0,4.6,2.08,1.8,289.86,0.4514251729,0.9663776661710748,12669.211203502791
4500,884,404,24.4,43.9,4.6,31.0,19000,483,93.5,27100,85700,200,690,76.92,13110.0,29041.36,48.13,31.0,4.6,2.08,1.8,289.86,0.4514251729,0.9663776661710748,12669.211203502791
6000,884,404,24.4,43.9,4.6,31.0,19000,483,93.5,27100,85700,200,690,76.92,13110.0,17558.67,64.17,31.0,4.6,2.08,1.8,289.86,0.7466395254,0.8439833129227569,11064.621232417343
8000,884,404,24.4,43.9,4.6,31.0,19000,483,93.5,27100,85700,200,690,76.92,13110.0,10993.9,85.56,31.0,4.6,2.08,1.8,289.86,1.192479582,0.7211654343480737,9454.478844303247
9000,884,404,24.4,43.9,4.6,31.0,19000,483,93.5,27100,85700,200,690,76.92,13110.0,9181.14,96.26,31.0,4.6,2.08,1.8,289.86,1.427926933,0.5850981404004414,7670.636620649787
12000,884,404,24.4,43.9,4.6,31.0,19000,483,93.5,27100,85700,200,690,76.92,13110.0,6085.51,128.34,31.0,4.6,2.08,1.8,289.86,2.154298249,0.3725159943591762,4883.6846860488
4000,876,401,22.1,39.9,5.03,34.3,17000,433,93.0,20300,75500,200,690,76.92,11730.0,31575.93,43.01,34.3,5.03,2.09,1.8,289.86,0.3714854867,1.0198042519879937,11962.303875819167
4500,876,401,22.1,39.9,5.03,34.3,17000,433,93.0,20300,75500,200,690,76.92,11730.0,25420.18,48.39,34.3,5.03,2.09,1.8,289.86,0.4614444939,0.9616570086206911,11280.236711120708
6000,876,401,22.1,39.9,5.03,34.3,17000,433,93.0,20300,75500,200,690,76.92,11730.0,15241.13,64.52,34.3,5.03,2.09,1.8,289.86,0.7696280003,0.8439196427363717,9899.17740929764
8000,876,401,22.1,39.9,5.03,34.3,17000,433,93.0,20300,75500,200,690,76.92,11730.0,9442.24,86.02,34.3,5.03,2.09,1.8,289.86,1.24229056,0.6780573234907076,7953.612404546
9000,876,401,22.1,39.9,5.03,34.3,17000,433,93.0,20300,75500,200,690,76.92,11730.0,7848.2,96.77,34.3,5.03,2.09,1.8,289.86,1.494611163,0.5297092046167645,6213.488970154648
12000,876,401,22.1,39.9,5.03,34.3,17000,433,93.0,20300,75500,200,690,76.92,11730.0,5142.71,129.03,34.3,5.03,2.09,1.8,289.86,2.280896375,0.3640465089088788,4270.265549501149
4000,869,404,21.1,35.7,5.66,35.9,15400,388,91.9,15100,67400,200,690,76.92,10626.0,27901.15,43.53,35.9,5.66,2.06,1.69,289.86,0.380844559,1.0212013303004464,10851.285335772543
4500,869,404,21.1,35.7,5.66,35.9,15400,388,91.9,15100,67400,200,690,76.92,10626.0,22401.34,48.97,35.9,5.66,2.06,1.69,289.86,0.4743465871,0.9593783127908014,10194.353951715057
6000,869,404,21.1,35.7,5.66,35.9,15400,388,91.9,15100,67400,200,690,76.92,10626.0,13316.61,65.29,35.9,5.66,2.06,1.69,289.86,0.7979509093,0.8326982084567168,8848.251163061073
8000,869,404,21.1,35.7,5.66,35.9,15400,388,91.9,15100,67400,200,690,76.92,10626.0,8157.52,87.05,35.9,5.66,2.06,1.69,289.86,1.302602452,0.6476349288005008,6881.768753434121
9000,869,404,21.1,35.7,5.66,35.9,15400,388,91.9,15100,67400,200,690,76.92,10626.0,6745.33,97.93,35.9,5.66,2.06,1.69,289.86,1.575313232,0.5237606366782173,5565.480525342737
12000,869,404,21.1,35.7,5.66,35.9,15400,388,91.9,15100,67400,200,690,76.92,10626.0,4362.86,130.58,35.9,5.66,2.06,1.69,289.86,2.435557523,0.3492238968941494,3710.8531283972316
4000,861,401,19.7,32.3,6.2,38.5,14000,350,91.2,11600,60200,200,690,76.92,9660.0,24828.62,43.86,38.5,6.2,2.07,1.64,289.86,0.3890671969,1.018952009609746,9843.076412830145
4500,861,401,19.7,32.3,6.2,38.5,14000,350,91.2,11600,60200,200,690,76.92,9660.0,19895.17,49.34,38.5,6.2,2.07,1.64,289.86,0.485545022,0.9311053924588217,8994.478091152218
6000,861,401,19.7,32.3,6.2,38.5,14000,350,91.2,11600,60200,200,690,76.92,9660.0,11751.43,65.79,38.5,6.2,2.07,1.64,289.86,0.8220279525,0.8313986700435844,8031.311152621025
8000,861,401,19.7,32.3,6.2,38.5,14000,350,91.2,11600,60200,200,690,76.92,9660.0,7136.27,87.72,38.5,6.2,2.07,1.64,289.86,1.353647917,0.6348803271881317,6132.943960637353
9000,861,401,19.7,32.3,6.2,38.5,14000,350,91.2,11600,60200,200,690,76.92,9660.0,5876.59,98.68,38.5,6.2,2.07,1.64,289.86,1.643811664,0.5106471276631437,4932.851253225968
12000,861,401,19.7,32.3,6.2,38.5,14000,350,91.2,11600,60200,200,690,76.92,9660.0,3760.46,131.58,38.5,6.2,2.07,1.64,289.86,2.568835232,0.3319223625310111,3206.370022049567
4000,856,399,18.2,29.1,6.85,41.7,12700,312,90.4,8660,53200,200,690,76.92,8763.0,21852.83,44.25,41.7,6.85,2.07,1.6,289.86,0.4010006256,1.0146841401895268,8891.677120480823
4500,856,399,18.2,29.1,6.85,41.7,12700,312,90.4,8660,53200,200,690,76.92,8763.0,17476.46,49.78,41.7,6.85,2.07,1.6,289.86,0.5014172175,0.9160458122252572,8027.309452529928
6000,856,399,18.2,29.1,6.85,41.7,12700,312,90.4,8660,53200,200,690,76.92,8763.0,10256.47,66.37,41.7,6.85,2.07,1.6,289.86,0.854387792,0.8011615197938142,7020.578397953194
8000,856,399,18.2,29.1,6.85,41.7,12700,312,90.4,8660,53200,200,690,76.92,8763.0,6172.3,88.5,41.7,6.85,2.07,1.6,289.86,1.41973111,0.6141104199518193,5381.449610037792
9000,856,399,18.2,29.1,6.85,41.7,12700,312,90.4,8660,53200,200,690,76.92,8763.0,5060.45,99.56,41.7,6.85,2.07,1.6,289.86,1.731664111,0.5109845880946374,4477.757945473308
12000,856,399,18.2,29.1,6.85,41.7,12700,312,90.4,8660,53200,200,690,76.92,8763.0,3200.25,132.74,41.7,6.85,2.07,1.6,289.86,2.738220717,0.30854141648721645,2703.748432677478
3000,859,292,17.0,31.0,4.71,44.7,10300,129,63.5,7370,22100,200,690,76.92,7107.0,16213.27,47.24,44.7,4.71,2.84,1.82,289.86,0.4383446198,0.9532260096926771,6774.577250885856
4500,859,292,17.0,31.0,4.71,44.7,10300,129,63.5,7370,22100,200,690,76.92,7107.0,7663.0,70.87,44.7,4.71,2.84,1.82,289.86,0.9274436992,0.7753688505290373,5510.546420709868
6000,859,292,17.0,31.0,4.71,44.7,10300,129,63.5,7370,22100,200,690,76.92,7107.0,4646.56,94.49,44.7,4.71,2.84,1.82,289.86,1.529517894,0.5448160887916743,3872.0079430424294
8000,859,292,17.0,31.0,4.71,44.7,10300,129,63.5,7370,22100,200,690,76.92,7107.0,2919.74,125.98,44.7,4.71,2.84,1.82,289.86,2.434120216,0.3622801791785961,2574.7252334222826
9000,859,292,17.0,31.0,4.71,44.7,10300,129,63.5,7370,22100,200,690,76.92,7107.0,2442.12,141.73,44.7,4.71,2.84,1.82,289.86,2.910177892,0.2954095292858068,2099.4755246342293
12000,859,292,17.0,31.0,4.71,44.7,10300,129,63.5,7370,22100,200,690,76.92,7107.0,1624.71,188.98,44.7,4.71,2.84,1.82,289.86,4.374306573,0.20052456101516988,1425.1280551348123
3000,851,295,16.1,26.9,5.48,47.2,9160,114,62.7,5160,19300,200,690,76.92,6320.4,14094.66,47.85,47.2,5.48,2.79,1.67,289.86,0.4484252919,0.9799251958913707,6193.519208111819
4500,851,295,16.1,26.9,5.48,47.2,9160,114,62.7,5160,19300,200,690,76.92,6320.4,6591.4,71.77,47.2,5.48,2.79,1.67,289.86,0.9588857638,0.7831653398916921,4949.918214251451
6000,851,295,16.1,26.9,5.48,47.2,9160,114,62.7,5160,19300,200,690,76.92,6320.4,3950.89,95.69,47.2,5.48,2.79,1.67,289.86,1.599740349,0.5587630894166655,3531.6062303490926
8000,851,295,16.1,26.9,5.48,47.2,9160,114,62.7,5160,19300,200,690,76.92,6320.4,2446.79,127.59,47.2,5.48,2.79,1.67,289.86,2.583142199,0.3341799196927786,2112.150764426238
9000,851,295,16.1,26.9,5.48,47.2,9160,114,62.7,5160,19300,200,690,76.92,6320.4,2033.39,143.54,47.2,5.48,2.79,1.67,289.86,3.108308866,0.2975955512102186,1880.9229218690655
12000,851,295,16.1,26.9,5.48,47.2,9160,114,62.7,5160,19300,200,690,76.92,6320.4,1331.89,191.39,47.2,5.48,2.79,1.67,289.86,4.745438536,0.19835249572285363,1253.667113966724
3000,846,292,15.4,24.3,6.01,49.6,8420,102,61.7,4040,17300,200,690,76.92,5809.8,12553.88,48.62,49.6,6.01,2.81,1.58,289.86,0.4627892012,0.9786785290765974,5685.926518229216
4500,846,292,15.4,24.3,6.01,49.6,8420,102,61.7,4040,17300,200,690,76.92,5809.8,5837.53,72.93,49.6,6.01,2.81,1.58,289.86,0.9952501813,0.7742778073589225,4498.399205193868
6000,846,292,15.4,24.3,6.01,49.6,8420,102,61.7,4040,17300,200,690,76.92,5809.8,3476.64,97.24,49.6,6.01,2.81,1.58,289.86,1.671096552,0.5232566864536891,3040.0166969586426
8000,846,292,15.4,24.3,6.01,49.6,8420,102,61.7,4040,17300,200,690,76.92,5809.8,2135.05,129.66,49.6,6.01,2.81,1.58,289.86,2.721155525,0.30707633182977245,1784.052072664612
9000,846,292,15.4,24.3,6.01,49.6,8420,102,61.7,4040,17300,200,690,76.92,5809.8,1767.49,145.87,49.6,6.01,2.81,1.58,289.86,3.287029552,0.2585246716229045,1501.9766371947505
12000,846,292,15.4,24.3,6.01,49.6,8420,102,61.7,4040,17300,200,690,76.92,5809.8,1146.6,194.49,49.6,6.01,2.81,1.58,289.86,5.066972709,0.18460726965559085,1072.5313152450517
2800,841,292,14.7,21.7,6.73,51.7,7650,91,60.7,3070,15200,200,690,76.92,5278.5,12618.71,46.13,51.7,6.73,2.81,1.48,289.86,0.418307552,1.0066756132638324,5313.737224613139
4500,841,292,14.7,21.7,6.73,51.7,7650,91,60.7,3070,15200,200,690,76.92,5278.5,5105.25,74.14,51.7,6.73,2.81,1.48,289.86,1.033935386,0.7502324285027336,3960.1018738516796
6000,841,292,14.7,21.7,6.73,51.7,7650,91,60.7,3070,15200,200,690,76.92,5278.5,3021.33,98.85,51.7,6.73,2.81,1.48,289.86,1.747077136,0.539713825039619,2848.8794254716286
8000,841,292,14.7,21.7,6.73,51.7,7650,91,60.7,3070,15200,200,690,76.92,5278.5,1839.64,131.8,51.7,6.73,2.81,1.48,289.86,2.86930528,0.30787303083596607,1625.107793267647
9000,841,292,14.7,21.7,6.73,51.7,7650,91,60.7,3070,15200,200,690,76.92,5278.5,1516.84,148.27,51.7,6.73,2.81,1.48,289.86,3.479938888,0.2570221803802391,1356.691579137092
12000,841,292,14.7,21.7,6.73,51.7,7650,91,60.7,3070,15200,200,690,76.92,5278.5,973.87,197.69,51.7,6.73,2.81,1.48,289.86,5.42011682,0.18336307751956357,967.8820046870163
2800,836,292,14.0,18.8,7.76,54.5,6800,78,58.9,2210,13000,200,690,76.92,4692.0,10758.3,47.54,54.5,7.76,2.8,1.34,289.86,0.436128369,0.9531934203682282,4472.383528367726
4500,836,292,14.0,18.8,7.76,54.5,6800,78,58.9,2210,13000,200,690,76.92,4692.0,4324.89,76.4,54.5,7.76,2.8,1.34,289.86,1.084882636,0.6941523958598524,3256.9630413744276
6000,836,292,14.0,18.8,7.76,54.5,6800,78,58.9,2210,13000,200,690,76.92,4692.0,2542.2,101.87,54.5,7.76,2.8,1.34,289.86,1.845649035,0.5033310928719729,2361.629487755297
8000,836,292,14.0,18.8,7.76,54.5,6800,78,58.9,2210,13000,200,690,76.92,4692.0,1533.34,135.82,54.5,7.76,2.8,1.34,289.86,3.059991637,0.2960969198381857,1389.2867478807673
9000,836,292,14.0,18.8,7.76,54.5,6800,78,58.9,2210,13000,200,690,76.92,4692.0,1258.52,152.8,54.5,7.76,2.8,1.34,289.86,3.72817803,0.2511430625197367,1178.3632493426048
10000,836,292,14.0,18.8,7.76,54.5,6800,78,58.9,2210,13000,200,690,76.92,4692.0,1060.33,169.78,54.5,7.76,2.8,1.34,289.86,4.425018004,0.21021058954516803,986.3080861459284
4500,843,396,34.5,62.1,3.19,19.7,23800,645,93.2,72000,98300,200,690,76.92,16422.0,40391.35,48.28,19.7,3.19,1.97,1.8,289.86,0.4065722197,0.9849413016844027,16174.706056261262
4500,843,396,34.5,62.1,3.19,19.7,23800,645,93.2,72000,98300,200,690,76.92,16422.0,40391.35,48.28,19.7,3.19,1.97,1.8,289.86,0.4065722197,0.9849413016844027,16174.706056261262
6000,843,396,34.5,62.1,3.19,19.7,23800,645,93.2,72000,98300,200,690,76.92,16422.0,25753.95,64.38,19.7,3.19,1.97,1.8,289.86,0.6376497867,0.8700147693132433,14287.382541662082
8000,843,396,34.5,62.1,3.19,19.7,23800,645,93.2,72000,98300,200,690,76.92,16422.0,17105.07,85.84,19.7,3.19,1.97,1.8,289.86,0.9600660552,0.7840235917693356,12875.23542403603
9000,843,396,34.5,62.1,3.19,19.7,23800,645,93.2,72000,98300,200,690,76.92,16422.0,14629.19,96.57,19.7,3.19,1.97,1.8,289.86,1.122550414,0.662688442378865,10882.669600745721
12000,843,396,34.5,62.1,3.19,19.7,23800,645,93.2,72000,98300,200,690,76.92,16422.0,10221.57,128.76,19.7,3.19,1.97,1.8,289.86,1.606602887,0.5358055440478491,8798.998644353778
4300,833,394,31.5,57.1,3.45,21.6,21600,579,92.5,55800,87000,200,690,76.92,14904.0,37954.22,46.49,21.6,3.45,1.97,1.81,289.86,0.3926836295,1.009263087460022,15042.057055504167
4500,833,394,31.5,57.1,3.45,21.6,21600,579,92.5,55800,87000,200,690,76.92,14904.0,35172.94,48.65,21.6,3.45,1.97,1.81,289.86,0.4237348643,0.9840572464767333,14666.389201489234
6000,833,394,31.5,57.1,3.45,21.6,21600,579,92.5,55800,87000,200,690,76.92,14904.0,22220.43,64.86,21.6,3.45,1.97,1.81,289.86,0.6707339561,0.8720296351997688,12996.729683017355
8000,833,394,31.5,57.1,3.45,21.6,21600,579,92.5,55800,87000,200,690,76.92,14904.0,14621.03,86.49,21.6,3.45,1.97,1.81,289.86,1.019353906,0.7595941940754297,11320.991868500205
9000,833,394,31.5,57.1,3.45,21.6,21600,579,92.5,55800,87000,200,690,76.92,14904.0,12460.81,97.3,21.6,3.45,1.97,1.81,289.86,1.196070358,0.6475608845345509,9651.247423102946
12000,833,394,31.5,57.1,3.45,21.6,21600,579,92.5,55800,87000,200,690,76.92,14904.0,8643.29,129.73,21.6,3.45,1.97,1.81,289.86,1.724342946,0.4966632760835407,7402.2694667490905
4300,823,391,29.0,52.1,3.75,23.4,19500,516,91.4,42900,77100,200,690,76.92,13455.0,33016.11,47.05,23.4,3.75,1.97,1.8,289.86,0.4075283622,0.9894811294636785,13313.468596933793
4500,823,391,29.0,52.1,3.75,23.4,19500,516,91.4,42900,77100,200,690,76.92,13455.0,30554.41,49.23,23.4,3.75,1.97,1.8,289.86,0.4403619189,0.9462560421239566,12731.875046777837
6000,823,391,29.0,52.1,3.75,23.4,19500,516,91.4,42900,77100,200,690,76.92,13455.0,19117.72,65.65,23.4,3.75,1.97,1.8,289.86,0.70379719,0.8557419856245964,11514.008416578945
8000,823,391,29.0,52.1,3.75,23.4,19500,516,91.4,42900,77100,200,690,76.92,13455.0,12452.84,87.53,23.4,3.75,1.97,1.8,289.86,1.080476065,0.736580281370564,9910.687685840938
9000,823,391,29.0,52.1,3.75,23.4,19500,516,91.4,42900,77100,200,690,76.92,13455.0,10571.53,98.47,23.4,3.75,1.97,1.8,289.86,1.272758119,0.6205455699594424,8349.440643804299
12000,823,391,29.0,52.1,3.75,23.4,19500,516,91.4,42900,77100,200,690,76.92,13455.0,7272.24,131.29,23.4,3.75,1.97,1.8,289.86,1.850185877,0.4698850749225693,6322.30368308317
4300,813,389,25.9,47.2,4.12,26.2,17400,458,90.9,31300,67100,200,690,76.92,12006.0,28338.81,47.3,26.2,4.12,1.97,1.82,289.86,0.4236593573,0.9816300215656678,11785.450038917408
4500,813,389,25.9,47.2,4.12,26.2,17400,458,90.9,31300,67100,200,690,76.92,12006.0,26183.74,49.5,26.2,4.12,1.97,1.82,289.86,0.4585287634,0.9473461438931138,11373.837803580724
6000,813,389,25.9,47.2,4.12,26.2,17400,458,90.9,31300,67100,200,690,76.92,12006.0,16196.31,66.01,26.2,4.12,1.97,1.82,289.86,0.7412801055,0.848908066951886,10191.990251824343
8000,813,389,25.9,47.2,4.12,26.2,17400,458,90.9,31300,67100,200,690,76.92,12006.0,10418.01,88.01,26.2,4.12,1.97,1.82,289.86,1.152427138,0.737548908294812,8855.012192987513
9000,813,389,25.9,47.2,4.12,26.2,17400,458,90.9,31300,67100,200,690,76.92,12006.0,8799.81,99.01,26.2,4.12,1.97,1.82,289.86,1.364348023,0.6220748315296926,7468.630427345489
12000,813,389,25.9,47.2,4.12,26.2,17400,458,90.9,31300,67100,200,690,76.92,12006.0,5987.52,132.01,26.2,4.12,1.97,1.82,289.86,2.005170728,0.40829842363547947,4902.030874167566
4000,803,386,23.6,42.0,4.59,28.7,15500,399,89.7,22500,57700,200,690,76.92,10695.0,27341.16,44.59,28.7,4.59,1.97,1.78,289.86,0.3911684355,1.0180255051906877,10887.782778014405
4500,803,386,23.6,42.0,4.59,28.7,15500,399,89.7,22500,57700,200,690,76.92,10695.0,22156.95,50.17,28.7,4.59,1.97,1.78,289.86,0.4826928961,0.9424309865004274,10079.299400622072
6000,803,386,23.6,42.0,4.59,28.7,15500,399,89.7,22500,57700,200,690,76.92,10695.0,13555.9,66.89,28.7,4.59,1.97,1.78,289.86,0.7889553841,0.8188946450248167,8758.078228540415
8000,803,386,23.6,42.0,4.59,28.7,15500,399,89.7,22500,57700,200,690,76.92,10695.0,8610.16,89.19,28.7,4.59,1.97,1.78,289.86,1.24213679,0.6746789502508473,7215.691372932813
9000,803,386,23.6,42.0,4.59,28.7,15500,399,89.7,22500,57700,200,690,76.92,10695.0,7234.87,100.33,28.7,4.59,1.97,1.78,289.86,1.478257314,0.5450102532763044,5828.884658790075
12000,803,386,23.6,42.0,4.59,28.7,15500,399,89.7,22500,57700,200,690,76.92,10695.0,4865.08,133.78,28.7,4.59,1.97,1.78,289.86,2.198318717,0.36339034229556233,3886.4597108510393
4000,795,384,21.1,38.2,5.02,32.2,13900,356,89.2,16800,51000,200,690,76.92,9591.0,23908.78,44.84,32.2,5.02,1.97,1.81,289.86,0.4011497528,1.021291792310487,9795.209580049881
4500,795,384,21.1,38.2,5.02,32.2,13900,356,89.2,16800,51000,200,690,76.92,9591.0,19313.67,50.45,32.2,5.02,1.97,1.81,289.86,0.4965913977,0.945912027176361,9072.242252648479
6000,795,384,21.1,38.2,5.02,32.2,13900,356,89.2,16800,51000,200,690,76.92,9591.0,11703.18,67.26,32.2,5.02,1.97,1.81,289.86,0.8195206029,0.8171991508885683,7837.757056172259
8000,795,384,21.1,38.2,5.02,32.2,13900,356,89.2,16800,51000,200,690,76.92,9591.0,7347.78,89.69,32.2,5.02,1.97,1.81,289.86,1.305292723,0.6724824940585741,6449.779600515784
9000,795,384,21.1,38.2,5.02,32.2,13900,356,89.2,16800,51000,200,690,76.92,9591.0,6143.58,100.9,32.2,5.02,1.97,1.81,289.86,1.56114114,0.5383317906892957,5163.140204501035
12000,795,384,21.1,38.2,5.02,32.2,13900,356,89.2,16800,51000,200,690,76.92,9591.0,4083.77,134.53,32.2,5.02,1.97,1.81,289.86,2.348566377,0.3413302874664761,3273.698787090972
4000,785,384,19.7,33.4,5.74,34.5,12300,315,88.6,11800,44600,200,690,76.92,8487.0,20675.8,45.15,34.5,5.74,1.96,1.7,289.86,0.4104799588,1.0245654559795956,8695.487024898828
4500,785,384,19.7,33.4,5.74,34.5,12300,315,88.6,11800,44600,200,690,76.92,8487.0,16640.83,50.79,34.5,5.74,1.96,1.7,289.86,0.510010501,0.9579093691165972,8129.77681569256
6000,785,384,19.7,33.4,5.74,34.5,12300,315,88.6,11800,44600,200,690,76.92,8487.0,9969.4,67.72,34.5,5.74,1.96,1.7,289.86,0.8513047431,0.8205417907133786,6963.938177784445
8000,785,384,19.7,33.4,5.74,34.5,12300,315,88.6,11800,44600,200,690,76.92,8487.0,6169.95,90.29,34.5,5.74,1.96,1.7,289.86,1.37553813,0.6454459253505436,5477.899568450063
9000,785,384,19.7,33.4,5.74,34.5,12300,315,88.6,11800,44600,200,690,76.92,8487.0,5125.96,101.58,34.5,5.74,1.96,1.7,289.86,1.655691261,0.5377056757922183,4563.508070448556
12000,785,384,19.7,33.4,5.74,34.5,12300,315,88.6,11800,44600,200,690,76.92,8487.0,3355.05,135.44,34.5,5.74,1.96,1.7,289.86,2.529619455,0.3399309884468559,2884.9942989484657
4000,780,381,18.0,30.0,6.35,37.7,11100,280,87.9,8740,39200,200,690,76.92,7659.0,18070.51,45.51,37.7,6.35,1.97,1.67,289.86,0.4238397561,1.000288779756057,7661.21176415164
4500,780,381,18.0,30.0,6.35,37.7,11100,280,87.9,8740,39200,200,690,76.92,7659.0,14507.53,51.19,37.7,6.35,1.97,1.67,289.86,0.5279327443,0.9530140165627411,7299.134352854034
6000,780,381,18.0,30.0,6.35,37.7,11100,280,87.9,8740,39200,200,690,76.92,7659.0,8622.24,68.26,37.7,6.35,1.97,1.67,289.86,0.8882839956,0.8011306020989893,6135.85928147616
8000,780,381,18.0,30.0,6.35,37.7,11100,280,87.9,8740,39200,200,690,76.92,7659.0,5280.32,91.01,37.7,6.35,1.97,1.67,289.86,1.450481612,0.5924001482846124,4537.192735711847
9000,780,381,18.0,30.0,6.35,37.7,11100,280,87.9,8740,39200,200,690,76.92,7659.0,4365.63,102.39,37.7,6.35,1.97,1.67,289.86,1.75438763,0.5220621207824291,3998.4737830726244
12000,780,381,18.0,30.0,6.35,37.7,11100,280,87.9,8740,39200,200,690,76.92,7659.0,2822.71,136.52,37.7,6.35,1.97,1.67,289.86,2.713352986,0.3088053752069583,2365.1403687100933
3800,772,381,16.6,27.1,7.04,40.8,9950,249,86.9,6490,34600,200,690,76.92,6865.5,17476.84,43.73,40.8,7.04,1.96,1.63,289.86,0.3928341758,1.0133332289951007,6957.039283665864
4500,772,381,16.6,27.1,7.04,40.8,9950,249,86.9,6490,34600,200,690,76.92,6865.5,12699.61,51.78,40.8,7.04,1.96,1.63,289.86,0.5406071728,0.9165607716832405,6292.647977991287
6000,772,381,16.6,27.1,7.04,40.8,9950,249,86.9,6490,34600,200,690,76.92,6865.5,7493.16,69.04,40.8,7.04,1.96,1.63,289.86,0.9162356569,0.7756698302423687,5325.3612195289825
8000,772,381,16.6,27.1,7.04,40.8,9950,249,86.9,6490,34600,200,690,76.92,6865.5,4543.56,92.06,40.8,7.04,1.96,1.63,289.86,1.511039456,0.5306440710843506,3643.1368700296093
9000,772,381,16.6,27.1,7.04,40.8,9950,249,86.9,6490,34600,200,690,76.92,6865.5,3738.85,103.57,40.8,7.04,1.96,1.63,289.86,1.836260572,0.4902092969770816,3365.531928396154
12000,772,381,16.6,27.1,7.04,40.8,9950,249,86.9,6490,34600,200,690,76.92,6865.5,2387.97,138.09,40.8,7.04,1.96,1.63,289.86,2.875038124,0.298043439604871,2046.2172346072418
2500,780,267,16.5,30.1,4.44,41.6,8190,95,57.9,6040,13300,200,690,76.92,5651.1,15457.72,43.18,41.6,4.44,2.81,1.82,289.86,0.3655843842,0.997549870630225,5637.254073918465
4500,780,267,16.5,30.1,4.44,41.6,8190,95,57.9,6040,13300,200,690,76.92,5651.1,5276.3,77.72,41.6,4.44,2.81,1.82,289.86,1.071035135,0.7033192401225277,3974.5273578564165
6000,780,267,16.5,30.1,4.44,41.6,8190,95,57.9,6040,13300,200,690,76.92,5651.1,3258.22,103.63,41.6,4.44,2.81,1.82,289.86,1.734411363,0.5002959079105467,2827.2222051932904
8000,780,267,16.5,30.1,4.44,41.6,8190,95,57.9,6040,13300,200,690,76.92,5651.1,2091.81,138.17,41.6,4.44,2.81,1.82,289.86,2.701530423,0.29847430085460985,1686.7081215594858
9000,780,267,16.5,30.1,4.44,41.6,8190,95,57.9,6040,13300,200,690,76.92,5651.1,1765.53,155.44,41.6,4.44,2.81,1.82,289.86,3.200798106,0.26606777942076704,1503.5756282846967
12000,780,267,16.5,30.1,4.44,41.6,8190,95,57.9,6040,13300,200,690,76.92,5651.1,1199.22,207.25,41.6,4.44,2.81,1.82,289.86,4.71229626,0.20340575915734257,1149.4662855740587
2500,770,267,15.6,25.3,5.27,43.9,7160,82,57.2,4050,11300,200,690,76.92,4940.4,13100.28,43.71,43.9,5.27,2.79,1.62,289.86,0.3771215785,1.0008675610086457,4944.686098407113
4500,770,267,15.6,25.3,5.27,43.9,7160,82,57.2,4050,11300,200,690,76.92,4940.4,4391.85,78.67,43.9,5.27,2.79,1.62,289.86,1.124903082,0.6942785640462111,3430.0138178139014
6000,770,267,15.6,25.3,5.27,43.9,7160,82,57.2,4050,11300,200,690,76.92,4940.4,2673.85,104.9,43.9,5.27,2.79,1.62,289.86,1.847673365,0.5091504285354533,2515.4067771365535
8000,770,267,15.6,25.3,5.27,43.9,7160,82,57.2,4050,11300,200,690,76.92,4940.4,1688.43,139.86,43.9,5.27,2.79,1.62,289.86,2.926024565,0.2927139012169303,1446.1237575721225
9000,770,267,15.6,25.3,5.27,43.9,7160,82,57.2,4050,11300,200,690,76.92,4940.4,1415.23,157.34,43.9,5.27,2.79,1.62,289.86,3.490881968,0.2513871224570205,1241.952939786664
12000,770,267,15.6,25.3,5.27,43.9,7160,82,57.2,4050,11300,200,690,76.92,4940.4,946.23,209.79,43.9,5.27,2.79,1.62,289.86,5.22113033,0.19009230764238627,939.1320366764451
2500,767,267,14.9,23.6,5.65,46.2,6690,75,56.6,3330,10400,200,690,76.92,4616.1,12021.09,44.17,46.2,5.65,2.78,1.59,289.86,0.3840002181,1.0425747256233817,4812.629190950092
4500,767,267,14.9,23.6,5.65,46.2,6690,75,56.6,3330,10400,200,690,76.92,4616.1,3999.55,79.51,46.2,5.65,2.78,1.59,289.86,1.154154514,0.7217485391428469,3331.6634315372958
6000,767,267,14.9,23.6,5.65,46.2,6690,75,56.6,3330,10400,200,690,76.92,4616.1,2419.8,106.01,46.2,5.65,2.78,1.59,289.86,1.907640569,0.48938888627983085,2259.0680379563273
8000,767,267,14.9,23.6,5.65,46.2,6690,75,56.6,3330,10400,200,690,76.92,4616.1,1516.36,141.34,46.2,5.65,2.78,1.59,289.86,3.044203446,0.28935112609455604,1335.6737331650802
9000,767,267,14.9,23.6,5.65,46.2,6690,75,56.6,3330,10400,200,690,76.92,4616.1,1266.79,159.01,46.2,5.65,2.78,1.59,289.86,3.643927554,0.22687766741947824,1047.2900005750535
12000,767,267,14.9,23.6,5.65,46.2,6690,75,56.6,3330,10400,200,690,76.92,4616.1,840.4,212.01,46.2,5.65,2.78,1.59,289.86,5.492755201,0.18501163156342884,854.032192459944
2500,762,267,14.4,21.6,6.17,47.8,6190,68,55.6,2680,9370,200,690,76.92,4271.1,10824.97,44.96,47.8,6.17,2.77,1.5,289.86,0.3945600617,1.045108185153359,4463.761569608512
4500,762,267,14.4,21.6,6.17,47.8,6190,68,55.6,2680,9370,200,690,76.92,4271.1,3576.44,80.94,47.8,6.17,2.77,1.5,289.86,1.194230646,0.7202274282877793,3076.1633689599344
6000,762,267,14.4,21.6,6.17,47.8,6190,68,55.6,2680,9370,200,690,76.92,4271.1,2151.0,107.91,47.8,6.17,2.77,1.5,289.86,1.985638267,0.4504753813276912,1924.025401188702
8000,762,267,14.4,21.6,6.17,47.8,6190,68,55.6,2680,9370,200,690,76.92,4271.1,1337.91,143.88,47.8,6.17,2.77,1.5,289.86,3.192375713,0.2811782500892731,1200.9404239562946
9000,762,267,14.4,21.6,6.17,47.8,6190,68,55.6,2680,9370,200,690,76.92,4271.1,1114.03,161.87,47.8,6.17,2.77,1.5,289.86,3.833908628,0.2226819450733018,951.0968556025794
12000,762,267,14.4,21.6,6.17,47.8,6190,68,55.6,2680,9370,200,690,76.92,4271.1,733.21,215.83,47.8,6.17,2.77,1.5,289.86,5.825226707,0.18520483404440294,791.0283666870495
2500,757,267,13.8,19.4,6.89,49.6,5670,61,54.6,2080,8300,200,690,76.92,3912.3,9573.68,45.79,49.6,6.89,2.76,1.4,289.86,0.4086514898,1.0078236472431004,3942.908455109182
4500,757,267,13.8,19.4,6.89,49.6,5670,61,54.6,2080,8300,200,690,76.92,3912.3,3139.45,82.42,49.6,6.89,2.76,1.4,289.86,1.246173879,0.7035307321459694,2752.423283374676
6000,757,267,13.8,19.4,6.89,49.6,5670,61,54.6,2080,8300,200,690,76.92,3912.3,1875.9,109.89,49.6,6.89,2.76,1.4,289.86,2.085553666,0.4287489437672525,1677.3944927006219
8000,757,267,13.8,19.4,6.89,49.6,5670,61,54.6,2080,8300,200,690,76.92,3912.3,1157.02,146.52,49.6,6.89,2.76,1.4,289.86,3.3813459,0.2589687144704845,1013.1633016228765
9000,757,267,13.8,19.4,6.89,49.6,5670,61,54.6,2080,8300,200,690,76.92,3912.3,959.76,164.84,49.6,6.89,2.76,1.4,289.86,4.076348937,0.21160445845859405,827.8601228275576
12000,757,267,13.8,19.4,6.89,49.6,5670,61,54.6,2080,8300,200,690,76.92,3912.3,625.76,219.78,49.6,6.89,2.76,1.4,289.86,6.252121665,0.18494252233308464,723.550630123727
2500,754,267,13.2,17.1,7.8,51.9,5110,53,53.3,1570,7200,200,690,76.92,3525.9,8317.44,46.9,51.9,7.8,2.76,1.3,289.86,0.4239165055,0.9782739090209062,3449.295975816813
4500,754,267,13.2,17.1,7.8,51.9,5110,53,53.3,1570,7200,200,690,76.92,3525.9,2708.23,84.43,51.9,7.8,2.76,1.3,289.86,1.301920452,0.6670771980075304,2352.0474924547516
6000,754,267,13.2,17.1,7.8,51.9,5110,53,53.3,1570,7200,200,690,76.92,3525.9,1608.0,112.57,51.9,7.8,2.76,1.3,289.86,2.192718328,0.4231032636270169,1491.819797222499
8000,754,267,13.2,17.1,7.8,51.9,5110,53,53.3,1570,7200,200,690,76.92,3525.9,983.45,150.09,51.9,7.8,2.76,1.3,289.86,3.585219489,0.2552660005069726,900.0423911875348
9000,754,267,13.2,17.1,7.8,51.9,5110,53,53.3,1570,7200,200,690,76.92,3525.9,812.59,168.86,51.9,7.8,2.76,1.3,289.86,4.339077684,0.21154142939470827,745.873925902802
12000,754,267,13.2,17.1,7.8,51.9,5110,53,53.3,1570,7200,200,690,76.92,3525.9,524.57,225.14,51.9,7.8,2.76,1.3,289.86,6.721513688,0.18186704663442643,641.2450197283242
2500,749,264,11.9,15.5,8.52,57.5,4640,48,53.1,1180,6440,200,690,76.92,3201.6,7427.02,47.08,57.5,8.52,2.78,1.3,289.86,0.4310748004,0.9625002720007211,3081.5408708375085
4500,749,264,11.9,15.5,8.52,57.5,4640,48,53.1,1180,6440,200,690,76.92,3201.6,2399.46,84.75,57.5,8.52,2.78,1.3,289.86,1.334298123,0.6570914905805171,2103.7441162425835
6000,749,264,11.9,15.5,8.52,57.5,4640,48,53.1,1180,6440,200,690,76.92,3201.6,1414.45,112.99,57.5,8.52,2.78,1.3,289.86,2.263491842,0.42204502055280246,1351.2193378018524
8000,749,264,11.9,15.5,8.52,57.5,4640,48,53.1,1180,6440,200,690,76.92,3201.6,856.57,150.66,57.5,8.52,2.78,1.3,289.86,3.737712531,0.253844796051452,812.7094990383287
9000,749,264,11.9,15.5,8.52,57.5,4640,48,53.1,1180,6440,200,690,76.92,3201.6,704.42,169.49,57.5,8.52,2.78,1.3,289.86,4.544999842,0.2097342554317104,671.485192190164
10000,749,264,11.9,15.5,8.52,57.5,4640,48,53.1,1180,6440,200,690,76.92,3201.6,594.6,188.32,57.5,8.52,2.78,1.3,289.86,5.384472392,0.17871949955541155,572.1883497766056
5500,826,389,50.0,90.5,2.15,12.1,31000,878,92.7,206000,119000,200,690,76.92,21390.0,48181.72,59.33,12.1,2.15,1.89,1.81,289.86,0.4439442885,0.9397889938362466,20102.086578157316
6000,826,389,50.0,90.5,2.15,12.1,31000,878,92.7,206000,119000,200,690,76.92,21390.0,42990.92,64.72,12.1,2.15,1.89,1.81,289.86,0.4975469034,0.9097509657008523,19459.57315634123
8000,826,389,50.0,90.5,2.15,12.1,31000,878,92.7,206000,119000,200,690,76.92,21390.0,30115.82,86.3,12.1,2.15,1.89,1.81,289.86,0.7102580114,0.8234454790584176,17613.498797059554
9000,826,389,50.0,90.5,2.15,12.1,31000,878,92.7,206000,119000,200,690,76.92,21390.0,26236.0,97.09,12.1,2.15,1.89,1.81,289.86,0.8152918429,0.7461625427672031,15960.416789790474
10000,826,389,50.0,90.5,2.15,12.1,31000,878,92.7,206000,119000,200,690,76.92,21390.0,23262.8,107.87,12.1,2.15,1.89,1.81,289.86,0.9194936944,0.7462932158786895,15963.211887645168
16000,826,389,50.0,90.5,2.15,12.1,31000,878,92.7,206000,119000,200,690,76.92,21390.0,13955.64,172.6,12.1,2.15,1.89,1.81,289.86,1.532713881,0.5655951721707173,12098.080732731643
4500,772,373,35.1,63.0,2.96,17.3,20300,545,88.4,70800,68500,200,690,76.92,14007.0,33245.67,50.9,17.3,2.96,1.9,1.8,289.86,0.4213179978,0.9673657732136359,13549.892385403398
6000,772,373,35.1,63.0,2.96,17.3,20300,545,88.4,70800,68500,200,690,76.92,14007.0,21723.4,67.87,17.3,2.96,1.9,1.8,289.86,0.6447886333,0.8616327333840377,12068.889696510216
8000,772,373,35.1,63.0,2.96,17.3,20300,545,88.4,70800,68500,200,690,76.92,14007.0,14766.38,90.5,17.3,2.96,1.9,1.8,289.86,0.9485736897,0.7525065075644977,10540.35865145592
9000,772,373,35.1,63.0,2.96,17.3,20300,545,88.4,70800,68500,200,690,76.92,14007.0,12734.87,101.81,17.3,2.96,1.9,1.8,289.86,1.099893305,0.6592865080706706,9234.626118545882
10000,772,373,35.1,63.0,2.96,17.3,20300,545,88.4,70800,68500,200,690,76.92,14007.0,11203.03,113.12,17.3,2.96,1.9,1.8,289.86,1.250286845,0.626392891037914,8773.88522476806
16000,772,373,35.1,63.0,2.96,17.3,20300,545,88.4,70800,68500,200,690,76.92,14007.0,6563.87,181.0,17.3,2.96,1.9,1.8,289.86,2.133953324,0.3868467974013722,5418.56309120102
4500,762,371,32.0,58.2,3.19,18.9,18500,491,87.6,54500,60700,200,690,76.92,12765.0,28815.38,51.37,18.9,3.19,1.9,1.82,289.86,0.4429926213,0.9644535177516892,12311.249154100313
6000,762,371,32.0,58.2,3.19,18.9,18500,491,87.6,54500,60700,200,690,76.92,12765.0,18640.27,68.49,18.9,3.19,1.9,1.82,289.86,0.6848077565,0.8607809053817387,10987.868257197893
8000,762,371,32.0,58.2,3.19,18.9,18500,491,87.6,54500,60700,200,690,76.92,12765.0,12554.05,91.32,18.9,3.19,1.9,1.82,289.86,1.016803229,0.7424867964190915,9477.843956289704
9000,762,371,32.0,58.2,3.19,18.9,18500,491,87.6,54500,60700,200,690,76.92,12765.0,10791.6,102.74,18.9,3.19,1.9,1.82,289.86,1.18286457,0.6577234994600305,8395.840470607289
10000,762,371,32.0,58.2,3.19,18.9,18500,491,87.6,54500,60700,200,690,76.92,12765.0,9468.73,114.16,18.9,3.19,1.9,1.82,289.86,1.348121516,0.614620358697047,7845.628878767805
16000,762,371,32.0,58.2,3.19,18.9,18500,491,87.6,54500,60700,200,690,76.92,12765.0,5502.59,182.65,18.9,3.19,1.9,1.82,289.86,2.319817598,0.37207939738705953,4749.5935076458145
4500,752,366,29.5,52.9,3.46,20.6,16900,437,86.6,42000,53400,200,690,76.92,11661.0,24833.4,51.96,20.6,3.46,1.91,1.79,289.86,0.4695692521,0.961650249095561,11213.803554703336
6000,752,366,29.5,52.9,3.46,20.6,16900,437,86.6,42000,53400,200,690,76.92,11661.0,15913.78,69.28,20.6,3.46,1.91,1.79,289.86,0.7327609366,0.8414124922344515,9811.711071945938
8000,752,366,29.5,52.9,3.46,20.6,16900,437,86.6,42000,53400,200,690,76.92,11661.0,10621.81,92.38,20.6,3.46,1.91,1.79,289.86,1.097835699,0.6838517549501387,7974.395314473568
9000,752,366,29.5,52.9,3.46,20.6,16900,437,86.6,42000,53400,200,690,76.92,11661.0,9100.92,103.93,20.6,3.46,1.91,1.79,289.86,1.281299385,0.6322378979257787,7372.5261277125055
10000,752,366,29.5,52.9,3.46,20.6,16900,437,86.6,42000,53400,200,690,76.92,11661.0,7964.26,115.47,20.6,3.46,1.91,1.79,289.86,1.464165568,0.5725140884897544,6676.086785879026
16000,752,366,29.5,52.9,3.46,20.6,16900,437,86.6,42000,53400,200,690,76.92,11661.0,4589.43,184.76,20.6,3.46,1.91,1.79,289.86,2.540838034,0.3294959310068263,3842.252051470601
4500,744,366,26.9,49.2,3.72,22.5,15300,397,86.1,33100,47800,200,690,76.92,10557.0,21875.35,52.26,22.5,3.72,1.9,1.83,289.86,0.4825978848,0.9540297447013165,10071.692014811799
6000,744,366,26.9,49.2,3.72,22.5,15300,397,86.1,33100,47800,200,690,76.92,10557.0,13893.27,69.69,22.5,3.72,1.9,1.83,289.86,0.7598644725,0.8378922364844287,8845.628340566114
8000,744,366,26.9,49.2,3.72,22.5,15300,397,86.1,33100,47800,200,690,76.92,10557.0,9191.34,92.92,22.5,3.72,1.9,1.83,289.86,1.148581097,0.6756638044783398,7132.982783877834
9000,744,366,26.9,49.2,3.72,22.5,15300,397,86.1,33100,47800,200,690,76.92,10557.0,7849.4,104.53,22.5,3.72,1.9,1.83,289.86,1.344943884,0.6258053777896514,6606.62737332535
10000,744,366,26.9,49.2,3.72,22.5,15300,397,86.1,33100,47800,200,690,76.92,10557.0,6850.56,116.14,22.5,3.72,1.9,1.83,289.86,1.541042124,0.5582141263023498,5893.066531373906
16000,744,366,26.9,49.2,3.72,22.5,15300,397,86.1,33100,47800,200,690,76.92,10557.0,3913.01,185.83,22.5,3.72,1.9,1.83,289.86,2.697921939,0.3092095595388159,3264.3253200512795
4300,737,363,24.9,45.0,4.03,24.4,14000,358,85.3,25600,42700,200,690,76.92,9660.0,20691.48,50.41,24.4,4.03,1.91,1.81,289.86,0.4668587454,0.9532121736069017,9208.02959704267
6000,737,363,24.9,45.0,4.03,24.4,14000,358,85.3,25600,42700,200,690,76.92,9660.0,12050.16,70.34,24.4,4.03,1.91,1.81,289.86,0.8016490549,0.8228682229360638,7948.907033562376
8000,737,363,24.9,45.0,4.03,24.4,14000,358,85.3,25600,42700,200,690,76.92,9660.0,7891.08,93.79,24.4,4.03,1.91,1.81,289.86,1.224166843,0.6670431455224133,6443.636785746512
9000,737,363,24.9,45.0,4.03,24.4,14000,358,85.3,25600,42700,200,690,76.92,9660.0,6712.83,105.51,24.4,4.03,1.91,1.81,289.86,1.439035445,0.6172070929285114,5962.22051768942
10000,737,363,24.9,45.0,4.03,24.4,14000,358,85.3,25600,42700,200,690,76.92,9660.0,5839.75,117.23,24.4,4.03,1.91,1.81,289.86,1.654181403,0.5290880086559121,5110.990163616111
16000,737,363,24.9,45.0,4.03,24.4,14000,358,85.3,25600,42700,200,690,76.92,9660.0,3299.73,187.57,24.4,4.03,1.91,1.81,289.86,2.927510179,0.3081969216314133,2977.1822629594526
4000,729,361,23.1,40.9,4.41,26.2,12700,320,84.6,19600,37900,200,690,76.92,8763.0,20467.61,47.28,26.2,4.41,1.91,1.77,289.86,0.428139781,0.9770862097643987,8562.206456165426
6000,729,361,23.1,40.9,4.41,26.2,12700,320,84.6,19600,37900,200,690,76.92,8763.0,10390.92,70.92,26.2,4.41,1.91,1.77,289.86,0.8433323008,0.8197459386046257,7183.433659992335
8000,729,361,23.1,40.9,4.41,26.2,12700,320,84.6,19600,37900,200,690,76.92,8763.0,6733.12,94.56,26.2,4.41,1.91,1.77,289.86,1.301477111,0.6569416068228267,5756.77930058843
9000,729,361,23.1,40.9,4.41,26.2,12700,320,84.6,19600,37900,200,690,76.92,8763.0,5704.12,106.38,26.2,4.41,1.91,1.77,289.86,1.536258062,0.60031061678726,5260.52193490676
10000,729,361,23.1,40.9,4.41,26.2,12700,320,84.6,19600,37900,200,690,76.92,8763.0,4944.97,118.2,26.2,4.41,1.91,1.77,289.86,1.772104004,0.5158549652598147,4520.437060571756
16000,729,361,23.1,40.9,4.41,26.2,12700,320,84.6,19600,37900,200,690,76.92,8763.0,2760.7,189.13,26.2,4.41,1.91,1.77,289.86,3.174192337,0.2937964135041266,2574.5379715366616
4000,721,358,21.1,38.0,4.71,28.7,11700,293,84.3,15700,34400,200,690,76.92,8073.0,18389.7,47.45,28.7,4.71,1.91,1.8,289.86,0.4389957195,0.9728952276066096,7854.18317246816
6000,721,358,21.1,38.0,4.71,28.7,11700,293,84.3,15700,34400,200,690,76.92,8073.0,9235.75,71.17,28.7,4.71,1.91,1.8,289.86,0.874103024,0.8057539233874537,6504.851423506913
8000,721,358,21.1,38.0,4.71,28.7,11700,293,84.3,15700,34400,200,690,76.92,8073.0,5931.54,94.9,28.7,4.71,1.91,1.8,289.86,1.361028912,0.5761141360478045,4650.969420313925
9000,721,358,21.1,38.0,4.71,28.7,11700,293,84.3,15700,34400,200,690,76.92,8073.0,5007.05,106.76,28.7,4.71,1.91,1.8,289.86,1.612327635,0.518290282543132,4184.157450970705
10000,721,358,21.1,38.0,4.71,28.7,11700,293,84.3,15700,34400,200,690,76.92,8073.0,4327.38,118.62,28.7,4.71,1.91,1.8,289.86,1.865562241,0.443689409852423,3581.904605738611
16000,721,358,21.1,38.0,4.71,28.7,11700,293,84.3,15700,34400,200,690,76.92,8073.0,2389.7,189.8,28.7,4.71,1.91,1.8,289.86,3.378248075,0.2539749233764097,2050.3395564177554
4000,714,356,19.1,34.0,5.24,31.8,10300,258,83.6,11300,29800,200,690,76.92,7107.0,15757.46,47.85,31.8,5.24,1.91,1.78,289.86,0.4510244154,0.9685416125846112,6883.425240638832
6000,714,356,19.1,34.0,5.24,31.8,10300,258,83.6,11300,29800,200,690,76.92,7107.0,7795.5,71.77,31.8,5.24,1.91,1.78,289.86,0.9116795512,0.7977413441219642,5669.5477326748
8000,714,356,19.1,34.0,5.24,31.8,10300,258,83.6,11300,29800,200,690,76.92,7107.0,4941.77,95.69,31.8,5.24,1.91,1.78,289.86,1.438149327,0.5724115120116438,4068.128615866752
9000,714,356,19.1,34.0,5.24,31.8,10300,258,83.6,11300,29800,200,690,76.92,7107.0,4149.02,107.66,31.8,5.24,1.91,1.78,289.86,1.712936513,0.4927294046460957,3501.827878819802
10000,714,356,19.1,34.0,5.24,31.8,10300,258,83.6,11300,29800,200,690,76.92,7107.0,3568.99,119.62,31.8,5.24,1.91,1.78,289.86,1.991318228,0.41396981107855796,2942.0834473353116
16000,714,356,19.1,34.0,5.24,31.8,10300,258,83.6,11300,29800,200,690,76.92,7107.0,1936.99,191.39,31.8,5.24,1.91,1.78,289.86,3.669093031,0.24552871111643418,1744.9725499044978
4000,706,358,18.4,30.2,5.92,32.9,9340,231,82.6,8370,26400,200,690,76.92,6444.6,13812.16,48.43,32.9,5.92,1.89,1.64,289.86,0.4665887121,0.9668474757006238,6230.94524190024
6000,706,358,18.4,30.2,5.92,32.9,9340,231,82.6,8370,26400,200,690,76.92,6444.6,6742.33,72.64,32.9,5.92,1.89,1.64,289.86,0.9558418095,0.7984422197654446,5145.640729500385
8000,706,358,18.4,30.2,5.92,32.9,9340,231,82.6,8370,26400,200,690,76.92,6444.6,4222.27,96.85,32.9,5.92,1.89,1.64,289.86,1.526336431,0.5396514956577828,3477.8380289161473
9000,706,358,18.4,30.2,5.92,32.9,9340,231,82.6,8370,26400,200,690,76.92,6444.6,3526.34,108.96,32.9,5.92,1.89,1.64,289.86,1.827561896,0.4926443558161135,3174.8958154925253
10000,706,358,18.4,30.2,5.92,32.9,9340,231,82.6,8370,26400,200,690,76.92,6444.6,3019.25,121.07,32.9,5.92,1.89,1.64,289.86,2.134502157,0.38549905865043227,2484.3872333785757
16000,706,358,18.4,30.2,5.92,32.9,9340,231,82.6,8370,26400,200,690,76.92,6444.6,1609.42,193.7,32.9,5.92,1.89,1.64,289.86,4.004299711,0.23940406016513854,1542.863406140252
3700,701,356,16.8,27.4,6.49,36.1,8440,207,82.0,6290,23400,200,690,76.92,5823.6,14057.0,45.12,36.1,6.49,1.89,1.63,289.86,0.4142846544,1.0233532398057792,5959.599927332936
6000,701,356,16.8,27.4,6.49,36.1,8440,207,82.0,6290,23400,200,690,76.92,5823.6,5866.47,73.17,36.1,6.49,1.89,1.63,289.86,0.9926916266,0.7704118691401323,4486.570561124475
8000,701,356,16.8,27.4,6.49,36.1,8440,207,82.0,6290,23400,200,690,76.92,5823.6,3634.36,97.56,36.1,6.49,1.89,1.63,289.86,1.602374302,0.5250473079617332,3057.6655026459493
9000,701,356,16.8,27.4,6.49,36.1,8440,207,82.0,6290,23400,200,690,76.92,5823.6,3020.78,109.76,36.1,6.49,1.89,1.63,289.86,1.927845845,0.43806193845107155,2551.0975047636603
10000,701,356,16.8,27.4,6.49,36.1,8440,207,82.0,6290,23400,200,690,76.92,5823.6,2575.19,121.95,36.1,6.49,1.89,1.63,289.86,2.261423871,0.36814127363603666,2143.907521146823
16000,701,356,16.8,27.4,6.49,36.1,8440,207,82.0,6290,23400,200,690,76.92,5823.6,1348.89,195.12,36.1,6.49,1.89,1.63,289.86,4.317327375,0.20803379222694426,1211.5055924128326
4000,696,356,15.4,24.9,7.16,39.4,7600,184,81.3,4700,20700,200,690,76.92,5244.0,10656.84,49.2,39.4,7.16,1.89,1.61,289.86,0.4920782499,0.8957873745956706,4697.508992379697
6000,696,356,15.4,24.9,7.16,39.4,7600,184,81.3,4700,20700,200,690,76.92,5244.0,5090.26,73.8,39.4,7.16,1.89,1.61,289.86,1.030202204,0.742073173145136,3891.431719973093
8000,696,356,15.4,24.9,7.16,39.4,7600,184,81.3,4700,20700,200,690,76.92,5244.0,3120.7,98.4,39.4,7.16,1.89,1.61,289.86,1.680391971,0.49099074683291377,2574.7554763917997
9000,696,356,15.4,24.9,7.16,39.4,7600,184,81.3,4700,20700,200,690,76.92,5244.0,2581.42,110.7,39.4,7.16,1.89,1.61,289.86,2.031436941,0.41968429215559017,2200.8244280639146
10000,696,356,15.4,24.9,7.16,39.4,7600,184,81.3,4700,20700,200,690,76.92,5244.0,2190.95,123.0,39.4,7.16,1.89,1.61,289.86,2.393487628,0.35467575833759063,1859.9196767223252
16000,696,356,15.4,24.9,7.16,39.4,7600,184,81.3,4700,20700,200,690,76.92,5244.0,1126.44,196.8,39.4,7.16,1.89,1.61,289.86,4.655384194,0.1912294821493247,1002.8074043910588
2600,701,254,15.5,27.9,4.55,39.7,6470,77,56.1,4620,8730,200,690,76.92,4464.3,10558.89,46.35,39.7,4.55,2.65,1.8,289.86,0.4228001674,0.9734874500924784,4345.940023447852
6000,701,254,15.5,27.9,4.55,39.7,6470,77,56.1,4620,8730,200,690,76.92,4464.3,2451.88,106.95,39.7,4.55,2.65,1.8,289.86,1.820764234,0.49270339305881095,2199.57575763245
8000,701,254,15.5,27.9,4.55,39.7,6470,77,56.1,4620,8730,200,690,76.92,4464.3,1591.39,142.6,39.7,4.55,2.65,1.8,289.86,2.805282106,0.2911897383594248,1299.9583489579802
9000,701,254,15.5,27.9,4.55,39.7,6470,77,56.1,4620,8730,200,690,76.92,4464.3,1349.07,160.43,39.7,4.55,2.65,1.8,289.86,3.30917926,0.2400646357151807,1071.7205532232813
10000,701,254,15.5,27.9,4.55,39.7,6470,77,56.1,4620,8730,200,690,76.92,4464.3,1170.17,178.25,39.7,4.55,2.65,1.8,289.86,3.815088983,0.21608873194242725,964.684926010578
12000,701,254,15.5,27.9,4.55,39.7,6470,77,56.1,4620,8730,200,690,76.92,4464.3,925.21,213.9,39.7,4.55,2.65,1.8,289.86,4.825157596,0.20327416614081953,907.4768599024607
2500,693,257,14.5,23.8,5.41,42.5,5620,66,55.4,3050,7410,200,690,76.92,3877.8,9611.85,45.13,42.5,5.41,2.6,1.64,289.86,0.4034395501,1.0002650391136112,3878.8277686747615
6000,693,257,14.5,23.8,5.41,42.5,5620,66,55.4,3050,7410,200,690,76.92,3877.8,1998.09,108.3,42.5,5.41,2.6,1.64,289.86,1.940751469,0.4465929776330919,1731.798248665604
8000,693,257,14.5,23.8,5.41,42.5,5620,66,55.4,3050,7410,200,690,76.92,3877.8,1273.92,144.4,42.5,5.41,2.6,1.64,289.86,3.043995022,0.29422963485295434,1140.9636780327864
9000,693,257,14.5,23.8,5.41,42.5,5620,66,55.4,3050,7410,200,690,76.92,3877.8,1072.13,162.45,42.5,5.41,2.6,1.64,289.86,3.616899987,0.237802282644312,922.1496916381132
10000,693,257,14.5,23.8,5.41,42.5,5620,66,55.4,3050,7410,200,690,76.92,3877.8,924.19,180.51,42.5,5.41,2.6,1.64,289.86,4.195880297,0.19771904393772424,766.714908581707
12000,693,257,14.5,23.8,5.41,42.5,5620,66,55.4,3050,7410,200,690,76.92,3877.8,723.57,216.61,42.5,5.41,2.6,1.64,289.86,5.359295856,0.19792771744143464,767.5241026943953
2600,688,254,13.1,21.1,6.03,47.1,5000,58,54.6,2200,6440,200,690,76.92,3450.0,7711.71,47.62,47.1,6.03,2.63,1.61,289.86,0.4473718643,0.9858320141132334,3401.1204486906554
6000,688,254,13.1,21.1,6.03,47.1,5000,58,54.6,2200,6440,200,690,76.92,3450.0,1686.96,109.89,47.1,6.03,2.63,1.61,289.86,2.045103013,0.43195035180776536,1490.2287137367905
8000,688,254,13.1,21.1,6.03,47.1,5000,58,54.6,2200,6440,200,690,76.92,3450.0,1061.76,146.52,47.1,6.03,2.63,1.61,289.86,3.249322507,0.261482311263584,902.1139738593648
9000,688,254,13.1,21.1,6.03,47.1,5000,58,54.6,2200,6440,200,690,76.92,3450.0,888.7,164.84,47.1,6.03,2.63,1.61,289.86,3.882065594,0.22332323078450148,770.4651462065301
10000,688,254,13.1,21.1,6.03,47.1,5000,58,54.6,2200,6440,200,690,76.92,3450.0,762.4,183.15,47.1,6.03,2.63,1.61,289.86,4.525210609,0.18514910829273265,638.7644236099277
12000,688,254,13.1,21.1,6.03,47.1,5000,58,54.6,2200,6440,200,690,76.92,3450.0,592.23,219.78,47.1,6.03,2.63,1.61,289.86,5.825422242,0.18910477041905147,652.4114579457275
2500,683,254,12.4,19.0,6.7,49.5,4560,52,53.8,1680,5720,200,690,76.92,3146.4,7357.82,46.47,49.5,6.7,2.61,1.53,289.86,0.4276267374,1.0137683353461067,3189.72069033299
6000,683,254,12.4,19.0,6.7,49.5,4560,52,53.8,1680,5720,200,690,76.92,3146.4,1466.38,111.52,49.5,6.7,2.61,1.53,289.86,2.145689218,0.43093322845940174,1355.8883100246617
8000,683,254,12.4,19.0,6.7,49.5,4560,52,53.8,1680,5720,200,690,76.92,3146.4,913.66,148.7,49.5,6.7,2.61,1.53,289.86,3.443730354,0.2608372027563787,820.6981747526701
9000,683,254,12.4,19.0,6.7,49.5,4560,52,53.8,1680,5720,200,690,76.92,3146.4,761.36,167.29,49.5,6.7,2.61,1.53,289.86,4.132584281,0.2153958553376458,677.7215192343688
10000,683,254,12.4,19.0,6.7,49.5,4560,52,53.8,1680,5720,200,690,76.92,3146.4,650.57,185.87,49.5,6.7,2.61,1.53,289.86,4.836364403,0.18478899333468746,581.4200886282606
12000,683,254,12.4,19.0,6.7,49.5,4560,52,53.8,1680,5720,200,690,76.92,3146.4,502.04,223.05,49.5,6.7,2.61,1.53,289.86,6.267264049,0.18669279545455403,587.4102116182088
2600,678,254,11.7,16.3,7.78,52.7,4000,44,52.6,1170,4810,200,690,76.92,2760.0,5746.92,49.43,52.7,7.78,2.61,1.4,289.86,0.4802573747,0.9179504291851759,2533.5431845510852
6000,678,254,11.7,16.3,7.78,52.7,4000,44,52.6,1170,4810,200,690,76.92,2760.0,1211.56,114.07,52.7,7.78,2.61,1.4,289.86,2.278045462,0.4204222479623414,1160.3654043760623
8000,678,254,11.7,16.3,7.78,52.7,4000,44,52.6,1170,4810,200,690,76.92,2760.0,745.89,152.09,52.7,7.78,2.61,1.4,289.86,3.700258908,0.2542412229195399,701.7057752579301
9000,678,254,11.7,16.3,7.78,52.7,4000,44,52.6,1170,4810,200,690,76.92,2760.0,618.2,171.1,52.7,7.78,2.61,1.4,289.86,4.464595085,0.1923932439719036,531.005353362454
10000,678,254,11.7,16.3,7.78,52.7,4000,44,52.6,1170,4810,200,690,76.92,2760.0,525.63,190.11,52.7,7.78,2.61,1.4,289.86,5.250855767,0.179959929853879,496.6894063967061
12000,678,254,11.7,16.3,7.78,52.7,4000,44,52.6,1170,4810,200,690,76.92,2760.0,402.2,228.14,52.7,7.78,2.61,1.4,289.86,6.862184634,0.18299165545839946,505.0569690651825
5000,711,348,38.6,69.3,2.51,14.2,18500,483,83.1,83700,49900,200,690,76.92,12765.0,26061.92,60.17,14.2,2.51,1.84,1.8,289.86,0.4897949792,0.9388448547893966,11984.354571386648
6000,711,348,38.6,69.3,2.51,14.2,18500,483,83.1,83700,49900,200,690,76.92,12765.0,20419.82,72.2,14.2,2.51,1.84,1.8,289.86,0.6251280462,0.878841320275461,11218.40945331626
8000,711,348,38.6,69.3,2.51,14.2,18500,483,83.1,83700,49900,200,690,76.92,12765.0,14280.86,96.27,14.2,2.51,1.84,1.8,289.86,0.8938535631,0.7505815038899262,9581.172897154907
9000,711,348,38.6,69.3,2.51,14.2,18500,483,83.1,83700,49900,200,690,76.92,12765.0,12434.45,108.3,14.2,2.51,1.84,1.8,289.86,1.026583238,0.7093115239963523,9054.361603813437
12000,711,348,38.6,69.3,2.51,14.2,18500,483,83.1,83700,49900,200,690,76.92,12765.0,8995.91,144.4,14.2,2.51,1.84,1.8,289.86,1.418977806,0.5663935265570293,7230.01336650048
18000,711,348,38.6,69.3,2.51,14.2,18500,483,83.1,83700,49900,200,690,76.92,12765.0,5835.09,216.61,14.2,2.51,1.84,1.8,289.86,2.187625761,0.38351242459068496,4895.536099900093
4500,699,343,35.1,62.8,2.73,15.6,16700,429,82.0,63300,43200,200,690,76.92,11523.0,25527.19,54.88,15.6,2.73,1.85,1.79,289.86,0.4514010734,0.9289191078321348,10703.93487954969
6000,699,343,35.1,62.8,2.73,15.6,16700,429,82.0,63300,43200,200,690,76.92,11523.0,17093.16,73.17,15.6,2.73,1.85,1.79,289.86,0.6741294312,0.8612584233677588,9924.280812466684
8000,699,343,35.1,62.8,2.73,15.6,16700,429,82.0,63300,43200,200,690,76.92,11523.0,11866.67,97.56,15.6,2.73,1.85,1.79,289.86,0.9710389917,0.7111208500115855,8194.2455546835
9000,699,343,35.1,62.8,2.73,15.6,16700,429,82.0,63300,43200,200,690,76.92,11523.0,10307.59,109.76,15.6,2.73,1.85,1.79,289.86,1.117913705,0.6826838099770897,7866.565542366005
12000,699,343,35.1,62.8,2.73,15.6,16700,429,82.0,63300,43200,200,690,76.92,11523.0,7423.98,146.34,15.6,2.73,1.85,1.79,289.86,1.552131802,0.5403266440060102,6226.183918881255
18000,699,343,35.1,62.8,2.73,15.6,16700,429,82.0,63300,43200,200,690,76.92,11523.0,4797.94,219.51,15.6,2.73,1.85,1.79,289.86,2.401657559,0.3670648491564827,4229.68825683015
4000,688,340,32.0,57.8,2.94,17.1,15100,383,81.3,48700,38100,200,690,76.92,10419.0,26170.79,49.2,17.1,2.94,1.85,1.81,289.86,0.3981155502,0.9583821886353656,9985.384023391875
6000,688,340,32.0,57.8,2.94,17.1,15100,383,81.3,48700,38100,200,690,76.92,10419.0,14501.55,73.8,17.1,2.94,1.85,1.81,289.86,0.7184751219,0.8494351709613419,8850.26504624622
8000,688,340,32.0,57.8,2.94,17.1,15100,383,81.3,48700,38100,200,690,76.92,10419.0,9988.14,98.4,17.1,2.94,1.85,1.81,289.86,1.043136976,0.7096722000001944,7394.074651802025
9000,688,340,32.0,57.8,2.94,17.1,15100,383,81.3,48700,38100,200,690,76.92,10419.0,8653.02,110.7,17.1,2.94,1.85,1.81,289.86,1.204088091,0.6900124942370093,7189.2401774554
12000,688,340,32.0,57.8,2.94,17.1,15100,383,81.3,48700,38100,200,690,76.92,10419.0,6201.39,147.6,17.1,2.94,1.85,1.81,289.86,1.680107216,0.5135702583864383,5350.888522128301
18000,688,340,32.0,57.8,2.94,17.1,15100,383,81.3,48700,38100,200,690,76.92,10419.0,3991.27,221.4,17.1,2.94,1.85,1.81,289.86,2.610445683,0.35234823779526936,3671.1162895889115
3900,678,338,29.5,53.1,3.18,18.6,13700,343,80.5,37700,33600,200,690,76.92,9453.0,23550.74,48.45,18.6,3.18,1.85,1.8,289.86,0.401388655,0.9818366686680674,9281.302028919241
6000,678,338,29.5,53.1,3.18,18.6,13700,343,80.5,37700,33600,200,690,76.92,9453.0,12371.69,74.53,18.6,3.18,1.85,1.8,289.86,0.7640830441,0.8244564636227809,7793.586950626148
8000,678,338,29.5,53.1,3.18,18.6,13700,343,80.5,37700,33600,200,690,76.92,9453.0,8453.55,99.38,18.6,3.18,1.85,1.8,289.86,1.118228544,0.6647378135875412,6283.766551843028
9000,678,338,29.5,53.1,3.18,18.6,13700,343,80.5,37700,33600,200,690,76.92,9453.0,7303.72,111.8,18.6,3.18,1.85,1.8,289.86,1.294272167,0.6401429866885698,6051.27165316705
12000,678,338,29.5,53.1,3.18,18.6,13700,343,80.5,37700,33600,200,690,76.92,9453.0,5207.27,149.07,18.6,3.18,1.85,1.8,289.86,1.815345547,0.4597800813909913,4346.301109389041
18000,678,338,29.5,53.1,3.18,18.6,13700,343,80.5,37700,33600,200,690,76.92,9453.0,3336.74,223.6,18.6,3.18,1.85,1.8,289.86,2.833008191,0.3406039857316454,3219.729477121244
3800,668,335,26.4,48.0,3.49,20.7,12200,301,79.8,27700,29000,200,690,76.92,8418.0,20745.55,47.62,20.7,3.49,1.85,1.82,289.86,0.4057738419,0.9925660980072017,8355.421413024624
6000,668,335,26.4,48.0,3.49,20.7,12200,301,79.8,27700,29000,200,690,76.92,8418.0,10265.78,75.19,20.7,3.49,1.85,1.82,289.86,0.8200058178,0.8083793171015693,6804.93709136101
8000,668,335,26.4,48.0,3.49,20.7,12200,301,79.8,27700,29000,200,690,76.92,8418.0,6942.37,100.25,20.7,3.49,1.85,1.82,289.86,1.212553696,0.6529423315297394,5496.468546817346
9000,668,335,26.4,48.0,3.49,20.7,12200,301,79.8,27700,29000,200,690,76.92,8418.0,5976.47,112.78,20.7,3.49,1.85,1.82,289.86,1.408523892,0.6066432296538007,5106.722707225694
12000,668,335,26.4,48.0,3.49,20.7,12200,301,79.8,27700,29000,200,690,76.92,8418.0,4231.1,150.38,20.7,3.49,1.85,1.82,289.86,1.989553896,0.3800517384332697,3199.2755341312645
18000,668,335,26.4,48.0,3.49,20.7,12200,301,79.8,27700,29000,200,690,76.92,8418.0,2694.72,225.56,20.7,3.49,1.85,1.82,289.86,3.123884876,0.31844366891264053,2680.658804906608
3800,660,333,24.4,43.9,3.79,22.5,11100,271,79.0,21400,25800,200,690,76.92,7659.0,18134.63,48.1,22.5,3.79,1.85,1.8,289.86,0.422341113,0.9744731556253843,7463.4898989348185
6000,660,333,24.4,43.9,3.79,22.5,11100,271,79.0,21400,25800,200,690,76.92,7659.0,8834.63,75.95,22.5,3.79,1.85,1.8,289.86,0.8669294365,0.7914920075872811,6062.037286110986
8000,660,333,24.4,43.9,3.79,22.5,11100,271,79.0,21400,25800,200,690,76.92,7659.0,5918.28,101.27,22.5,3.79,1.85,1.8,289.86,1.294126671,0.635492245149614,4867.235105600894
9000,660,333,24.4,43.9,3.79,22.5,11100,271,79.0,21400,25800,200,690,76.92,7659.0,5077.61,113.92,22.5,3.79,1.85,1.8,289.86,1.50838715,0.5716006059858249,4377.889041245433
12000,660,333,24.4,43.9,3.79,22.5,11100,271,79.0,21400,25800,200,690,76.92,7659.0,3570.55,151.9,22.5,3.79,1.85,1.8,289.86,2.14504513,0.36583080623496717,2801.8981449536136
18000,660,333,24.4,43.9,3.79,22.5,11100,271,79.0,21400,25800,200,690,76.92,7659.0,2260.41,227.85,22.5,3.79,1.85,1.8,289.86,3.388318916,0.3103615196995447,2377.058879378813
3600,653,330,22.1,39.9,4.14,24.8,9930,241,78.2,15900,22600,200,690,76.92,6851.7,17142.79,46.04,24.8,4.14,1.86,1.8,289.86,0.3996839894,1.002015357847666,6865.508627364853
6000,653,330,22.1,39.9,4.14,24.8,9930,241,78.2,15900,22600,200,690,76.92,6851.7,7472.43,76.73,24.8,4.14,1.86,1.8,289.86,0.916930394,0.7831265945605451,5365.748487950487
8000,653,330,22.1,39.9,4.14,24.8,9930,241,78.2,15900,22600,200,690,76.92,6851.7,4949.03,102.3,24.8,4.14,1.86,1.8,289.86,1.384453346,0.608656217888731,4170.3298081082185
9000,653,330,22.1,39.9,4.14,24.8,9930,241,78.2,15900,22600,200,690,76.92,6851.7,4228.23,115.09,24.8,4.14,1.86,1.8,289.86,1.620464114,0.5482443359789091,3756.4057168266913
12000,653,330,22.1,39.9,4.14,24.8,9930,241,78.2,15900,22600,200,690,76.92,6851.7,2947.93,153.45,24.8,4.14,1.86,1.8,289.86,2.324238081,0.352999569134064,2418.6471478358662
18000,653,330,22.1,39.9,4.14,24.8,9930,241,78.2,15900,22600,200,690,76.92,6851.7,1851.67,230.18,24.8,4.14,1.86,1.8,289.86,3.700271864,0.3001020714717133,2056.209363102738
3800,648,330,20.6,37.2,4.43,26.6,9160,221,78.0,12800,20500,200,690,76.92,6320.4,14011.8,48.72,26.6,4.43,1.85,1.81,289.86,0.4510769455,0.970721220203323,6135.346400173082
6000,648,330,20.6,37.2,4.43,26.6,9160,221,78.0,12800,20500,200,690,76.92,6320.4,6621.94,76.92,26.6,4.43,1.85,1.81,289.86,0.9544635053,0.7788821069755009,4922.846468927955
8000,648,330,20.6,37.2,4.43,26.6,9160,221,78.0,12800,20500,200,690,76.92,6320.4,4348.94,102.56,26.6,4.43,1.85,1.81,289.86,1.453319204,0.611420562300918,3864.422521966722
9000,648,330,20.6,37.2,4.43,26.6,9160,221,78.0,12800,20500,200,690,76.92,6320.4,3703.7,115.38,26.6,4.43,1.85,1.81,289.86,1.70651049,0.5178637351299246,3273.105951515175
12000,648,330,20.6,37.2,4.43,26.6,9160,221,78.0,12800,20500,200,690,76.92,6320.4,2565.1,153.85,26.6,4.43,1.85,1.81,289.86,2.4639946,0.3312458681468671,2093.6063850354585
18000,648,330,20.6,37.2,4.43,26.6,9160,221,78.0,12800,20500,200,690,76.92,6320.4,1601.13,230.77,26.6,4.43,1.85,1.81,289.86,3.94746524,0.29291945869111785,1851.368146711341
3500,640,328,19.1,34.1,4.81,28.7,8370,199,77.2,9950,18400,200,690,76.92,5775.3,14327.42,45.34,28.7,4.81,1.85,1.79,289.86,0.4030941682,1.0020923574020992,5787.383991704344
6000,640,328,19.1,34.1,4.81,28.7,8370,199,77.2,9950,18400,200,690,76.92,5775.3,5764.0,77.72,28.7,4.81,1.85,1.79,289.86,1.001960793,0.7552959722797432,4362.060828707201
8000,640,328,19.1,34.1,4.81,28.7,8370,199,77.2,9950,18400,200,690,76.92,5775.3,3746.89,103.63,28.7,4.81,1.85,1.79,289.86,1.541358773,0.5259805618367912,3037.6955387760204
9000,640,328,19.1,34.1,4.81,28.7,8370,199,77.2,9950,18400,200,690,76.92,5775.3,3178.28,116.58,28.7,4.81,1.85,1.79,289.86,1.817116257,0.46260552006341565,2671.6856600222445
12000,640,328,19.1,34.1,4.81,28.7,8370,199,77.2,9950,18400,200,690,76.92,5775.3,2182.59,155.44,28.7,4.81,1.85,1.79,289.86,2.646071659,0.29317983453653,1693.2014983988217
18000,640,328,19.1,34.1,4.81,28.7,8370,199,77.2,9950,18400,200,690,76.92,5775.3,1351.17,233.16,28.7,4.81,1.85,1.79,289.86,4.274286648,0.24108505405981495,1392.3385127116494
3500,635,330,17.9,31.1,5.31,30.6,7670,184,77.5,7700,16800,200,690,76.92,5292.3,12956.76,45.16,30.6,5.31,1.83,1.74,289.86,0.4084586909,1.022393123697729,5410.811128545492
6000,635,330,17.9,31.1,5.31,30.6,7670,184,77.5,7700,16800,200,690,76.92,5292.3,5118.97,77.42,30.6,5.31,1.83,1.74,289.86,1.033860576,0.7625454937428972,4035.619516535535
8000,635,330,17.9,31.1,5.31,30.6,7670,184,77.5,7700,16800,200,690,76.92,5292.3,3288.58,103.23,30.6,5.31,1.83,1.74,289.86,1.609296396,0.5308526219469598,2809.4313311298956
9000,635,330,17.9,31.1,5.31,30.6,7670,184,77.5,7700,16800,200,690,76.92,5292.3,2776.36,116.13,30.6,5.31,1.83,1.74,289.86,1.906200993,0.4308318057572245,2280.0911656089593
12000,635,330,17.9,31.1,5.31,30.6,7670,184,77.5,7700,16800,200,690,76.92,5292.3,1886.94,154.84,30.6,5.31,1.83,1.74,289.86,2.804693298,0.2903296388722335,1536.5115478035214
18000,635,330,17.9,31.1,5.31,30.6,7670,184,77.5,7700,16800,200,690,76.92,5292.3,1156.0,232.26,30.6,5.31,1.83,1.74,289.86,4.578095396,0.2390428201449842,1265.0863170533
3500,627,328,16.5,27.7,5.92,33.2,6850,163,76.5,5580,14700,200,690,76.92,4726.5,11230.08,45.75,33.2,5.92,1.83,1.68,289.86,0.4208787397,1.0014750771677348,4733.471952233298
6000,627,328,16.5,27.7,5.92,33.2,6850,163,76.5,5580,14700,200,690,76.92,4726.5,4352.69,78.43,33.2,5.92,1.83,1.68,289.86,1.085880677,0.7576879898643545,3581.2122840938714
8000,627,328,16.5,27.7,5.92,33.2,6850,163,76.5,5580,14700,200,690,76.92,4726.5,2759.48,104.58,33.2,5.92,1.83,1.68,289.86,1.712822322,0.5239391416246103,2476.3983528887206
9000,627,328,16.5,27.7,5.92,33.2,6850,163,76.5,5580,14700,200,690,76.92,4726.5,2316.88,117.65,33.2,5.92,1.83,1.68,289.86,2.040028519,0.43005361886274274,2032.6484295547536
12000,627,328,16.5,27.7,5.92,33.2,6850,163,76.5,5580,14700,200,690,76.92,4726.5,1555.15,156.86,33.2,5.92,1.83,1.68,289.86,3.0392475,0.28487809923003854,1346.4763360107772
15000,627,328,16.5,27.7,5.92,33.2,6850,163,76.5,5580,14700,200,690,76.92,4726.5,1170.39,196.08,33.2,5.92,1.83,1.68,289.86,4.038380873,0.2398626517604485,1133.7108235457597
3500,622,328,15.4,24.5,6.7,35.6,6060,142,75.4,3950,12600,200,690,76.92,4181.4,9573.7,46.42,35.6,6.7,1.82,1.59,289.86,0.4367589032,0.9900254145044066,4139.692268208725
6000,622,328,15.4,24.5,6.7,35.6,6060,142,75.4,3950,12600,200,690,76.92,4181.4,3645.7,79.58,35.6,6.7,1.82,1.59,289.86,1.14694031,0.7251198035648851,3032.0159466262103
8000,622,328,15.4,24.5,6.7,35.6,6060,142,75.4,3950,12600,200,690,76.92,4181.4,2281.34,106.1,35.6,6.7,1.82,1.59,289.86,1.832870829,0.5094752307661029,2130.3197299253825
9000,622,328,15.4,24.5,6.7,35.6,6060,142,75.4,3950,12600,200,690,76.92,4181.4,1904.69,119.36,35.6,6.7,1.82,1.59,289.86,2.195316366,0.3895151832634242,1628.718787297682
12000,622,328,15.4,24.5,6.7,35.6,6060,142,75.4,3950,12600,200,690,76.92,4181.4,1261.71,159.15,35.6,6.7,1.82,1.59,289.86,3.31406115,0.24115949342426848,1008.3843058042362
15000,622,328,15.4,24.5,6.7,35.6,6060,142,75.4,3950,12600,200,690,76.92,4181.4,941.22,198.94,35.6,6.7,1.82,1.59,289.86,4.442515554,0.20809031671950098,870.1088503309213
3500,617,325,14.0,21.6,7.53,39.2,5360,124,74.7,2800,11000,200,690,76.92,3698.4,8256.13,46.85,39.2,7.53,1.83,1.54,289.86,0.4479580721,0.9806530403043834,3626.847204261732
6000,617,325,14.0,21.6,7.53,39.2,5360,124,74.7,2800,11000,200,690,76.92,3698.4,3090.4,80.32,39.2,7.53,1.83,1.54,289.86,1.196740049,0.6992733523512507,2586.1925663358656
8000,617,325,14.0,21.6,7.53,39.2,5360,124,74.7,2800,11000,200,690,76.92,3698.4,1907.96,107.1,39.2,7.53,1.83,1.54,289.86,1.938406359,0.424875020021279,1571.3577740466983
9000,617,325,14.0,21.6,7.53,39.2,5360,124,74.7,2800,11000,200,690,76.92,3698.4,1583.36,120.48,39.2,7.53,1.83,1.54,289.86,2.33578542,0.34356141260843365,1270.627528391031
12000,617,325,14.0,21.6,7.53,39.2,5360,124,74.7,2800,11000,200,690,76.92,3698.4,1033.5,160.64,39.2,7.53,1.83,1.54,289.86,3.578534122,0.2256533718972561,834.5564306248119
15000,617,325,14.0,21.6,7.53,39.2,5360,124,74.7,2800,11000,200,690,76.92,3698.4,763.06,200.8,39.2,7.53,1.83,1.54,289.86,4.846830992,0.18418260105180637,681.1809317300007
3500,612,325,12.7,19.1,8.5,43.1,4740,108,73.9,1960,9450,200,690,76.92,3270.6,7069.62,47.36,43.1,8.5,1.82,1.51,289.86,0.4626276347,0.9577423485460467,3132.3921251547004
6000,612,325,12.7,19.1,8.5,43.1,4740,108,73.9,1960,9450,200,690,76.92,3270.6,2607.27,81.19,43.1,8.5,1.82,1.51,289.86,1.25441322,0.6838055605917762,2236.454466471463
8000,612,325,12.7,19.1,8.5,43.1,4740,108,73.9,1960,9450,200,690,76.92,3270.6,1589.95,108.25,43.1,8.5,1.82,1.51,289.86,2.057041749,0.4163326171242697,1361.6574575666366
9000,612,325,12.7,19.1,8.5,43.1,4740,108,73.9,1960,9450,200,690,76.92,3270.6,1311.91,121.79,43.1,8.5,1.82,1.51,289.86,2.493007511,0.33920429887829995,1109.401579911368
12000,612,325,12.7,19.1,8.5,43.1,4740,108,73.9,1960,9450,200,690,76.92,3270.6,843.89,162.38,43.1,8.5,1.82,1.51,289.86,3.875623379,0.21694068765436259,709.5262130423582
15000,612,325,12.7,19.1,8.5,43.1,4740,108,73.9,1960,9450,200,690,76.92,3270.6,616.4,202.98,43.1,8.5,1.82,1.51,289.86,5.305962313,0.1802333155219154,589.4710817459766
2400,622,229,14.0,24.9,4.59,39.2,4590,50,50.5,2940,4460,200,690,76.92,3167.1,7146.86,47.52,39.2,4.59,2.61,1.78,289.86,0.4431459513,0.9496205774223209,3007.543330754232
5000,622,229,14.0,24.9,4.59,39.2,4590,50,50.5,2940,4460,200,690,76.92,3167.1,1969.46,99.01,39.2,4.59,2.61,1.78,289.86,1.608104566,0.5074848246910196,1607.2551882789282
8000,622,229,14.0,24.9,4.59,39.2,4590,50,50.5,2940,4460,200,690,76.92,3167.1,976.18,158.42,39.2,4.59,2.61,1.78,289.86,3.244390394,0.24474623774604848,775.1358095655102
10000,622,229,14.0,24.9,4.59,39.2,4590,50,50.5,2940,4460,200,690,76.92,3167.1,725.83,198.02,39.2,4.59,2.61,1.78,289.86,4.363400083,0.20371305417367455,645.1796138734446
11000,622,229,14.0,24.9,4.59,39.2,4590,50,50.5,2940,4460,200,690,76.92,3167.1,643.6,217.82,39.2,4.59,2.61,1.78,289.86,4.920883178,0.20268692092093796,641.9297472487026
12000,622,229,14.0,24.9,4.59,39.2,4590,50,50.5,2940,4460,200,690,76.92,3167.1,578.39,237.62,39.2,4.59,2.61,1.78,289.86,5.475734031,0.20052267729409054,635.0753712581142
2500,617,230,13.1,22.2,5.18,41.9,4160,45,50.3,2190,4030,200,690,76.92,2870.4,5955.18,49.7,41.9,5.18,2.59,1.69,289.86,0.4820004119,0.9129095561967054,2620.4155901070235
5000,617,230,13.1,22.2,5.18,41.9,4160,45,50.3,2190,4030,200,690,76.92,2870.4,1730.24,99.4,41.9,5.18,2.59,1.69,289.86,1.658956145,0.5075425435054446,1456.8501168780283
8000,617,230,13.1,22.2,5.18,41.9,4160,45,50.3,2190,4030,200,690,76.92,2870.4,838.74,159.05,41.9,5.18,2.59,1.69,289.86,3.422262529,0.24064950259639414,690.7603322526898
10000,617,230,13.1,22.2,5.18,41.9,4160,45,50.3,2190,4030,200,690,76.92,2870.4,617.59,198.81,41.9,5.18,2.59,1.69,289.86,4.647740906,0.1995430379879554,572.7683362406271
11000,617,230,13.1,22.2,5.18,41.9,4160,45,50.3,2190,4030,200,690,76.92,2870.4,545.59,218.69,41.9,5.18,2.59,1.69,289.86,5.261045698,0.20020825722372218,574.6777815349722
12000,617,230,13.1,22.2,5.18,41.9,4160,45,50.3,2190,4030,200,690,76.92,2870.4,488.79,238.57,41.9,5.18,2.59,1.69,289.86,5.872479689,0.19958929391241922,572.9011092462082
2300,612,229,11.9,19.5,5.86,45.9,3670,39,49.5,1540,3440,200,690,76.92,2532.3,5940.07,46.46,45.9,5.86,2.59,1.64,289.86,0.4263082951,0.9786703697931576,2478.286977427213
5000,612,229,11.9,19.5,5.86,45.9,3670,39,49.5,1540,3440,200,690,76.92,2532.3,1441.24,101.01,45.9,5.86,2.59,1.64,289.86,1.757025325,0.5339542903079052,1352.1324493467084
8000,612,229,11.9,19.5,5.86,45.9,3670,39,49.5,1540,3440,200,690,76.92,2532.3,683.46,161.62,45.9,5.86,2.59,1.64,289.86,3.705145033,0.23621886488006552,598.17703153579
10000,612,229,11.9,19.5,5.86,45.9,3670,39,49.5,1540,3440,200,690,76.92,2532.3,498.1,202.02,45.9,5.86,2.59,1.64,289.86,5.083933145,0.19785740184361525,501.03429868858694
11000,612,229,11.9,19.5,5.86,45.9,3670,39,49.5,1540,3440,200,690,76.92,2532.3,438.27,222.22,45.9,5.86,2.59,1.64,289.86,5.777996644,0.19811270059080935,501.68079170610656
12000,612,229,11.9,19.5,5.86,45.9,3670,39,49.5,1540,3440,200,690,76.92,2532.3,391.29,242.42,45.9,5.86,2.59,1.64,289.86,6.471591505,0.1943559469348045,492.1675644230055
2200,607,228,11.2,17.2,6.61,49.0,3280,34,48.8,1120,2980,200,690,76.92,2263.2,5589.65,45.08,49.0,6.61,2.59,1.54,289.86,0.404890917,1.0540440221307688,2385.5124308863556
4000,607,228,11.2,17.2,6.61,49.0,3280,34,48.8,1120,2980,200,690,76.92,2263.2,1815.33,81.97,49.0,6.61,2.59,1.54,289.86,1.246715152,0.709628719131105,1606.0317171375168
6000,607,228,11.2,17.2,6.61,49.0,3280,34,48.8,1120,2980,200,690,76.92,2263.2,897.46,122.95,49.0,6.61,2.59,1.54,289.86,2.521795949,0.3440465315715321,778.6461102526914
8000,607,228,11.2,17.2,6.61,49.0,3280,34,48.8,1120,2980,200,690,76.92,2263.2,568.57,163.93,49.0,6.61,2.59,1.54,289.86,3.980516586,0.22265954835898355,503.92308984605154
9000,607,228,11.2,17.2,6.61,49.0,3280,34,48.8,1120,2980,200,690,76.92,2263.2,477.24,184.43,49.0,6.61,2.59,1.54,289.86,4.742312518,0.18256331910328605,413.17730379455696
10000,607,228,11.2,17.2,6.61,49.0,3280,34,48.8,1120,2980,200,690,76.92,2263.2,410.42,204.92,49.0,6.61,2.59,1.54,289.86,5.514284805,0.18655970596630145,422.2219265429334
2300,602,228,10.5,14.9,7.66,52.0,2900,29,47.5,778,2530,200,690,76.92,2001.0,4339.99,48.42,52.0,7.66,2.58,1.42,289.86,0.4610614095,0.9501161968104759,1901.1825098177621
4000,602,228,10.5,14.9,7.66,52.0,2900,29,47.5,778,2530,200,690,76.92,2001.0,1519.03,84.21,52.0,7.66,2.58,1.42,289.86,1.317285409,0.664397559474851,1329.4595165091769
6000,602,228,10.5,14.9,7.66,52.0,2900,29,47.5,778,2530,200,690,76.92,2001.0,739.91,126.32,52.0,7.66,2.58,1.42,289.86,2.704400411,0.33085677995847457,662.0444166969077
8000,602,228,10.5,14.9,7.66,52.0,2900,29,47.5,778,2530,200,690,76.92,2001.0,462.41,168.42,52.0,7.66,2.58,1.42,289.86,4.327314624,0.21241233481250985,425.0370819598322
9000,602,228,10.5,14.9,7.66,52.0,2900,29,47.5,778,2530,200,690,76.92,2001.0,385.85,189.47,52.0,7.66,2.58,1.42,289.86,5.185954066,0.17970622644770756,359.59215912186284
10000,602,228,10.5,14.9,7.66,52.0,2900,29,47.5,778,2530,200,690,76.92,2001.0,330.1,210.53,52.0,7.66,2.58,1.42,289.86,6.061797961,0.18248265330503388,365.1477892633728
1700,602,179,10.9,15.0,5.97,50.1,2510,14,35.1,712,1240,200,690,76.92,1731.9,3901.25,48.43,50.1,5.97,3.28,1.38,289.86,0.4439342506,0.9770106493714515,1692.084743646417
2500,602,179,10.9,15.0,5.97,50.1,2510,14,35.1,712,1240,200,690,76.92,1731.9,1866.55,71.23,50.1,5.97,3.28,1.38,289.86,0.9278628282,0.7939336524732135,1375.0136927183585
4000,602,179,10.9,15.0,5.97,50.1,2510,14,35.1,712,1240,200,690,76.92,1731.9,795.84,113.96,50.1,5.97,3.28,1.38,289.86,2.176181423,0.4370362224244911,756.9030336169761
5000,602,179,10.9,15.0,5.97,50.1,2510,14,35.1,712,1240,200,690,76.92,1731.9,545.8,142.45,50.1,5.97,3.28,1.38,289.86,3.1731366,0.2825217360277936,489.2993946265358
6000,602,179,10.9,15.0,5.97,50.1,2510,14,35.1,712,1240,200,690,76.92,1731.9,407.85,170.94,50.1,5.97,3.28,1.38,289.86,4.246458826,0.21312876034302297,369.1177000380815
7000,602,179,10.9,15.0,5.97,50.1,2510,14,35.1,712,1240,200,690,76.92,1731.9,322.88,199.43,50.1,5.97,3.28,1.38,289.86,5.363940889,0.1823412562999566,315.79682178589485
1700,599,178,10.0,12.8,6.94,54.6,2200,12,34.0,491,1040,200,690,76.92,1518.0,3257.35,50.0,54.6,6.94,3.29,1.28,289.86,0.4660235304,0.9143223219709548,1387.9412847519093
2500,599,178,10.0,12.8,6.94,54.6,2200,12,34.0,491,1040,200,690,76.92,1518.0,1549.77,73.53,54.6,6.94,3.29,1.28,289.86,0.9794995538,0.7514242534333171,1140.6620167117753
4000,599,178,10.0,12.8,6.94,54.6,2200,12,34.0,491,1040,200,690,76.92,1518.0,652.26,117.65,54.6,6.94,3.29,1.28,289.86,2.327288231,0.39017901765205637,592.2917487958216
5000,599,178,10.0,12.8,6.94,54.6,2200,12,34.0,491,1040,200,690,76.92,1518.0,443.34,147.06,54.6,6.94,3.29,1.28,289.86,3.423970278,0.25850180592354566,392.4057413919423
6000,599,178,10.0,12.8,6.94,54.6,2200,12,34.0,491,1040,200,690,76.92,1518.0,328.53,176.47,54.6,6.94,3.29,1.28,289.86,4.620649313,0.18476636674618288,280.4753447207056
7000,599,178,10.0,12.8,6.94,54.6,2200,12,34.0,491,1040,200,690,76.92,1518.0,258.15,205.88,54.6,6.94,3.29,1.28,289.86,5.88039451,0.18489855339321068,280.6760040508938
4000,612,328,31.0,55.6,2.95,14.2,12300,328,78.7,44500,25400,200,690,76.92,8487.0,21338.14,50.83,14.2,2.95,1.7,1.79,289.86,0.3977385922,0.962958264378736,8172.626789782333
4500,612,328,31.0,55.6,2.95,14.2,12300,328,78.7,44500,25400,200,690,76.92,8487.0,17990.84,57.18,14.2,2.95,1.7,1.79,289.86,0.4717400176,0.9324724127883472,7913.893367334703
5000,612,328,31.0,55.6,2.95,14.2,12300,328,78.7,44500,25400,200,690,76.92,8487.0,15532.72,63.53,14.2,2.95,1.7,1.79,289.86,0.5463948346,0.9011767566752387,7648.287133902751
5500,612,328,31.0,55.6,2.95,14.2,12300,328,78.7,44500,25400,200,690,76.92,8487.0,13660.47,69.89,14.2,2.95,1.7,1.79,289.86,0.6212815586,0.8817511965259585,7483.422404915809
6000,612,328,31.0,55.6,2.95,14.2,12300,328,78.7,44500,25400,200,690,76.92,8487.0,12191.49,76.24,14.2,2.95,1.7,1.79,289.86,0.6961412772,0.8379114529538957,7111.354501219713
30000,612,328,31.0,55.6,2.95,14.2,12300,328,78.7,44500,25400,200,690,76.92,8487.0,2072.37,381.19,14.2,2.95,1.7,1.79,289.86,4.095316964,0.2959529173191554,2511.752409287672
4000,602,325,27.9,50.5,3.22,15.8,11000,291,78.2,33600,22100,200,690,76.92,7590.0,18089.07,51.15,15.8,3.22,1.7,1.81,289.86,0.4195904471,0.9656608195895684,7329.3656206848245
4500,602,325,27.9,50.5,3.22,15.8,11000,291,78.2,33600,22100,200,690,76.92,7590.0,15188.29,57.54,15.8,3.22,1.7,1.81,289.86,0.4997269421,0.9339817205585432,7088.921259039343
5000,602,325,27.9,50.5,3.22,15.8,11000,291,78.2,33600,22100,200,690,76.92,7590.0,13065.8,63.94,15.8,3.22,1.7,1.81,289.86,0.5809058379,0.894924883639984,6792.479866827479
5500,602,325,27.9,50.5,3.22,15.8,11000,291,78.2,33600,22100,200,690,76.92,7590.0,11455.05,70.33,15.8,3.22,1.7,1.81,289.86,0.6625897802,0.870944934380011,6610.4720519442835
6000,602,325,27.9,50.5,3.22,15.8,11000,291,78.2,33600,22100,200,690,76.92,7590.0,10195.72,76.73,15.8,3.22,1.7,1.81,289.86,0.7444302088,0.8293173364221564,6294.518583444167
30000,602,325,27.9,50.5,3.22,15.8,11000,291,78.2,33600,22100,200,690,76.92,7590.0,1698.22,383.63,15.8,3.22,1.7,1.81,289.86,4.469375096,0.2937995050037082,2229.9382429781454
4000,594,323,25.4,45.5,3.55,17.5,9850,256,77.2,24800,19300,200,690,76.92,6796.5,15246.22,51.81,17.5,3.55,1.7,1.79,289.86,0.4457824946,0.9568407998224643,6503.168495993378
4500,594,323,25.4,45.5,3.55,17.5,9850,256,77.2,24800,19300,200,690,76.92,6796.5,12738.2,58.29,17.5,3.55,1.7,1.79,289.86,0.5335526972,0.9280452109331877,6307.45927610741
5000,594,323,25.4,45.5,3.55,17.5,9850,256,77.2,24800,19300,200,690,76.92,6796.5,10910.22,64.77,17.5,3.55,1.7,1.79,289.86,0.6229482364,0.8825356051426373,5998.153240351934
5500,594,323,25.4,45.5,3.55,17.5,9850,256,77.2,24800,19300,200,690,76.92,6796.5,9528.51,71.24,17.5,3.55,1.7,1.79,289.86,0.7132807164,0.8502838351414411,5778.954085538805
6000,594,323,25.4,45.5,3.55,17.5,9850,256,77.2,24800,19300,200,690,76.92,6796.5,8452.53,77.72,17.5,3.55,1.7,1.79,289.86,0.8040783344,0.8010362195400705,5444.242666104089
30000,594,323,25.4,45.5,3.55,17.5,9850,256,77.2,24800,19300,200,690,76.92,6796.5,1370.74,388.6,17.5,3.55,1.7,1.79,289.86,4.958263924,0.2754454579417585,1872.0650549011616
3800,584,320,23.1,41.5,3.86,20.6,8690,226,76.7,17000,16600,200,690,76.92,5996.1,13770.85,49.54,20.6,3.86,1.7,1.79,289.86,0.4354197903,0.9418957037491051,5647.7008292500095
4300,584,320,23.1,41.5,3.86,20.6,8690,226,76.7,17000,16600,200,690,76.92,5996.1,11292.44,56.06,20.6,3.86,1.7,1.79,289.86,0.5309834324,0.9110146848372868,5462.535151752855
4800,584,320,23.1,41.5,3.86,20.6,8690,226,76.7,17000,16600,200,690,76.92,5996.1,9524.06,62.58,20.6,3.86,1.7,1.79,289.86,0.6295740264,0.8883808330996963,5326.820313349089
5300,584,320,23.1,41.5,3.86,20.6,8690,226,76.7,17000,16600,200,690,76.92,5996.1,8211.7,69.1,20.6,3.86,1.7,1.79,289.86,0.7301898857,0.8338306894229831,4999.73219684915
5800,584,320,23.1,41.5,3.86,20.6,8690,226,76.7,17000,16600,200,690,76.92,5996.1,7206.05,75.62,20.6,3.86,1.7,1.79,289.86,0.8320924896,0.7943563654387896,4763.040202807527
30000,584,320,23.1,41.5,3.86,20.6,8690,226,76.7,17000,16600,200,690,76.92,5996.1,1069.27,391.13,20.6,3.86,1.7,1.79,289.86,5.607675485,0.2702918802797514,1620.6971433454173
3700,577,318,21.1,37.7,4.22,22.6,7800,201,76.2,12800,14600,200,690,76.92,5382.0,12396.4,48.56,22.6,4.22,1.7,1.79,289.86,0.4341582832,0.9653068566534866,5195.281502509065
4200,577,318,21.1,37.7,4.22,22.6,7800,201,76.2,12800,14600,200,690,76.92,5382.0,10053.13,55.12,22.6,4.22,1.7,1.79,289.86,0.5353557956,0.9115636629387969,4906.035633936604
4700,577,318,21.1,37.7,4.22,22.6,7800,201,76.2,12800,14600,200,690,76.92,5382.0,8400.09,61.68,22.6,4.22,1.7,1.79,289.86,0.6407073782,0.9056407754755966,4874.158653609661
5200,577,318,21.1,37.7,4.22,22.6,7800,201,76.2,12800,14600,200,690,76.92,5382.0,7185.44,68.24,22.6,4.22,1.7,1.79,289.86,0.7490146678,0.8387074864799459,4513.923692235068
5700,577,318,21.1,37.7,4.22,22.6,7800,201,76.2,12800,14600,200,690,76.92,5382.0,6262.84,74.8,22.6,4.22,1.7,1.79,289.86,0.859354506,0.7955922794710849,4281.877648113379
30000,577,318,21.1,37.7,4.22,22.6,7800,201,76.2,12800,14600,200,690,76.92,5382.0,876.99,393.7,22.6,4.22,1.7,1.79,289.86,6.136868247,0.26928723915649644,1449.3039211402638
3500,572,315,19.1,34.5,4.57,25.0,7080,181,75.9,9820,13000,200,690,76.92,4885.2,11943.83,46.11,25.0,4.57,1.71,1.8,289.86,0.4090145192,0.9962084255403687,4866.677400449809
4000,572,315,19.1,34.5,4.57,25.0,7080,181,75.9,9820,13000,200,690,76.92,4885.2,9508.22,52.7,25.0,4.57,1.71,1.8,289.86,0.5137871405,0.9458711838963313,4620.769907570358
4500,572,315,19.1,34.5,4.57,25.0,7080,181,75.9,9820,13000,200,690,76.92,4885.2,7825.62,59.29,25.0,4.57,1.71,1.8,289.86,0.6242571108,0.9084313421448142,4437.868792645846
5000,572,315,19.1,34.5,4.57,25.0,7080,181,75.9,9820,13000,200,690,76.92,4885.2,6610.58,65.88,25.0,4.57,1.71,1.8,289.86,0.7389974854,0.8544400070400642,4174.110322392121
5500,572,315,19.1,34.5,4.57,25.0,7080,181,75.9,9820,13000,200,690,76.92,4885.2,5701.29,72.46,25.0,4.57,1.71,1.8,289.86,0.8568583113,0.8200110813026065,4005.918134379493
30000,572,315,19.1,34.5,4.57,25.0,7080,181,75.9,9820,13000,200,690,76.92,4885.2,730.78,395.26,25.0,4.57,1.71,1.8,289.86,6.684942093,0.2655984263549135,1297.5014324290232
3500,561,318,18.3,29.2,5.44,26.1,6110,157,74.9,6410,11000,200,690,76.92,4215.9,9917.66,46.73,26.1,5.44,1.67,1.6,289.86,0.425090207,0.9794458896457595,4129.245926157557
4000,561,318,18.3,29.2,5.44,26.1,6110,157,74.9,6410,11000,200,690,76.92,4215.9,7842.07,53.4,26.1,5.44,1.67,1.6,289.86,0.5376001231,0.9240339389569863,3895.634683248758
4500,561,318,18.3,29.2,5.44,26.1,6110,157,74.9,6410,11000,200,690,76.92,4215.9,6411.77,60.08,26.1,5.44,1.67,1.6,289.86,0.6575247781,0.9016220314936503,3801.14832257408
5000,561,318,18.3,29.2,5.44,26.1,6110,157,74.9,6410,11000,200,690,76.92,4215.9,5381.99,66.76,26.1,5.44,1.67,1.6,289.86,0.7833350181,0.836210195521272,3525.3785632981303
5500,561,318,18.3,29.2,5.44,26.1,6110,157,74.9,6410,11000,200,690,76.92,4215.9,4613.95,73.43,26.1,5.44,1.67,1.6,289.86,0.9137287252,0.8091372216953124,3411.241612945267
30000,561,318,18.3,29.2,5.44,26.1,6110,157,74.9,6410,11000,200,690,76.92,4215.9,552.84,400.53,26.1,5.44,1.67,1.6,289.86,7.625953295,0.25164032804746495,1060.8904590153074
3500,554,315,16.5,26.2,6.01,28.9,5460,139,74.4,4700,9670,200,690,76.92,3767.4,8590.08,47.04,28.9,6.01,1.68,1.59,289.86,0.438575721,0.9866851017468585,3717.2374523211147
4000,554,315,16.5,26.2,6.01,28.9,5460,139,74.4,4700,9670,200,690,76.92,3767.4,6763.7,53.76,28.9,6.01,1.68,1.59,289.86,0.5570026272,0.9172070105452597,3455.485691528211
4500,554,315,16.5,26.2,6.01,28.9,5460,139,74.4,4700,9670,200,690,76.92,3767.4,5506.76,60.48,28.9,6.01,1.68,1.59,289.86,0.6841411663,0.8993376118318946,3388.16451881548
5000,554,315,16.5,26.2,6.01,28.9,5460,139,74.4,4700,9670,200,690,76.92,3767.4,4603.22,67.2,28.9,6.01,1.68,1.59,289.86,0.8184277578,0.8322029807375483,3135.2415096306395
5500,554,315,16.5,26.2,6.01,28.9,5460,139,74.4,4700,9670,200,690,76.92,3767.4,3930.58,73.92,28.9,6.01,1.68,1.59,289.86,0.9584844102,0.7947776154537458,2994.245188460442
30000,554,315,16.5,26.2,6.01,28.9,5460,139,74.4,4700,9670,200,690,76.92,3767.4,447.49,403.23,28.9,6.01,1.68,1.59,289.86,8.41903607,0.21052797253846886,793.1430837414276
3300,551,315,15.2,24.4,6.45,31.3,5030,127,74.2,3740,8780,200,690,76.92,3470.7,8616.03,44.47,31.3,6.45,1.67,1.61,289.86,0.4028189076,1.0219714948323042,3546.956467114478
3800,551,315,15.2,24.4,6.45,31.3,5030,127,74.2,3740,8780,200,690,76.92,3470.7,6657.99,51.21,31.3,6.45,1.67,1.61,289.86,0.5212831341,0.9492646201442747,3294.612717134734
4300,551,315,15.2,24.4,6.45,31.3,5030,127,74.2,3740,8780,200,690,76.92,3470.7,5338.77,57.95,31.3,6.45,1.67,1.61,289.86,0.6500933026,0.8888462154737441,3084.9185600447236
4800,551,315,15.2,24.4,6.45,31.3,5030,127,74.2,3740,8780,200,690,76.92,3470.7,4406.52,64.69,31.3,6.45,1.67,1.61,289.86,0.787628271,0.8388129460251271,2911.268091769409
5300,551,315,15.2,24.4,6.45,31.3,5030,127,74.2,3740,8780,200,690,76.92,3470.7,3722.29,71.43,31.3,6.45,1.67,1.61,289.86,0.9324103251,0.8064116546443159,2798.812929774027
30000,551,315,15.2,24.4,6.45,31.3,5030,127,74.2,3740,8780,200,690,76.92,3470.7,383.05,404.31,31.3,6.45,1.67,1.61,289.86,9.060790968,0.21450207890618425,744.4723652596937
3300,546,312,14.0,22.1,7.05,34.1,4570,114,73.7,2840,7840,200,690,76.92,3153.3,7624.96,44.78,34.1,7.05,1.68,1.58,289.86,0.4135497784,1.0232686081868814,3226.672902195693
3800,546,312,14.0,22.1,7.05,34.1,4570,114,73.7,2840,7840,200,690,76.92,3153.3,5873.96,51.56,34.1,7.05,1.68,1.58,289.86,0.5368267599,0.923194878575385,2911.1104106117614
4300,546,312,14.0,22.1,7.05,34.1,4570,114,73.7,2840,7840,200,690,76.92,3153.3,4695.01,58.34,34.1,7.05,1.68,1.58,289.86,0.6716278491,0.8671570803603836,2734.4064215003978
4800,546,312,14.0,22.1,7.05,34.1,4570,114,73.7,2840,7840,200,690,76.92,3153.3,3862.59,65.13,34.1,7.05,1.68,1.58,289.86,0.8163685705,0.8395042758512294,2647.208833041682
5300,546,312,14.0,22.1,7.05,34.1,4570,114,73.7,2840,7840,200,690,76.92,3153.3,3252.28,71.91,34.1,7.05,1.68,1.58,289.86,0.9695673156,0.8006194058304963,2524.593172405304
30000,546,312,14.0,22.1,7.05,34.1,4570,114,73.7,2840,7840,200,690,76.92,3153.3,317.99,407.06,34.1,7.05,1.68,1.58,289.86,9.916469405,0.20569942894324833,648.632009286745
3400,544,312,12.7,20.3,7.68,37.5,4150,103,73.4,2170,7040,200,690,76.92,2863.5,6428.13,46.32,37.5,7.68,1.68,1.6,289.86,0.445463671,0.9804185629901978,2807.4285551224316
3900,544,312,12.7,20.3,7.68,37.5,4150,103,73.4,2170,7040,200,690,76.92,2863.5,4978.7,53.13,37.5,7.68,1.68,1.6,289.86,0.5751496915,0.8943516551588863,2560.975964547471
4400,544,312,12.7,20.3,7.68,37.5,4150,103,73.4,2170,7040,200,690,76.92,2863.5,3993.05,59.95,37.5,7.68,1.68,1.6,289.86,0.7171205487,0.8498696814723768,2433.601832896151
4900,544,312,12.7,20.3,7.68,37.5,4150,103,73.4,2170,7040,200,690,76.92,2863.5,3291.87,66.76,37.5,7.68,1.68,1.6,289.86,0.8698712728,0.7842611891941242,2245.7319152573746
5400,544,312,12.7,20.3,7.68,37.5,4150,103,73.4,2170,7040,200,690,76.92,2863.5,2774.79,73.57,37.5,7.68,1.68,1.6,289.86,1.031969444,0.7307947620533984,2092.6308011399065
30000,544,312,12.7,20.3,7.68,37.5,4150,103,73.4,2170,7040,200,690,76.92,2863.5,265.89,408.72,37.5,7.68,1.68,1.6,289.86,10.76945122,0.1927816908483169,552.0303717441554
2200,549,214,14.7,23.6,4.53,32.3,3620,39,46.7,2510,2670,200,690,76.92,2497.8,5892.7,47.11,32.3,4.53,2.46,1.61,289.86,0.4238805269,0.9705667842209472,2424.2817136270824
2700,549,214,14.7,23.6,4.53,32.3,3620,39,46.7,2510,2670,200,690,76.92,2497.8,4058.69,57.82,32.3,4.53,2.46,1.61,289.86,0.6154202521,0.8898441859105002,2222.6528075672477
3200,549,214,14.7,23.6,4.53,32.3,3620,39,46.7,2510,2670,200,690,76.92,2497.8,3010.14,68.52,32.3,4.53,2.46,1.61,289.86,0.8297949911,0.8155634255385334,2037.114324310149
3700,549,214,14.7,23.6,4.53,32.3,3620,39,46.7,2510,2670,200,690,76.92,2497.8,2352.76,79.23,32.3,4.53,2.46,1.61,289.86,1.061648977,0.7466982277855944,1865.1028333628578
4200,549,214,14.7,23.6,4.53,32.3,3620,39,46.7,2510,2670,200,690,76.92,2497.8,1911.88,89.94,32.3,4.53,2.46,1.61,289.86,1.306462777,0.6635889940861022,1657.5125894282662
15000,549,214,14.7,23.6,4.53,32.3,3620,39,46.7,2510,2670,200,690,76.92,2497.8,355.17,321.2,32.3,4.53,2.46,1.61,289.86,7.032769917,0.2088576927491139,521.6847449487367
2200,544,212,13.1,21.2,5.0,36.4,3210,34,46.5,1810,2320,200,690,76.92,2214.9,5074.72,47.31,36.4,5.0,2.47,1.62,289.86,0.4364579763,0.9558601881109612,2117.134730646968
2700,544,212,13.1,21.2,5.0,36.4,3210,34,46.5,1810,2320,200,690,76.92,2214.9,3476.89,58.06,36.4,5.0,2.47,1.62,289.86,0.6370354296,0.8836127790873591,1957.113944400592
3200,544,212,13.1,21.2,5.0,36.4,3210,34,46.5,1810,2320,200,690,76.92,2214.9,2564.5,68.82,36.4,5.0,2.47,1.62,289.86,0.8636779473,0.7939318081226585,1758.4795618108765
3700,544,212,13.1,21.2,5.0,36.4,3210,34,46.5,1810,2320,200,690,76.92,2214.9,1993.46,79.57,36.4,5.0,2.47,1.62,289.86,1.111081439,0.7005014822602299,1551.5407330581834
4200,544,212,13.1,21.2,5.0,36.4,3210,34,46.5,1810,2320,200,690,76.92,2214.9,1611.34,90.32,36.4,5.0,2.47,1.62,289.86,1.374569453,0.5990815477814945,1326.9057201812323
15000,544,212,13.1,21.2,5.0,36.4,3210,34,46.5,1810,2320,200,690,76.92,2214.9,285.39,322.58,36.4,5.0,2.47,1.62,289.86,7.760923999,0.19955308306327618,441.99012367685043
2150,538,211,11.6,18.8,5.6,41.2,2820,29,46.0,1260,1990,200,690,76.92,1945.8,4516.27,46.74,41.2,5.6,2.46,1.62,289.86,0.4308422437,0.9651496696997696,1877.9882273018115
2650,538,211,11.6,18.8,5.6,41.2,2820,29,46.0,1260,1990,200,690,76.92,1945.8,3050.78,57.61,41.2,5.6,2.46,1.62,289.86,0.6378035046,0.8817651866573398,1715.7387001978518
3150,538,211,11.6,18.8,5.6,41.2,2820,29,46.0,1260,1990,200,690,76.92,1945.8,2224.01,68.48,41.2,5.6,2.46,1.62,289.86,0.8749054632,0.7956117993098747,1548.101439097154
3650,538,211,11.6,18.8,5.6,41.2,2820,29,46.0,1260,1990,200,690,76.92,1945.8,1711.33,79.35,41.2,5.6,2.46,1.62,289.86,1.137008418,0.7053641830822112,1372.4976274413664
4150,538,211,11.6,18.8,5.6,41.2,2820,29,46.0,1260,1990,200,690,76.92,1945.8,1370.9,90.22,41.2,5.6,2.46,1.62,289.86,1.41935556,0.5957377577868155,1159.1865291015856
10000,538,211,11.6,18.8,5.6,41.2,2820,29,46.0,1260,1990,200,690,76.92,1945.8,368.3,217.39,41.2,5.6,2.46,1.62,289.86,5.283138121,0.19341617542144215,376.3491941350421
2100,536,210,10.9,17.4,6.04,43.6,2620,27,45.7,1020,1820,200,690,76.92,1807.8,4295.8,45.95,43.6,6.04,2.47,1.59,289.86,0.4208297803,0.9938589737818627,1796.6982528028514
2600,536,210,10.9,17.4,6.04,43.6,2620,27,45.7,1020,1820,200,690,76.92,1807.8,2867.28,56.89,43.6,6.04,2.47,1.59,289.86,0.6304919915,0.8909212460772027,1610.6074286583669
3100,536,210,10.9,17.4,6.04,43.6,2620,27,45.7,1020,1820,200,690,76.92,1807.8,2070.92,67.83,43.6,6.04,2.47,1.59,289.86,0.8729456384,0.8106500738955906,1465.4932035884488
3600,536,210,10.9,17.4,6.04,43.6,2620,27,45.7,1020,1820,200,690,76.92,1807.8,1581.36,78.77,43.6,6.04,2.47,1.59,289.86,1.143192028,0.7152568627338652,1293.0413564502815
4100,536,210,10.9,17.4,6.04,43.6,2620,27,45.7,1020,1820,200,690,76.92,1807.8,1258.5,89.72,43.6,6.04,2.47,1.59,289.86,1.436475045,0.6298761278570276,1138.6900639399346
10000,536,210,10.9,17.4,6.04,43.6,2620,27,45.7,1020,1820,200,690,76.92,1807.8,322.85,218.82,43.6,6.04,2.47,1.59,289.86,5.59949162,0.18596140766409058,336.18103277514297
2100,533,209,10.2,15.6,6.7,46.9,2360,24,45.0,762,1600,200,690,76.92,1628.4,3771.43,46.67,46.9,6.7,2.48,1.53,289.86,0.4317724362,1.0098923300880223,1644.5086703153356
2600,533,209,10.2,15.6,6.7,46.9,2360,24,45.0,762,1600,200,690,76.92,1628.4,2509.46,57.78,46.9,6.7,2.48,1.53,289.86,0.6489043368,0.885065338410756,1441.240397068075
3100,533,209,10.2,15.6,6.7,46.9,2360,24,45.0,762,1600,200,690,76.92,1628.4,1806.24,68.89,46.9,6.7,2.48,1.53,289.86,0.9015390678,0.801211226708941,1304.6923615728394
3600,533,209,10.2,15.6,6.7,46.9,2360,24,45.0,762,1600,200,690,76.92,1628.4,1374.23,80.0,46.9,6.7,2.48,1.53,289.86,1.184952319,0.7104274705246185,1156.860093002289
4100,533,209,10.2,15.6,6.7,46.9,2360,24,45.0,762,1600,200,690,76.92,1628.4,1089.58,91.11,46.9,6.7,2.48,1.53,289.86,1.494524683,0.5900389088129835,960.8193591110623
11000,533,209,10.2,15.6,6.7,46.9,2360,24,45.0,762,1600,200,690,76.92,1628.4,238.08,244.44,46.9,6.7,2.48,1.53,289.86,6.839628556,0.1827916812877497,297.65797380897163
2000,528,209,9.5,13.3,7.87,50.0,2060,20,43.9,516,1340,200,690,76.92,1421.4,3454.23,45.56,50.0,7.87,2.46,1.39,289.86,0.4114952445,1.0236673236263116,1455.0407338024395
2500,528,209,9.5,13.3,7.87,50.0,2060,20,43.9,516,1340,200,690,76.92,1421.4,2245.64,56.95,50.0,7.87,2.46,1.39,289.86,0.6329598278,0.861965434626852,1225.1976687786075
3000,528,209,9.5,13.3,7.87,50.0,2060,20,43.9,516,1340,200,690,76.92,1421.4,1588.62,68.34,50.0,7.87,2.46,1.39,289.86,0.8947398395,0.7919233967427204,1125.6399161301028
3500,528,209,9.5,13.3,7.87,50.0,2060,20,43.9,516,1340,200,690,76.92,1421.4,1191.96,79.73,50.0,7.87,2.46,1.39,289.86,1.192490836,0.6857457503221179,974.7190095078585
4000,528,209,9.5,13.3,7.87,50.0,2060,20,43.9,516,1340,200,690,76.92,1421.4,934.03,91.12,50.0,7.87,2.46,1.39,289.86,1.521789827,0.5756827873011706,818.275513869884
10000,528,209,9.5,13.3,7.87,50.0,2060,20,43.9,516,1340,200,690,76.92,1421.4,212.22,227.79,50.0,7.87,2.46,1.39,289.86,6.697909122,0.18294953280336929,260.0444659267091
2000,523,207,8.9,10.9,9.47,53.6,1750,16,42.2,334,1060,200,690,76.92,1207.5,2735.4,47.39,53.6,9.47,2.47,1.23,289.86,0.4414346087,0.9603845284737706,1159.664318132078
2500,523,207,8.9,10.9,9.47,53.6,1750,16,42.2,334,1060,200,690,76.92,1207.5,1773.56,59.24,53.6,9.47,2.47,1.23,289.86,0.68083512,0.8416420058054794,1016.2827220101165
3000,523,207,8.9,10.9,9.47,53.6,1750,16,42.2,334,1060,200,690,76.92,1207.5,1250.8,71.09,53.6,9.47,2.47,1.23,289.86,0.9653819062,0.7536325941478869,910.0113574335734
3500,523,207,8.9,10.9,9.47,53.6,1750,16,42.2,334,1060,200,690,76.92,1207.5,935.32,82.94,53.6,9.47,2.47,1.23,289.86,1.291000293,0.6756458468759721,815.8423601027363
4000,523,207,8.9,10.9,9.47,53.6,1750,16,42.2,334,1060,200,690,76.92,1207.5,730.3,94.79,53.6,9.47,2.47,1.23,289.86,1.653438943,0.5240628533408305,632.8058954090528
10000,523,207,8.9,10.9,9.47,53.6,1750,16,42.2,334,1060,200,690,76.92,1207.5,159.45,236.97,53.6,9.47,2.47,1.23,289.86,7.573029898,0.18248771775384703,220.3539191877703
1700,536,167,10.3,16.6,5.04,46.3,2110,13,34.3,737,857,200,690,76.92,1455.9,3091.52,49.56,46.3,5.04,3.11,1.61,289.86,0.4709339485,0.940908716160373,1369.868999857887
2200,536,167,10.3,16.6,5.04,46.3,2110,13,34.3,737,857,200,690,76.92,1455.9,1900.16,64.14,46.3,5.04,3.11,1.61,289.86,0.7661974644,0.8353057691144727,1216.121669253761
2700,536,167,10.3,16.6,5.04,46.3,2110,13,34.3,737,857,200,690,76.92,1455.9,1305.36,78.72,46.3,5.04,3.11,1.61,289.86,1.115320418,0.6997149006818699,1018.7149239027345
3200,536,167,10.3,16.6,5.04,46.3,2110,13,34.3,737,857,200,690,76.92,1455.9,965.52,93.29,46.3,5.04,3.11,1.61,289.86,1.507892541,0.5644461419862682,821.7771381178079
3700,536,167,10.3,16.6,5.04,46.3,2110,13,34.3,737,857,200,690,76.92,1455.9,752.64,107.87,46.3,5.04,3.11,1.61,289.86,1.934385827,0.4437114510138251,645.9995015310279
10000,536,167,10.3,16.6,5.04,46.3,2110,13,34.3,737,857,200,690,76.92,1455.9,177.95,291.55,46.3,5.04,3.11,1.61,289.86,8.181395228,0.18449911571023123,268.61226256252564
1550,528,166,9.7,13.6,6.1,49.4,1800,10,33.0,475,690,200,690,76.92,1242.0,2974.7,46.97,49.4,6.1,3.1,1.41,289.86,0.4175204745,1.0018613629265758,1244.311812754807
2050,528,166,9.7,13.6,6.1,49.4,1800,10,33.0,475,690,200,690,76.92,1242.0,1738.73,62.12,49.4,6.1,3.1,1.41,289.86,0.7143124693,0.8827562425103025,1096.3832531977957
2550,528,166,9.7,13.6,6.1,49.4,1800,10,33.0,475,690,200,690,76.92,1242.0,1154.46,77.27,49.4,6.1,3.1,1.41,289.86,1.07582587,0.7163454489197434,889.7010475583213
3050,528,166,9.7,13.6,6.1,49.4,1800,10,33.0,475,690,200,690,76.92,1242.0,832.38,92.42,49.4,6.1,3.1,1.41,289.86,1.492103757,0.5696621230296356,707.5203568028074
3550,528,166,9.7,13.6,6.1,49.4,1800,10,33.0,475,690,200,690,76.92,1242.0,635.81,107.58,49.4,6.1,3.1,1.41,289.86,1.953404316,0.44953263463604515,558.3195322179681
10000,528,166,9.7,13.6,6.1,49.4,1800,10,33.0,475,690,200,690,76.92,1242.0,132.93,303.03,49.4,6.1,3.1,1.41,289.86,9.343188931,0.18030825574865111,223.94285363982468
1500,526,165,8.9,11.4,7.22,53.6,1560,9,32.0,320,567,200,690,76.92,1076.4,2602.88,46.88,53.6,7.22,3.12,1.29,289.86,0.4135422075,0.9709881831835206,1045.1716803787417
2000,526,165,8.9,11.4,7.22,53.6,1560,9,32.0,320,567,200,690,76.92,1076.4,1490.72,62.5,53.6,7.22,3.12,1.29,289.86,0.7220650011,0.8279412356014627,891.1959460014145
2500,526,165,8.9,11.4,7.22,53.6,1560,9,32.0,320,567,200,690,76.92,1076.4,975.52,78.13,53.6,7.22,3.12,1.29,289.86,1.10341195,0.6988541507782385,752.246607897696
3000,526,165,8.9,11.4,7.22,53.6,1560,9,32.0,320,567,200,690,76.92,1076.4,695.22,93.75,53.6,7.22,3.12,1.29,289.86,1.548283102,0.5593707288993787,602.1066525872913
3500,526,165,8.9,11.4,7.22,53.6,1560,9,32.0,320,567,200,690,76.92,1076.4,525.79,109.38,53.6,7.22,3.12,1.29,289.86,2.047194406,0.43478344127479696,468.00089618819146
8000,526,165,8.9,11.4,7.22,53.6,1560,9,32.0,320,567,200,690,76.92,1076.4,138.6,250.0,53.6,7.22,3.12,1.29,289.86,7.766323107,0.1825832316317326,196.53259052839698
4700,566,305,38.6,69.6,2.19,10.4,12400,331,74.9,73300,20500,200,690,76.92,8556.0,19472.54,62.75,10.4,2.19,1.63,1.8,289.86,0.4393879043,0.9075318882743625,7764.842836075445
5200,566,305,38.6,69.6,2.19,10.4,12400,331,74.9,73300,20500,200,690,76.92,8556.0,17200.61,69.43,10.4,2.19,1.63,1.8,289.86,0.4974241762,0.8897723811265557,7612.892492918811
5700,566,305,38.6,69.6,2.19,10.4,12400,331,74.9,73300,20500,200,690,76.92,8556.0,15413.27,76.1,10.4,2.19,1.63,1.8,289.86,0.555106026,0.8586501359643967,7346.6105633113775
6200,566,305,38.6,69.6,2.19,10.4,12400,331,74.9,73300,20500,200,690,76.92,8556.0,13970.44,82.78,10.4,2.19,1.63,1.8,289.86,0.6124360062,0.8531087970595471,7299.198867641485
6700,566,305,38.6,69.6,2.19,10.4,12400,331,74.9,73300,20500,200,690,76.92,8556.0,12780.91,89.45,10.4,2.19,1.63,1.8,289.86,0.6694356708,0.8297454646996392,7099.302195970113
30000,566,305,38.6,69.6,2.19,10.4,12400,331,74.9,73300,20500,200,690,76.92,8556.0,2660.94,400.53,10.4,2.19,1.63,1.8,289.86,3.215406246,0.3227372008614885,2761.3394905708956
4500,556,302,35.6,63.4,2.38,11.3,11100,293,73.9,55800,17700,200,690,76.92,7659.0,17174.05,60.89,11.3,2.38,1.63,1.78,289.86,0.4459636381,0.9314398111579874,7133.897513659025
5000,556,302,35.6,63.4,2.38,11.3,11100,293,73.9,55800,17700,200,690,76.92,7659.0,15029.74,67.66,11.3,2.38,1.63,1.78,289.86,0.509589728,0.8949773574075482,6854.631580384412
5500,556,302,35.6,63.4,2.38,11.3,11100,293,73.9,55800,17700,200,690,76.92,7659.0,13369.0,74.42,11.3,2.38,1.63,1.78,289.86,0.5728923987,0.8601108650475848,6587.589115399453
6000,556,302,35.6,63.4,2.38,11.3,11100,293,73.9,55800,17700,200,690,76.92,7659.0,12045.62,81.19,11.3,2.38,1.63,1.78,289.86,0.6358328069,0.8543996069173566,6543.846589380034
6500,556,302,35.6,63.4,2.38,11.3,11100,293,73.9,55800,17700,200,690,76.92,7659.0,10966.32,87.96,11.3,2.38,1.63,1.78,289.86,0.6984109073,0.8385857400170442,6422.728182790542
30000,556,302,35.6,63.4,2.38,11.3,11100,293,73.9,55800,17700,200,690,76.92,7659.0,2185.5,405.95,11.3,2.38,1.63,1.78,289.86,3.504465646,0.3202884120517869,2453.0889479046355
4000,546,300,32.5,58.6,2.56,12.5,10000,261,73.2,42900,15500,200,690,76.92,6900.0,16971.09,54.64,12.5,2.56,1.62,1.8,289.86,0.4065736648,0.9249522000961479,6382.17018066342
4500,546,300,32.5,58.6,2.56,12.5,10000,261,73.2,42900,15500,200,690,76.92,6900.0,14493.01,61.48,12.5,2.56,1.62,1.8,289.86,0.4760916634,0.9349780335956271,6451.348431809827
5000,546,300,32.5,58.6,2.56,12.5,10000,261,73.2,42900,15500,200,690,76.92,6900.0,12648.55,68.31,12.5,2.56,1.62,1.8,289.86,0.5455168898,0.8931582665706992,6162.7920393378245
5500,546,300,32.5,58.6,2.56,12.5,10000,261,73.2,42900,15500,200,690,76.92,6900.0,11225.5,75.14,12.5,2.56,1.62,1.8,289.86,0.6146719714,0.8585676655980137,5924.116892626294
6000,546,300,32.5,58.6,2.56,12.5,10000,261,73.2,42900,15500,200,690,76.92,6900.0,10095.42,81.97,12.5,2.56,1.62,1.8,289.86,0.6834783972,0.8505651133340534,5868.899282004968
30000,546,300,32.5,58.6,2.56,12.5,10000,261,73.2,42900,15500,200,690,76.92,6900.0,1809.75,409.84,12.5,2.56,1.62,1.8,289.86,3.812680452,0.30968874493018966,2136.8523400183085
4000,536,297,29.5,53.8,2.76,13.8,9000,232,72.4,32800,13500,200,690,76.92,6210.0,14343.48,55.25,13.8,2.76,1.62,1.82,289.86,0.4329492447,0.9293301741084691,5771.140381213593
4500,536,297,29.5,53.8,2.76,13.8,9000,232,72.4,32800,13500,200,690,76.92,6210.0,12206.17,62.15,13.8,2.76,1.62,1.82,289.86,0.5087590739,0.9349901355432295,5806.288741723455
5000,536,297,29.5,53.8,2.76,13.8,9000,232,72.4,32800,13500,200,690,76.92,6210.0,10621.79,69.06,13.8,2.76,1.62,1.82,289.86,0.5846470337,0.8878607479997873,5513.615245078679
5500,536,297,29.5,53.8,2.76,13.8,9000,232,72.4,32800,13500,200,690,76.92,6210.0,9404.02,75.97,13.8,2.76,1.62,1.82,289.86,0.6603558938,0.8487471100717555,5270.719553545602
6000,536,297,29.5,53.8,2.76,13.8,9000,232,72.4,32800,13500,200,690,76.92,6210.0,8440.31,82.87,13.8,2.76,1.62,1.82,289.86,0.735754841,0.8421360351098837,5229.664778032377
30000,536,297,29.5,53.8,2.76,13.8,9000,232,72.4,32800,13500,200,690,76.92,6210.0,1493.0,414.36,13.8,2.76,1.62,1.82,289.86,4.159422082,0.2952929960816591,1833.769505667103
4000,526,295,26.9,48.8,3.02,15.1,8030,205,71.6,24400,11700,200,690,76.92,5540.7,12004.57,55.87,15.1,3.02,1.62,1.82,289.86,0.461549158,0.9265585727527371,5133.783084051091
4500,526,295,26.9,48.8,3.02,15.1,8030,205,71.6,24400,11700,200,690,76.92,5540.7,10172.3,62.85,15.1,3.02,1.62,1.82,289.86,0.5446850319,0.9033279829845763,5005.069355322642
5000,526,295,26.9,48.8,3.02,15.1,8030,205,71.6,24400,11700,200,690,76.92,5540.7,8820.21,69.83,15.1,3.02,1.62,1.82,289.86,0.6281820146,0.8764698165809159,4856.256312729881
5500,526,295,26.9,48.8,3.02,15.1,8030,205,71.6,24400,11700,200,690,76.92,5540.7,7785.49,76.82,15.1,3.02,1.62,1.82,289.86,0.7116703629,0.8331800476225159,4616.400689862074
6000,526,295,26.9,48.8,3.02,15.1,8030,205,71.6,24400,11700,200,690,76.92,5540.7,6969.95,83.8,15.1,3.02,1.62,1.82,289.86,0.7949413285,0.8183937789369236,4534.474410955812
30000,526,295,26.9,48.8,3.02,15.1,8030,205,71.6,24400,11700,200,690,76.92,5540.7,1211.62,418.99,15.1,3.02,1.62,1.82,289.86,4.572985656,0.2929114522363696,1622.934483406053
3800,518,292,24.4,44.6,3.27,16.7,7240,183,70.9,18600,10200,200,690,76.92,4995.6,11012.75,53.6,16.7,3.27,1.62,1.83,289.86,0.4536196677,0.9405356215685732,4698.539751107965
4300,518,292,24.4,44.6,3.27,16.7,7240,183,70.9,18600,10200,200,690,76.92,4995.6,9191.1,60.65,16.7,3.27,1.62,1.83,289.86,0.5435257193,0.9343815690166316,4667.796566179485
4800,518,292,24.4,44.6,3.27,16.7,7240,183,70.9,18600,10200,200,690,76.92,4995.6,7874.51,67.7,16.7,3.27,1.62,1.83,289.86,0.6344014869,0.8818461999197009,4405.350876318858
5300,518,292,24.4,44.6,3.27,16.7,7240,183,70.9,18600,10200,200,690,76.92,4995.6,6884.26,74.75,16.7,3.27,1.62,1.83,289.86,0.7256549842,0.8394741792992981,4193.677210107574
5800,518,292,24.4,44.6,3.27,16.7,7240,183,70.9,18600,10200,200,690,76.92,4995.6,6115.14,81.81,16.7,3.27,1.62,1.83,289.86,0.8169234227,0.8230206409783143,4111.481914071267
30000,518,292,24.4,44.6,3.27,16.7,7240,183,70.9,18600,10200,200,690,76.92,4995.6,1000.45,423.13,16.7,3.27,1.62,1.83,289.86,4.993354397,0.29159117262944845,1456.6728619876728
3500,508,290,22.6,40.5,3.58,18.0,6520,163,70.1,14100,8940,200,690,76.92,4498.8,10668.64,49.93,18.0,3.58,1.61,1.79,289.86,0.4216843132,0.9449641896145617,4251.20489623799
4000,508,290,22.6,40.5,3.58,18.0,6520,163,70.1,14100,8940,200,690,76.92,4498.8,8688.6,57.06,18.0,3.58,1.61,1.79,289.86,0.517781841,0.9157008301666494,4119.554894753723
4500,508,290,22.6,40.5,3.58,18.0,6520,163,70.1,14100,8940,200,690,76.92,4498.8,7303.16,64.19,18.0,3.58,1.61,1.79,289.86,0.6160076902,0.8706736253285955,3916.9865056282856
5000,508,290,22.6,40.5,3.58,18.0,6520,163,70.1,14100,8940,200,690,76.92,4498.8,6288.5,71.33,18.0,3.58,1.61,1.79,289.86,0.7154007947,0.8444990058596696,3799.232127561482
5500,508,290,22.6,40.5,3.58,18.0,6520,163,70.1,14100,8940,200,690,76.92,4498.8,5517.78,78.46,18.0,3.58,1.61,1.79,289.86,0.8153278983,0.7965553528335687,3583.543221327659
30000,508,290,22.6,40.5,3.58,18.0,6520,163,70.1,14100,8940,200,690,76.92,4498.8,823.07,427.96,18.0,3.58,1.61,1.79,289.86,5.46586052,0.27147240589055865,1221.3000596204454
3400,500,287,20.6,36.6,3.92,19.8,5830,144,69.6,10500,7790,200,690,76.92,4022.7,9497.97,48.85,19.8,3.92,1.61,1.78,289.86,0.4235327014,0.9616406233303003,3868.3917354707987
3900,500,287,20.6,36.6,3.92,19.8,5830,144,69.6,10500,7790,200,690,76.92,4022.7,7637.13,56.03,19.8,3.92,1.61,1.78,289.86,0.5267290924,0.908791423692491,3655.7952600877834
4400,500,287,20.6,36.6,3.92,19.8,5830,144,69.6,10500,7790,200,690,76.92,4022.7,6353.18,63.22,19.8,3.92,1.61,1.78,289.86,0.6331794468,0.8627263791413219,3470.4894053717953
4900,500,287,20.6,36.6,3.92,19.8,5830,144,69.6,10500,7790,200,690,76.92,4022.7,5424.08,70.4,19.8,3.92,1.61,1.78,289.86,0.7416371585,0.836074050109057,3363.2750813737034
5400,500,287,20.6,36.6,3.92,19.8,5830,144,69.6,10500,7790,200,690,76.92,4022.7,4725.73,77.59,19.8,3.92,1.61,1.78,289.86,0.8512338161,0.7879462798378664,3169.671499903785
30000,500,287,20.6,36.6,3.92,19.8,5830,144,69.6,10500,7790,200,690,76.92,4022.7,668.6,431.03,19.8,3.92,1.61,1.78,289.86,6.01661191,0.26851573474335183,1080.1582461520813
3400,495,284,18.5,33.4,4.25,22.0,5280,129,69.1,7990,6900,200,690,76.92,3643.2,8232.32,49.2,22.0,4.25,1.63,1.81,289.86,0.4425484158,0.9397870850159441,3423.8323081300873
3900,495,284,18.5,33.4,4.25,22.0,5280,129,69.1,7990,6900,200,690,76.92,3643.2,6586.71,56.44,22.0,4.25,1.63,1.81,289.86,0.5531139998,0.9108346339139493,3318.3527382752995
4400,495,284,18.5,33.4,4.25,22.0,5280,129,69.1,7990,6900,200,690,76.92,3643.2,5454.55,63.68,22.0,4.25,1.63,1.81,289.86,0.6679191479,0.8597409655231044,3132.208285593774
4900,495,284,18.5,33.4,4.25,22.0,5280,129,69.1,7990,6900,200,690,76.92,3643.2,4637.92,70.91,22.0,4.25,1.63,1.81,289.86,0.785524333,0.829013744810688,3020.2628750942986
5400,495,284,18.5,33.4,4.25,22.0,5280,129,69.1,7990,6900,200,690,76.92,3643.2,4026.16,78.15,22.0,4.25,1.63,1.81,289.86,0.9048816902,0.7916500571405479,2884.139488174444
30000,495,284,18.5,33.4,4.25,22.0,5280,129,69.1,7990,6900,200,690,76.92,3643.2,552.96,434.15,22.0,4.25,1.63,1.81,289.86,6.588530185,0.26957251847963287,982.1065993249985
3200,490,284,17.0,30.5,4.65,23.9,4750,116,68.6,6040,6100,200,690,76.92,3277.5,7934.2,46.65,23.9,4.65,1.62,1.8,289.86,0.413085053,0.9809821187436525,3215.168894182321
3700,490,284,17.0,30.5,4.65,23.9,4750,116,68.6,6040,6100,200,690,76.92,3277.5,6211.41,53.94,23.9,4.65,1.62,1.8,289.86,0.5276581752,0.9218104511474631,3021.2337536358104
4200,490,284,17.0,30.5,4.65,23.9,4750,116,68.6,6040,6100,200,690,76.92,3277.5,5055.2,61.22,23.9,4.65,1.62,1.8,289.86,0.6483422179,0.9034560536288024,2961.0772157684
4700,490,284,17.0,30.5,4.65,23.9,4750,116,68.6,6040,6100,200,690,76.92,3277.5,4238.04,68.51,23.9,4.65,1.62,1.8,289.86,0.773352819,0.8412180566574561,2757.092180694812
5200,490,284,17.0,30.5,4.65,23.9,4750,116,68.6,6040,6100,200,690,76.92,3277.5,3636.33,75.8,23.9,4.65,1.62,1.8,289.86,0.9013196082,0.7908425864599183,2591.986577122382
30000,490,284,17.0,30.5,4.65,23.9,4750,116,68.6,6040,6100,200,690,76.92,3277.5,456.83,437.32,23.9,4.65,1.62,1.8,289.86,7.174414184,0.2652292312983997,869.288805580505
3100,483,287,16.6,27.0,5.31,24.5,4290,105,68.3,4410,5450,200,690,76.92,2960.1,7347.68,45.39,24.5,5.31,1.59,1.63,289.86,0.4028617597,0.9981566458776017,2954.6434874622887
3600,483,287,16.6,27.0,5.31,24.5,4290,105,68.3,4410,5450,200,690,76.92,2960.1,5664.94,52.71,24.5,5.31,1.59,1.63,289.86,0.5225296012,0.9406833864217085,2784.516892146899
4100,483,287,16.6,27.0,5.31,24.5,4290,105,68.3,4410,5450,200,690,76.92,2960.1,4551.81,60.03,24.5,5.31,1.59,1.63,289.86,0.6503126866,0.9072306759590528,2685.493523906392
4600,483,287,16.6,27.0,5.31,24.5,4290,105,68.3,4410,5450,200,690,76.92,2960.1,3774.67,67.35,24.5,5.31,1.59,1.63,289.86,0.784200124,0.8398284029858953,2485.9760556785486
5100,483,287,16.6,27.0,5.31,24.5,4290,105,68.3,4410,5450,200,690,76.92,2960.1,3208.58,74.67,24.5,5.31,1.59,1.63,289.86,0.9225587168,0.7964135108791769,2357.4636335534515
30000,483,287,16.6,27.0,5.31,24.5,4290,105,68.3,4410,5450,200,690,76.92,2960.1,372.54,439.24,24.5,5.31,1.59,1.63,289.86,7.945631835,0.2618878569535281,775.2142453681386
3100,475,284,15.0,23.8,5.96,27.2,3770,92,67.6,3110,4670,200,690,76.92,2601.3,6220.66,45.86,27.2,5.96,1.59,1.59,289.86,0.4181713739,1.0014290025854788,2605.0172644256063
3600,475,284,15.0,23.8,5.96,27.2,3770,92,67.6,3110,4670,200,690,76.92,2601.3,4770.48,53.25,27.2,5.96,1.59,1.59,289.86,0.5452910375,0.9285024381396176,2415.3133923325877
4100,475,284,15.0,23.8,5.96,27.2,3770,92,67.6,3110,4670,200,690,76.92,2601.3,3812.91,60.65,27.2,5.96,1.59,1.59,289.86,0.6822346747,0.9086005522193077,2363.542616488085
4600,475,284,15.0,23.8,5.96,27.2,3770,92,67.6,3110,4670,200,690,76.92,2601.3,3145.86,68.05,27.2,5.96,1.59,1.59,289.86,0.8268968811,0.849025233499626,2208.569339902577
5100,475,284,15.0,23.8,5.96,27.2,3770,92,67.6,3110,4670,200,690,76.92,2601.3,2661.2,75.44,27.2,5.96,1.59,1.59,289.86,0.977491844,0.810615335069204,2108.6536711155204
30000,475,284,15.0,23.8,5.96,27.2,3770,92,67.6,3110,4670,200,690,76.92,2601.3,293.28,443.79,27.2,5.96,1.59,1.59,289.86,8.86981914,0.2539353219120916,660.561952889924
3100,472,282,13.6,22.0,6.41,30.0,3460,84,67.3,2440,4240,200,690,76.92,2387.4,5588.63,46.06,30.0,6.41,1.6,1.62,289.86,0.4271890952,0.9931121708670558,2370.9559967280093
3600,472,282,13.6,22.0,6.41,30.0,3460,84,67.3,2440,4240,200,690,76.92,2387.4,4270.18,53.49,30.0,6.41,1.6,1.62,289.86,0.559086594,0.9204566620652419,2197.4982350145588
4100,472,282,13.6,22.0,6.41,30.0,3460,84,67.3,2440,4240,200,690,76.92,2387.4,3400.51,60.92,30.0,6.41,1.6,1.62,289.86,0.7020703002,0.8942667072071486,2134.9723367863467
4600,472,282,13.6,22.0,6.41,30.0,3460,84,67.3,2440,4240,200,690,76.92,2387.4,2795.5,68.35,30.0,6.41,1.6,1.62,289.86,0.854014387,0.8270227550850203,1974.4341254899775
5100,472,282,13.6,22.0,6.41,30.0,3460,84,67.3,2440,4240,200,690,76.92,2387.4,2356.62,75.78,30.0,6.41,1.6,1.62,289.86,1.013061294,0.7875192236524194,1880.1233945477863
30000,472,282,13.6,22.0,6.41,30.0,3460,84,67.3,2440,4240,200,690,76.92,2387.4,249.12,445.77,30.0,6.41,1.6,1.62,289.86,9.583464898,0.22241513320036746,530.9938890025572
3000,467,282,12.2,19.6,7.2,33.4,3050,73,66.8,1710,3650,200,690,76.92,2104.5,5053.68,44.91,33.4,7.2,1.59,1.61,289.86,0.4164294812,1.0103283555965725,2126.236024352987
3500,467,282,12.2,19.6,7.2,33.4,3050,73,66.8,1710,3650,200,690,76.92,2104.5,3806.34,52.4,33.4,7.2,1.59,1.61,289.86,0.5528937118,0.9044827798936821,1903.484010286254
4000,467,282,12.2,19.6,7.2,33.4,3050,73,66.8,1710,3650,200,690,76.92,2104.5,2994.64,59.88,33.4,7.2,1.59,1.61,289.86,0.7027547494,0.8576987671125561,1805.0270553883743
4500,467,282,12.2,19.6,7.2,33.4,3050,73,66.8,1710,3650,200,690,76.92,2104.5,2436.15,67.37,33.4,7.2,1.59,1.61,289.86,0.8638643281,0.8181267048505798,1721.7476503580451
5000,467,282,12.2,19.6,7.2,33.4,3050,73,66.8,1710,3650,200,690,76.92,2104.5,2034.79,74.85,33.4,7.2,1.59,1.61,289.86,1.034260382,0.780483249097887,1642.5269977265032
25000,467,282,12.2,19.6,7.2,33.4,3050,73,66.8,1710,3650,200,690,76.92,2104.5,237.59,374.25,33.4,7.2,1.59,1.61,289.86,8.857629817,0.2142235150279183,450.8333873762541
3000,462,279,10.8,17.2,8.11,37.8,2670,63,66.3,1180,3140,200,690,76.92,1842.3,4309.36,45.25,37.8,8.11,1.59,1.59,289.86,0.4275117125,1.013272196195421,1866.751367050824
3500,462,279,10.8,17.2,8.11,37.8,2670,63,66.3,1180,3140,200,690,76.92,1842.3,3231.94,52.79,37.8,8.11,1.59,1.59,289.86,0.5700288355,0.8948857180208506,1648.647958309813
4000,462,279,10.8,17.2,8.11,37.8,2670,63,66.3,1180,3140,200,690,76.92,1842.3,2531.41,60.33,37.8,8.11,1.59,1.59,289.86,0.7277762138,0.858489603976336,1581.5953974056038
4500,462,279,10.8,17.2,8.11,37.8,2670,63,66.3,1180,3140,200,690,76.92,1842.3,2049.93,67.87,37.8,8.11,1.59,1.59,289.86,0.8987119209,0.7902673748476674,1455.9095846818577
5000,462,279,10.8,17.2,8.11,37.8,2670,63,66.3,1180,3140,200,690,76.92,1842.3,1704.41,75.41,37.8,8.11,1.59,1.59,289.86,1.080903744,0.72371818016142,1333.306003311384
30000,462,279,10.8,17.2,8.11,37.8,2670,63,66.3,1180,3140,200,690,76.92,1842.3,152.53,452.49,37.8,8.11,1.59,1.59,289.86,12.07794326,0.19464637329548795,358.59701352227745
2000,470,194,12.6,20.6,4.71,32.4,2390,25,43.2,1450,1260,200,690,76.92,1649.1,3948.14,46.3,32.4,4.71,2.32,1.63,289.86,0.4176901857,0.9850657256094483,1624.471888102541
2500,470,194,12.6,20.6,4.71,32.4,2390,25,43.2,1450,1260,200,690,76.92,1649.1,2632.68,57.87,32.4,4.71,2.32,1.63,289.86,0.6263948902,0.8936781420157247,1473.7646239981316
3000,470,194,12.6,20.6,4.71,32.4,2390,25,43.2,1450,1260,200,690,76.92,1649.1,1914.28,69.44,32.4,4.71,2.32,1.63,289.86,0.8614709812,0.8080466522030054,1332.549734147976
3500,470,194,12.6,20.6,4.71,32.4,2390,25,43.2,1450,1260,200,690,76.92,1649.1,1477.63,81.02,32.4,4.71,2.32,1.63,289.86,1.116044377,0.7461865788241098,1230.5362871388393
4000,470,194,12.6,20.6,4.71,32.4,2390,25,43.2,1450,1260,200,690,76.92,1649.1,1191.13,92.59,32.4,4.71,2.32,1.63,289.86,1.384487813,0.5804108160289857,957.1554767134003
15000,470,194,12.6,20.6,4.71,32.4,2390,25,43.2,1450,1260,200,690,76.92,1649.1,215.24,347.22,32.4,4.71,2.32,1.63,289.86,7.661826447,0.21459232694612576,353.88420636685595
2000,467,193,11.4,19.1,5.06,35.7,2180,23,42.9,1140,1140,200,690,76.92,1504.2,3543.39,46.62,35.7,5.06,2.32,1.67,289.86,0.4245087603,0.9659107287967941,1452.9229182561378
2500,467,193,11.4,19.1,5.06,35.7,2180,23,42.9,1140,1140,200,690,76.92,1504.2,2352.21,58.28,35.7,5.06,2.32,1.67,289.86,0.6394836095,0.8830927780899528,1328.348156802907
3000,467,193,11.4,19.1,5.06,35.7,2180,23,42.9,1140,1140,200,690,76.92,1504.2,1702.41,69.93,35.7,5.06,2.32,1.67,289.86,0.883571343,0.785540616133968,1181.6101947887146
3500,467,193,11.4,19.1,5.06,35.7,2180,23,42.9,1140,1140,200,690,76.92,1504.2,1308.07,81.59,35.7,5.06,2.32,1.67,289.86,1.149934687,0.7019949561804921,1055.9408130866964
4000,467,193,11.4,19.1,5.06,35.7,2180,23,42.9,1140,1140,200,690,76.92,1504.2,1049.86,93.24,35.7,5.06,2.32,1.67,289.86,1.432764758,0.5679438526714368,854.3011431883752
15000,467,193,11.4,19.1,5.06,35.7,2180,23,42.9,1140,1140,200,690,76.92,1504.2,183.12,349.65,35.7,5.06,2.32,1.67,289.86,8.214086737,0.2148736109620484,323.21288560911324
2000,462,192,10.5,17.6,5.44,38.7,2020,21,42.7,903,1030,200,690,76.92,1393.8,3197.79,46.84,38.7,5.44,2.31,1.68,289.86,0.4358637006,0.9628436020462989,1342.0114125321313
2500,462,192,10.5,17.6,5.44,38.7,2020,21,42.7,903,1030,200,690,76.92,1393.8,2114.66,58.55,38.7,5.44,2.31,1.68,289.86,0.6591142513,0.881161033120326,1228.1622479631103
3000,462,192,10.5,17.6,5.44,38.7,2020,21,42.7,903,1030,200,690,76.92,1393.8,1524.3,70.26,38.7,5.44,2.31,1.68,289.86,0.9143879561,0.7761924581217348,1081.857048130074
3500,462,192,10.5,17.6,5.44,38.7,2020,21,42.7,903,1030,200,690,76.92,1393.8,1166.48,81.97,38.7,5.44,2.31,1.68,289.86,1.194881099,0.6898952920411267,961.5760580469223
4000,462,192,10.5,17.6,5.44,38.7,2020,21,42.7,903,1030,200,690,76.92,1393.8,932.54,93.68,38.7,5.44,2.31,1.68,289.86,1.494624391,0.5578619196547426,777.5479436147803
10000,462,192,10.5,17.6,5.44,38.7,2020,21,42.7,903,1030,200,690,76.92,1393.8,252.13,234.19,38.7,5.44,2.31,1.68,289.86,5.528010376,0.20126288685293053,280.5202116956146
2000,460,191,9.9,16.0,5.98,41.1,1840,19,42.4,691,921,200,690,76.92,1269.6,2835.38,47.17,41.1,5.98,2.32,1.61,289.86,0.4477712367,0.9600852940892998,1218.9242893757748
2500,460,191,9.9,16.0,5.98,41.1,1840,19,42.4,691,921,200,690,76.92,1269.6,1867.31,58.96,41.1,5.98,2.32,1.61,289.86,0.6799068223,0.8769911139226622,1113.4279182362118
3000,460,191,9.9,16.0,5.98,41.1,1840,19,42.4,691,921,200,690,76.92,1269.6,1340.1,70.75,41.1,5.98,2.32,1.61,289.86,0.947392853,0.775075440357094,984.0357790773664
3500,460,191,9.9,16.0,5.98,41.1,1840,19,42.4,691,921,200,690,76.92,1269.6,1020.92,82.55,41.1,5.98,2.32,1.61,289.86,1.243579474,0.6873147504945035,872.6148072278216
4000,460,191,9.9,16.0,5.98,41.1,1840,19,42.4,691,921,200,690,76.92,1269.6,812.58,94.34,41.1,5.98,2.32,1.61,289.86,1.562425366,0.5435030629482881,690.0314887191465
10000,460,191,9.9,16.0,5.98,41.1,1840,19,42.4,691,921,200,690,76.92,1269.6,212.57,235.85,41.1,5.98,2.32,1.61,289.86,5.972572412,0.18969333633323077,240.83465980866976
2000,457,191,9.0,14.5,6.57,45.2,1660,17,41.9,516,816,200,690,76.92,1145.4,2501.27,47.73,45.2,6.57,2.32,1.61,289.86,0.4579277217,0.9524734838577312,1090.9631284106454
2500,457,191,9.0,14.5,6.57,45.2,1660,17,41.9,516,816,200,690,76.92,1145.4,1640.71,59.67,45.2,6.57,2.32,1.61,289.86,0.6981118211,0.8761096149029228,1003.4959529098079
3000,457,191,9.0,14.5,6.57,45.2,1660,17,41.9,516,816,200,690,76.92,1145.4,1172.36,71.6,45.2,6.57,2.32,1.61,289.86,0.9770041012,0.7753738784393847,888.1132403644713
3500,457,191,9.0,14.5,6.57,45.2,1660,17,41.9,516,816,200,690,76.92,1145.4,889.11,83.53,45.2,6.57,2.32,1.61,289.86,1.288258483,0.6907397683243682,791.1733306387314
4000,457,191,9.0,14.5,6.57,45.2,1660,17,41.9,516,816,200,690,76.92,1145.4,704.47,95.47,45.2,6.57,2.32,1.61,289.86,1.625907479,0.5438909924689055,622.9727427738844
10000,457,191,9.0,14.5,6.57,45.2,1660,17,41.9,516,816,200,690,76.92,1145.4,177.67,238.66,45.2,6.57,2.32,1.61,289.86,6.446831311,0.18864764782551144,216.07701581934083
1500,460,154,9.1,15.4,5.01,44.6,1490,9,32.8,508,462,200,690,76.92,1028.1,2503.79,45.73,44.6,5.01,2.89,1.68,289.86,0.4106172805,0.9754846821782229,1002.8958017474309
2000,460,154,9.1,15.4,5.01,44.6,1490,9,32.8,508,462,200,690,76.92,1028.1,1455.75,60.98,44.6,5.01,2.89,1.68,289.86,0.7062349367,0.873573508398272,898.1209239842633
2500,460,154,9.1,15.4,5.01,44.6,1490,9,32.8,508,462,200,690,76.92,1028.1,969.26,76.22,44.6,5.01,2.89,1.68,289.86,1.060704609,0.7091775936660287,729.1054840480441
3000,460,154,9.1,15.4,5.01,44.6,1490,9,32.8,508,462,200,690,76.92,1028.1,703.68,91.46,44.6,5.01,2.89,1.68,289.86,1.461025618,0.5778436057574339,594.0810110792177
3500,460,154,9.1,15.4,5.01,44.6,1490,9,32.8,508,462,200,690,76.92,1028.1,542.35,106.71,44.6,5.01,2.89,1.68,289.86,1.895639981,0.47127791347427406,484.5208228429011
10000,460,154,9.1,15.4,5.01,44.6,1490,9,32.8,508,462,200,690,76.92,1028.1,123.68,304.88,44.6,5.01,2.89,1.68,289.86,8.312290652,0.19533864367699094,200.82765956431436
1500,455,153,8.0,13.4,5.73,50.9,1280,8,32.3,337,387,200,690,76.92,883.2,2091.4,46.44,50.9,5.73,2.89,1.67,289.86,0.4223009837,0.9959639146196692,879.6353293920919
2000,455,153,8.0,13.4,5.73,50.9,1280,8,32.3,337,387,200,690,76.92,883.2,1208.43,61.92,50.9,5.73,2.89,1.67,289.86,0.7308659308,0.8737833421193156,771.7254477597796
2500,455,153,8.0,13.4,5.73,50.9,1280,8,32.3,337,387,200,690,76.92,883.2,798.97,77.4,50.9,5.73,2.89,1.67,289.86,1.105424818,0.7012290635413467,619.3255089197174
3000,455,153,8.0,13.4,5.73,50.9,1280,8,32.3,337,387,200,690,76.92,883.2,575.8,92.88,50.9,5.73,2.89,1.67,289.86,1.53385967,0.5662608790644087,500.1216083896858
3500,455,153,8.0,13.4,5.73,50.9,1280,8,32.3,337,387,200,690,76.92,883.2,440.55,108.36,50.9,5.73,2.89,1.67,289.86,2.004783303,0.4606164792620557,406.8164744842476
10000,455,153,8.0,13.4,5.73,50.9,1280,8,32.3,337,387,200,690,76.92,883.2,95.07,309.6,50.9,5.73,2.89,1.67,289.86,9.289946039,0.19615477907416964,173.24390087830665
1450,450,152,7.6,10.8,7.06,53.5,1090,6,31.0,211,306,200,690,76.92,752.1,1764.95,46.77,53.5,7.06,2.89,1.41,289.86,0.4261319082,0.9719512802097758,731.0045578457724
1950,450,152,7.6,10.8,7.06,53.5,1090,6,31.0,211,306,200,690,76.92,752.1,996.76,62.9,53.5,7.06,2.89,1.41,289.86,0.7545457033,0.8235318535989755,619.3783070917895
2450,450,152,7.6,10.8,7.06,53.5,1090,6,31.0,211,306,200,690,76.92,752.1,648.15,79.03,53.5,7.06,2.89,1.41,289.86,1.160387866,0.7015478550754425,527.6341418022403
2950,450,152,7.6,10.8,7.06,53.5,1090,6,31.0,211,306,200,690,76.92,752.1,460.81,95.16,53.5,7.06,2.89,1.41,289.86,1.632133375,0.5509020136055034,414.3334044326991
3450,450,152,7.6,10.8,7.06,53.5,1090,6,31.0,211,306,200,690,76.92,752.1,348.46,111.29,53.5,7.06,2.89,1.41,289.86,2.15834413,0.4290092212075159,322.6578352701727
10000,450,152,7.6,10.8,7.06,53.5,1090,6,31.0,211,306,200,690,76.92,752.1,69.32,322.58,53.5,7.06,2.89,1.41,289.86,10.84922902,0.180736672087159,135.9320510767523
4000,432,264,14.9,25.0,5.29,24.3,3240,77,63.8,3220,3200,200,690,76.92,2235.6,3244.72,62.7,24.3,5.29,1.54,1.67,289.86,0.6889967735,0.8669041644084902,1938.0509499516206
4500,432,264,14.9,25.0,5.29,24.3,3240,77,63.8,3220,3200,200,690,76.92,2235.6,2691.8,70.53,24.3,5.29,1.54,1.67,289.86,0.8305228035,0.828520701538749,1852.2408803600272
5000,432,264,14.9,25.0,5.29,24.3,3240,77,63.8,3220,3200,200,690,76.92,2235.6,2290.75,78.37,24.3,5.29,1.54,1.67,289.86,0.9759266196,0.7888160051685061,1763.4770611547121
5500,432,264,14.9,25.0,5.29,24.3,3240,77,63.8,3220,3200,200,690,76.92,2235.6,1989.15,86.21,24.3,5.29,1.54,1.67,289.86,1.123896913,0.7559590433489591,1690.022037310933
6000,432,264,14.9,25.0,5.29,24.3,3240,77,63.8,3220,3200,200,690,76.92,2235.6,1755.52,94.04,24.3,5.29,1.54,1.67,289.86,1.273471117,0.6639626281214936,1484.3548514284112
30000,432,264,14.9,25.0,5.29,24.3,3240,77,63.8,3220,3200,200,690,76.92,2235.6,272.4,470.22,24.3,5.29,1.54,1.67,289.86,8.206993261,0.2682931462440458,599.7961577431888
2900,427,264,13.3,22.3,5.92,27.0,2870,68,63.2,2270,2740,200,690,76.92,1980.3,4725.61,45.89,27.0,5.92,1.53,1.68,289.86,0.4190567046,0.9962281427761039,1972.8305911395187
3400,427,264,13.3,22.3,5.92,27.0,2870,68,63.2,2270,2740,200,690,76.92,1980.3,3572.77,53.8,27.0,5.92,1.53,1.68,289.86,0.5542765481,0.9235427548000533,1828.8917173305456
3900,427,264,13.3,22.3,5.92,27.0,2870,68,63.2,2270,2740,200,690,76.92,1980.3,2829.51,61.71,27.0,5.92,1.53,1.68,289.86,0.6998747054,0.905642515957735,1793.4438743511027
4400,427,264,13.3,22.3,5.92,27.0,2870,68,63.2,2270,2740,200,690,76.92,1980.3,2320.7,69.62,27.0,5.92,1.53,1.68,289.86,0.8533192768,0.8357131125552785,1654.962676793218
4900,427,264,13.3,22.3,5.92,27.0,2870,68,63.2,2270,2740,200,690,76.92,1980.3,1955.78,77.53,27.0,5.92,1.53,1.68,289.86,1.012537197,0.7940006924385801,1572.35957123612
30000,427,264,13.3,22.3,5.92,27.0,2870,68,63.2,2270,2740,200,690,76.92,1980.3,214.69,474.68,27.0,5.92,1.53,1.68,289.86,9.22383228,0.2678209118339554,530.3657517047818
4000,419,262,11.6,19.4,6.77,31.2,2460,57,62.7,1490,2310,200,690,76.92,1697.4,2203.67,63.8,31.2,6.77,1.53,1.67,289.86,0.7702602427,0.8452488184771676,1434.7253444831445
4500,419,262,11.6,19.4,6.77,31.2,2460,57,62.7,1490,2310,200,690,76.92,1697.4,1806.28,71.77,31.2,6.77,1.53,1.67,289.86,0.9397201094,0.8056675945050957,1367.5401749129496
5000,419,262,11.6,19.4,6.77,31.2,2460,57,62.7,1490,2310,200,690,76.92,1697.4,1519.87,79.74,31.2,6.77,1.53,1.67,289.86,1.116806872,0.7670501536714397,1301.990930841902
5500,419,262,11.6,19.4,6.77,31.2,2460,57,62.7,1490,2310,200,690,76.92,1697.4,1305.99,87.72,31.2,6.77,1.53,1.67,289.86,1.299698706,0.7148344899150403,1213.3600631817894
6000,419,262,11.6,19.4,6.77,31.2,2460,57,62.7,1490,2310,200,690,76.92,1697.4,1141.56,95.69,31.2,6.77,1.53,1.67,289.86,1.486912279,0.5863271962614429,995.2317829341732
30000,419,262,11.6,19.4,6.77,31.2,2460,57,62.7,1490,2310,200,690,76.92,1697.4,160.8,478.47,31.2,6.77,1.53,1.67,289.86,10.55597271,0.22903166690099658,388.7583513977516
2900,414,259,10.0,16.8,7.7,35.9,2130,50,62.5,995,1960,200,690,76.92,1469.7,3270.82,46.4,35.9,7.7,1.53,1.68,289.86,0.449336708,0.9660177163626916,1419.7562377382478
3400,414,259,10.0,16.8,7.7,35.9,2130,50,62.5,995,1960,200,690,76.92,1469.7,2442.29,54.4,35.9,7.7,1.53,1.68,289.86,0.6017712381,0.8664290901237365,1273.3908337548555
3900,414,259,10.0,16.8,7.7,35.9,2130,50,62.5,995,1960,200,690,76.92,1469.7,1909.97,62.4,35.9,7.7,1.53,1.68,289.86,0.7694889263,0.8451964820819069,1242.1852697157785
4400,414,259,10.0,16.8,7.7,35.9,2130,50,62.5,995,1960,200,690,76.92,1469.7,1547.17,70.4,35.9,7.7,1.53,1.68,289.86,0.9499253265,0.7636821734621311,1122.3836903372942
4900,414,259,10.0,16.8,7.7,35.9,2130,50,62.5,995,1960,200,690,76.92,1469.7,1288.36,78.4,35.9,7.7,1.53,1.68,289.86,1.140755788,0.7091182877074145,1042.1911474435872
30000,414,259,10.0,16.8,7.7,35.9,2130,50,62.5,995,1960,200,690,76.92,1469.7,122.72,480.0,35.9,7.7,1.53,1.68,289.86,11.9757969,0.20977005960076067,308.29905659523797
1900,417,181,10.9,18.2,4.98,33.0,1720,18,40.6,924,714,200,690,76.92,1186.8,2784.14,46.8,33.0,4.98,2.2,1.67,289.86,0.4262721503,0.9723176497318646,1153.9465867017768
2400,417,181,10.9,18.2,4.98,33.0,1720,18,40.6,924,714,200,690,76.92,1186.8,1823.19,59.11,33.0,4.98,2.2,1.67,289.86,0.6509462707,0.8924492686010768,1059.1587919757578
2900,417,181,10.9,18.2,4.98,33.0,1720,18,40.6,924,714,200,690,76.92,1186.8,1311.77,71.43,33.0,4.98,2.2,1.67,289.86,0.9047335098,0.7997492637396008,949.1424262061581
3400,417,181,10.9,18.2,4.98,33.0,1720,18,40.6,924,714,200,690,76.92,1186.8,1006.14,83.74,33.0,4.98,2.2,1.67,289.86,1.179555692,0.7333765336802179,870.3712701716826
3900,417,181,10.9,18.2,4.98,33.0,1720,18,40.6,924,714,200,690,76.92,1186.8,807.93,96.06,33.0,4.98,2.2,1.67,289.86,1.468935536,0.5766678595078323,684.3894156638953
15000,417,181,10.9,18.2,4.98,33.0,1720,18,40.6,924,714,200,690,76.92,1186.8,144.37,369.46,33.0,4.98,2.2,1.67,289.86,8.22054474,0.222271726810198,263.79208537834296
1950,414,180,9.7,16.0,5.61,37.4,1510,16,40.4,633,610,200,690,76.92,1041.9,2246.07,48.27,37.4,5.61,2.21,1.66,289.86,0.463876154,0.9461060380984316,985.747881094756
2450,414,180,9.7,16.0,5.61,37.4,1510,16,40.4,633,610,200,690,76.92,1041.9,1476.69,60.64,37.4,5.61,2.21,1.66,289.86,0.705562113,0.8816594368443977,918.6009672481781
2950,414,180,9.7,16.0,5.61,37.4,1510,16,40.4,633,610,200,690,76.92,1041.9,1062.34,73.02,37.4,5.61,2.21,1.66,289.86,0.980755813,0.7580443803724514,789.8064399100572
3450,414,180,9.7,16.0,5.61,37.4,1510,16,40.4,633,610,200,690,76.92,1041.9,813.06,85.4,37.4,5.61,2.21,1.66,289.86,1.28146119,0.6565589264483219,684.0687454665067
3950,414,180,9.7,16.0,5.61,37.4,1510,16,40.4,633,610,200,690,76.92,1041.9,650.82,97.77,37.4,5.61,2.21,1.66,289.86,1.600908309,0.5279489177073627,550.0699773593013
10000,414,180,9.7,16.0,5.61,37.4,1510,16,40.4,633,610,200,690,76.92,1041.9,178.57,247.52,37.4,5.61,2.21,1.66,289.86,5.834580471,0.2081371865731347,216.85813469054906
4000,409,179,8.8,14.4,6.23,41.1,1350,14,39.9,462,534,200,690,76.92,931.5,542.37,100.25,41.1,6.23,2.2,1.64,289.86,1.717461668,0.5150807279220696,479.7976980594078
4500,409,179,8.8,14.4,6.23,41.1,1350,14,39.9,462,534,200,690,76.92,931.5,448.04,112.78,41.1,6.23,2.2,1.64,289.86,2.07905681,0.44403496109368756,413.61856625877
5000,409,179,8.8,14.4,6.23,41.1,1350,14,39.9,462,534,200,690,76.92,931.5,379.79,125.31,41.1,6.23,2.2,1.64,289.86,2.452677195,0.3607972583041948,336.0826461103575
5500,409,179,8.8,14.4,6.23,41.1,1350,14,39.9,462,534,200,690,76.92,931.5,328.6,137.84,41.1,6.23,2.2,1.64,289.86,2.834725397,0.303095514015891,282.3334713058025
6000,409,179,8.8,14.4,6.23,41.1,1350,14,39.9,462,534,200,690,76.92,931.5,289.06,150.38,41.1,6.23,2.2,1.64,289.86,3.222459054,0.2738565643535253,255.0973896953088
30000,409,179,8.8,14.4,6.23,41.1,1350,14,39.9,462,534,200,690,76.92,931.5,43.51,751.88,41.1,6.23,2.2,1.64,289.86,21.40999013,0.19685636207545876,183.37170127328983
1800,406,178,7.8,12.8,6.93,46.5,1200,12,39.9,330,465,200,690,76.92,828.0,1967.93,45.11,46.5,6.93,2.21,1.66,289.86,0.4207466747,1.0337209969188912,855.9209854488419
2300,406,178,7.8,12.8,6.93,46.5,1200,12,39.9,330,465,200,690,76.92,828.0,1236.27,57.64,46.5,6.93,2.21,1.66,289.86,0.6697564018,0.8595334664639027,711.6937102321115
2800,406,178,7.8,12.8,6.93,46.5,1200,12,39.9,330,465,200,690,76.92,828.0,859.44,70.18,46.5,6.93,2.21,1.66,289.86,0.9634137319,0.7689517700284707,636.6920655835737
3300,406,178,7.8,12.8,6.93,46.5,1200,12,39.9,330,465,200,690,76.92,828.0,639.82,82.71,46.5,6.93,2.21,1.66,289.86,1.294108808,0.6985369661862353,578.3886080022028
3800,406,178,7.8,12.8,6.93,46.5,1200,12,39.9,330,465,200,690,76.92,828.0,500.4,95.24,46.5,6.93,2.21,1.66,289.86,1.654680988,0.5436834703737213,450.16991346944127
10000,406,178,7.8,12.8,6.93,46.5,1200,12,39.9,330,465,200,690,76.92,828.0,118.53,250.63,46.5,6.93,2.21,1.66,289.86,6.9854496,0.1986051671019476,164.4450783604126
1810,404,178,7.5,11.0,8.12,48.1,1050,10,38.6,227,392,200,690,76.92,724.5,1635.6,46.89,48.1,8.12,2.21,1.46,289.86,0.4429567529,0.9990320427360936,723.7987149622998
2310,404,178,7.5,11.0,8.12,48.1,1050,10,38.6,227,392,200,690,76.92,724.5,1025.68,59.84,48.1,8.12,2.21,1.46,289.86,0.7063602853,0.8569952833666888,620.8930827991661
2810,404,178,7.5,11.0,8.12,48.1,1050,10,38.6,227,392,200,690,76.92,724.5,710.79,72.8,48.1,8.12,2.21,1.46,289.86,1.019289691,0.7486170203617906,542.3730312521172
3310,404,178,7.5,11.0,8.12,48.1,1050,10,38.6,227,392,200,690,76.92,724.5,527.07,85.75,48.1,8.12,2.21,1.46,289.86,1.374589381,0.6454082440176242,467.59827279076876
3810,404,178,7.5,11.0,8.12,48.1,1050,10,38.6,227,392,200,690,76.92,724.5,410.42,98.7,48.1,8.12,2.21,1.46,289.86,1.765274079,0.5136647683462908,372.1501246668877
10000,404,178,7.5,11.0,8.12,48.1,1050,10,38.6,227,392,200,690,76.92,724.5,93.31,259.07,48.1,8.12,2.21,1.46,289.86,7.764374959,0.17963140963527613,130.14295628075755
1350,404,140,7.0,11.1,6.28,51.6,885,5,29.7,192,198,200,690,76.92,610.65,1482.71,45.45,51.6,6.28,2.81,1.59,289.86,0.4118480303,1.018746856714111,622.0977680524718
1850,404,140,7.0,11.1,6.28,51.6,885,5,29.7,192,198,200,690,76.92,610.65,811.57,62.29,51.6,6.28,2.81,1.59,289.86,0.752427362,0.8751671344046408,534.4208106241939
2350,404,140,7.0,11.1,6.28,51.6,885,5,29.7,192,198,200,690,76.92,610.65,520.33,79.12,51.6,6.28,2.81,1.59,289.86,1.173574162,0.7180040530003032,438.4491749646352
2850,404,140,7.0,11.1,6.28,51.6,885,5,29.7,192,198,200,690,76.92,610.65,367.87,95.96,51.6,6.28,2.81,1.59,289.86,1.65994645,0.5620044584654562,343.18802256193084
3350,404,140,7.0,11.1,6.28,51.6,885,5,29.7,192,198,200,690,76.92,610.65,277.93,112.79,51.6,6.28,2.81,1.59,289.86,2.197120421,0.43788040225990915,267.3916676400135
7000,404,140,7.0,11.1,6.28,51.6,885,5,29.7,192,198,200,690,76.92,610.65,90.08,235.69,51.6,6.28,2.81,1.59,289.86,6.779231051,0.18514101278894857,113.05635945957144
1350,399,140,6.4,8.8,7.97,56.8,724,4,28.4,109,152,200,690,76.92,499.56,1132.74,47.54,56.8,7.97,2.79,1.38,289.86,0.441018644,0.9416954098262953,470.4333589328241
1850,399,140,6.4,8.8,7.97,56.8,724,4,28.4,109,152,200,690,76.92,499.56,615.89,65.14,56.8,7.97,2.79,1.38,289.86,0.8111204573,0.7986730877155134,398.98512769916186
2350,399,140,6.4,8.8,7.97,56.8,724,4,28.4,109,152,200,690,76.92,499.56,391.78,82.75,56.8,7.97,2.79,1.38,289.86,1.275109666,0.6632548066085387,331.33557118936164
2850,399,140,6.4,8.8,7.97,56.8,724,4,28.4,109,152,200,690,76.92,499.56,274.63,100.35,56.8,7.97,2.79,1.38,289.86,1.819057421,0.5169676712936911,258.25636987147635
3350,399,140,6.4,8.8,7.97,56.8,724,4,28.4,109,152,200,690,76.92,499.56,205.66,117.96,56.8,7.97,2.79,1.38,289.86,2.42902421,0.3835936907614283,191.62806415677912
6000,399,140,6.4,8.8,7.97,56.8,724,4,28.4,109,152,200,690,76.92,499.56,79.23,211.27,56.8,7.97,2.79,1.38,289.86,6.305365963,0.1813809151291664,90.61064996192637
15500,599,478,100.0,139.8,1.71,2.9,33300,2570,124.0,945000,136000,200,690,76.92,22977.0,51716.46,125.0,2.9,1.71,0.96,1.4,289.86,0.4442879626,0.7402277231048997,17008.21239378128
16000,599,478,100.0,139.8,1.71,2.9,33300,2570,124.0,945000,136000,200,690,76.92,22977.0,50076.98,129.03,2.9,1.71,0.96,1.4,289.86,0.45883356,0.7201054101831099,16545.862009777316
16500,599,478,100.0,139.8,1.71,2.9,33300,2570,124.0,945000,136000,200,690,76.92,22977.0,48538.88,133.06,2.9,1.71,0.96,1.4,289.86,0.4733730519,0.6963838072137837,16000.810738351107
17000,599,478,100.0,139.8,1.71,2.9,33300,2570,124.0,945000,136000,200,690,76.92,22977.0,47093.0,137.1,2.9,1.71,0.96,1.4,289.86,0.4879069552,0.6868668760431345,15782.140210843101
17500,599,478,100.0,139.8,1.71,2.9,33300,2570,124.0,945000,136000,200,690,76.92,22977.0,45731.22,141.13,2.9,1.71,0.96,1.4,289.86,0.5024357306,0.6812649063674519,15653.42375360494
200000,599,478,100.0,139.8,1.71,2.9,33300,2570,124.0,945000,136000,200,690,76.92,22977.0,3977.75,1612.9,2.9,1.71,0.96,1.4,289.86,5.776373954,0.3006750022628856,6908.6095269943235
14000,579,472,95.0,129.7,1.82,3.0,30000,2310,123.0,766000,117000,200,690,76.92,20700.0,48984.36,113.82,3.0,1.82,0.95,1.36,289.86,0.422583896,0.7858217195139031,16266.509593937795
14500,579,472,95.0,129.7,1.82,3.0,30000,2310,123.0,766000,117000,200,690,76.92,20700.0,47263.81,117.89,3.0,1.82,0.95,1.36,289.86,0.4379672577,0.7746922085135752,16036.128716231007
15000,579,472,95.0,129.7,1.82,3.0,30000,2310,123.0,766000,117000,200,690,76.92,20700.0,45660.93,121.95,3.0,1.82,0.95,1.36,289.86,0.4533416027,0.737870207305658,15273.91329122712
15500,579,472,95.0,129.7,1.82,3.0,30000,2310,123.0,766000,117000,200,690,76.92,20700.0,44163.98,126.02,3.0,1.82,0.95,1.36,289.86,0.4687077581,0.7416280154198965,15351.699919191858
16000,579,472,95.0,129.7,1.82,3.0,30000,2310,123.0,766000,117000,200,690,76.92,20700.0,42762.72,130.08,3.0,1.82,0.95,1.36,289.86,0.4840664544,0.7229421464665139,14964.902431856837
30000,579,472,95.0,129.7,1.82,3.0,30000,2310,123.0,766000,117000,200,690,76.92,20700.0,22683.41,243.9,3.0,1.82,0.95,1.36,289.86,0.9125613972,0.42821581446987533,8864.06735952642
13000,569,455,78.0,125.0,1.82,3.7,27200,1960,119.0,604000,97200,200,690,76.92,18768.0,43242.51,109.24,3.7,1.82,0.98,1.6,289.86,0.4340173272,0.7859121554367983,14749.999333237829
13500,569,455,78.0,125.0,1.82,3.7,27200,1960,119.0,604000,97200,200,690,76.92,18768.0,41604.82,113.45,3.7,1.82,0.98,1.6,289.86,0.4511016054,0.7824737694680988,14685.467705377278
14000,569,455,78.0,125.0,1.82,3.7,27200,1960,119.0,604000,97200,200,690,76.92,18768.0,40087.74,117.65,3.7,1.82,0.98,1.6,289.86,0.4681730695,0.7731108668294897,14509.744748655863
14500,569,455,78.0,125.0,1.82,3.7,27200,1960,119.0,604000,97200,200,690,76.92,18768.0,38678.33,121.85,3.7,1.82,0.98,1.6,289.86,0.4852329616,0.7410204046816425,13907.470955065068
15000,569,455,78.0,125.0,1.82,3.7,27200,1960,119.0,604000,97200,200,690,76.92,18768.0,37365.44,126.05,3.7,1.82,0.98,1.6,289.86,0.502282371,0.7425304698980385,13935.811859046387
200000,569,455,78.0,125.0,1.82,3.7,27200,1960,119.0,604000,97200,200,690,76.92,18768.0,2777.18,1680.67,3.7,1.82,0.98,1.6,289.86,6.757928039,0.3093385613594713,5805.666119594557
12000,549,450,71.9,115.4,1.95,4.0,24300,1740,117.0,466000,81900,200,690,76.92,16767.0,38899.89,102.56,4.0,1.95,0.96,1.6,289.86,0.431029477,0.7912062270228661,13266.154808492396
12500,549,450,71.9,115.4,1.95,4.0,24300,1740,117.0,466000,81900,200,690,76.92,16767.0,37299.41,106.84,4.0,1.95,0.96,1.6,289.86,0.4495244845,0.7847950644813084,13158.658846158098
13000,549,450,71.9,115.4,1.95,4.0,24300,1740,117.0,466000,81900,200,690,76.92,16767.0,35826.85,111.11,4.0,1.95,0.96,1.6,289.86,0.4680009887,0.7821723893564396,13114.684452339423
13500,549,450,71.9,115.4,1.95,4.0,24300,1740,117.0,466000,81900,200,690,76.92,16767.0,34467.31,115.38,4.0,1.95,0.96,1.6,289.86,0.4864608811,0.7688389683787312,12891.122982806186
14000,549,450,71.9,115.4,1.95,4.0,24300,1740,117.0,466000,81900,200,690,76.92,16767.0,33208.17,119.66,4.0,1.95,0.96,1.6,289.86,0.5049058094,0.7504168988397418,12582.24014284595
200000,549,450,71.9,115.4,1.95,4.0,24300,1740,117.0,466000,81900,200,690,76.92,16767.0,2298.41,1709.4,4.0,1.95,0.96,1.6,289.86,7.295041891,0.30410905596060156,5098.996541291406
11000,531,442,66.0,105.7,2.09,4.4,21600,1530,116.0,362000,69300,200,690,76.92,14904.0,35230.15,94.83,4.4,2.09,0.96,1.6,289.86,0.4230467243,0.7990428477471975,11908.93460282423
11500,531,442,66.0,105.7,2.09,4.4,21600,1530,116.0,362000,69300,200,690,76.92,14904.0,33642.44,99.14,4.4,2.09,0.96,1.6,289.86,0.4430118772,0.7944744709451916,11840.847514967136
12000,531,442,66.0,105.7,2.09,4.4,21600,1530,116.0,362000,69300,200,690,76.92,14904.0,32193.53,103.45,4.4,2.09,0.96,1.6,289.86,0.4629502214,0.7865280782122578,11722.41447767549
12500,531,442,66.0,105.7,2.09,4.4,21600,1530,116.0,362000,69300,200,690,76.92,14904.0,30865.79,107.76,4.4,2.09,0.96,1.6,289.86,0.4828646431,0.7882621359619758,11748.258874377287
13000,531,442,66.0,105.7,2.09,4.4,21600,1530,116.0,362000,69300,200,690,76.92,14904.0,29644.5,112.07,4.4,2.09,0.96,1.6,289.86,0.5027576416,0.7845950373262138,11693.604436309892
200000,531,442,66.0,105.7,2.09,4.4,21600,1530,116.0,362000,69300,200,690,76.92,14904.0,1899.6,1724.14,4.4,2.09,0.96,1.6,289.86,7.845861993,0.30410905596060156,4532.441370036806
10000,513,437,60.5,97.1,2.25,4.8,19300,1350,114.0,278000,58800,200,690,76.92,13317.0,32109.38,87.72,4.8,2.25,0.95,1.61,289.86,0.4147385992,0.8586527518598642,11434.678696517813
10500,513,437,60.5,97.1,2.25,4.8,19300,1350,114.0,278000,58800,200,690,76.92,13317.0,30507.09,92.11,4.8,2.25,0.95,1.61,289.86,0.4365214403,0.7983502842164488,10631.630734910448
11000,513,437,60.5,97.1,2.25,4.8,19300,1350,114.0,278000,58800,200,690,76.92,13317.0,29059.65,96.49,4.8,2.25,0.95,1.61,289.86,0.4582643141,0.7858361025236761,10464.979377307794
11500,513,437,60.5,97.1,2.25,4.8,19300,1350,114.0,278000,58800,200,690,76.92,13317.0,27745.38,100.88,4.8,2.25,0.95,1.61,289.86,0.4799717237,0.7930580635450685,10561.154232229677
12000,513,437,60.5,97.1,2.25,4.8,19300,1350,114.0,278000,58800,200,690,76.92,13317.0,26546.53,105.26,4.8,2.25,0.95,1.61,289.86,0.5016475513,0.78806524218104,10494.66483012491
200000,513,437,60.5,97.1,2.25,4.8,19300,1350,114.0,278000,58800,200,690,76.92,13317.0,1563.7,1754.39,4.8,2.25,0.95,1.61,289.86,8.516323397,0.30462808474032416,4056.732204486897
10000,498,432,55.6,88.9,2.43,5.2,17200,1200,113.0,214000,50200,200,690,76.92,11868.0,26635.2,88.5,5.2,2.43,0.95,1.6,289.86,0.4455757169,0.8549496553697771,10146.542509928515
10500,498,432,55.6,88.9,2.43,5.2,17200,1200,113.0,214000,50200,200,690,76.92,11868.0,25299.82,92.92,5.2,2.43,0.95,1.6,289.86,0.4690942372,0.8033540699956411,9534.20610270827
11000,498,432,55.6,88.9,2.43,5.2,17200,1200,113.0,214000,50200,200,690,76.92,11868.0,24094.22,97.35,5.2,2.43,0.95,1.6,289.86,0.4925661727,0.7867714422647116,9337.403476797597
11500,498,432,55.6,88.9,2.43,5.2,17200,1200,113.0,214000,50200,200,690,76.92,11868.0,23000.15,101.77,5.2,2.43,0.95,1.6,289.86,0.515996678,0.7927352696772514,9408.182180529619
12000,498,432,55.6,88.9,2.43,5.2,17200,1200,113.0,214000,50200,200,690,76.92,11868.0,22002.62,106.19,5.2,2.43,0.95,1.6,289.86,0.5393902158,0.7898999455115753,9374.532553331375
100000,498,432,55.6,88.9,2.43,5.2,17200,1200,113.0,214000,50200,200,690,76.92,11868.0,2587.58,884.96,5.2,2.43,0.95,1.6,289.86,4.586525881,0.3050337697476997,3620.1407793657
9400,483,427,51.3,81.5,2.62,5.7,15300,1070,111.0,164000,43000,200,690,76.92,10557.0,23598.64,84.68,5.7,2.62,0.94,1.59,289.86,0.4473563099,0.8752020193156949,9239.50771791579
9900,483,427,51.3,81.5,2.62,5.7,15300,1070,111.0,164000,43000,200,690,76.92,10557.0,22328.6,89.19,5.7,2.62,0.94,1.59,289.86,0.4728016814,0.8621847725875019,9102.084644206258
10400,483,427,51.3,81.5,2.62,5.7,15300,1070,111.0,164000,43000,200,690,76.92,10557.0,21190.95,93.69,5.7,2.62,0.94,1.59,289.86,0.4981844235,0.8084957472777503,8535.28960401121
10900,483,427,51.3,81.5,2.62,5.7,15300,1070,111.0,164000,43000,200,690,76.92,10557.0,20165.75,98.2,5.7,2.62,0.94,1.59,289.86,0.5235115018,0.7890629632594269,8330.13770312977
11400,483,427,51.3,81.5,2.62,5.7,15300,1070,111.0,164000,43000,200,690,76.92,10557.0,19236.9,102.7,5.7,2.62,0.94,1.59,289.86,0.5487889686,0.7917769928212072,8358.789713213484
100000,483,427,51.3,81.5,2.62,5.7,15300,1070,111.0,164000,43000,200,690,76.92,10557.0,2139.07,900.9,5.7,2.62,0.94,1.59,289.86,4.935318112,0.3026815801011713,3195.4094411280653
8500,475,424,47.8,77.1,2.75,6.1,14200,982,110.0,138000,38700,200,690,76.92,9798.0,23182.47,77.27,6.1,2.75,0.94,1.61,289.86,0.4226469683,0.8700719464562059,8524.964931377905
9000,475,424,47.8,77.1,2.75,6.1,14200,982,110.0,138000,38700,200,690,76.92,9798.0,21787.17,81.82,6.1,2.75,0.94,1.61,289.86,0.4497141684,0.8667933918676205,8492.841653518946
9500,475,424,47.8,77.1,2.75,6.1,14200,982,110.0,138000,38700,200,690,76.92,9798.0,20553.99,86.36,6.1,2.75,0.94,1.61,289.86,0.4766957275,0.8631926094415334,8457.561187308145
10000,475,424,47.8,77.1,2.75,6.1,14200,982,110.0,138000,38700,200,690,76.92,9798.0,19455.87,90.91,6.1,2.75,0.94,1.61,289.86,0.5036012744,0.8341325332441352,8172.830560726036
10500,475,424,47.8,77.1,2.75,6.1,14200,982,110.0,138000,38700,200,690,76.92,9798.0,18471.48,95.45,6.1,2.75,0.94,1.61,289.86,0.5304392349,0.8018015341269342,7856.051431375701
100000,475,424,47.8,77.1,2.75,6.1,14200,982,110.0,138000,38700,200,690,76.92,9798.0,1879.82,909.09,6.1,2.75,0.94,1.61,289.86,5.212192342,0.30462808474032416,2984.745974285696
8500,465,422,45.0,72.3,2.92,6.4,13100,903,109.0,114000,34600,200,690,76.92,9039.0,20280.24,77.98,6.4,2.92,0.93,1.61,289.86,0.4457048126,0.8661357343095181,7829.000902423734
9000,465,422,45.0,72.3,2.92,6.4,13100,903,109.0,114000,34600,200,690,76.92,9039.0,19052.63,82.57,6.4,2.92,0.93,1.61,289.86,0.4744228151,0.867793930022456,7843.9893334729795
9500,465,422,45.0,72.3,2.92,6.4,13100,903,109.0,114000,34600,200,690,76.92,9039.0,17968.53,87.16,6.4,2.92,0.93,1.61,289.86,0.5030460667,0.8572249979066782,7748.4567560784635
10000,465,422,45.0,72.3,2.92,6.4,13100,903,109.0,114000,34600,200,690,76.92,9039.0,17003.87,91.74,6.4,2.92,0.93,1.61,289.86,0.5315848988,0.8000537567360024,7231.685907136726
10500,465,422,45.0,72.3,2.92,6.4,13100,903,109.0,114000,34600,200,690,76.92,9039.0,16139.68,96.33,6.4,2.92,0.93,1.61,289.86,0.5600484286,0.7994420647614888,7226.156823379098
100000,465,422,45.0,72.3,2.92,6.4,13100,903,109.0,114000,34600,200,690,76.92,9039.0,1638.44,917.43,6.4,2.92,0.93,1.61,289.86,5.51682901,0.3008708627329614,2719.571728243238
8000,455,419,42.2,67.6,3.1,6.9,12100,828,108.0,92400,31200,200,690,76.92,8349.0,18806.1,74.07,6.9,3.1,0.92,1.6,289.86,0.4439517595,0.8890396085575968,7422.591691847376
8500,455,419,42.2,67.6,3.1,6.9,12100,828,108.0,92400,31200,200,690,76.92,8349.0,17578.94,78.7,6.9,3.1,0.92,1.6,289.86,0.4749432426,0.8700543071351541,7264.083410271402
9000,455,419,42.2,67.6,3.1,6.9,12100,828,108.0,92400,31200,200,690,76.92,8349.0,16506.03,83.33,6.9,3.1,0.92,1.6,289.86,0.5058151892,0.8694006020828603,7258.625626789801
9500,455,419,42.2,67.6,3.1,6.9,12100,828,108.0,92400,31200,200,690,76.92,8349.0,15559.66,87.96,6.9,3.1,0.92,1.6,289.86,0.53657991,0.8609336079105817,7187.934692445447
10000,455,419,42.2,67.6,3.1,6.9,12100,828,108.0,92400,31200,200,690,76.92,8349.0,14718.42,92.59,6.9,3.1,0.92,1.6,289.86,0.5672485451,0.8011974937894197,6689.197875647866
100000,455,419,42.2,67.6,3.1,6.9,12100,828,108.0,92400,31200,200,690,76.92,8349.0,1412.55,925.93,6.9,3.1,0.92,1.6,289.86,5.910574959,0.30034276800880283,2507.561770105495
7500,445,417,39.1,63.0,3.31,7.4,11000,753,108.0,74100,27700,200,690,76.92,7590.0,17394.14,69.44,7.4,3.31,0.92,1.61,289.86,0.4363537308,0.9133284261075932,6932.162754156633
8000,445,417,39.1,63.0,3.31,7.4,11000,753,108.0,74100,27700,200,690,76.92,7590.0,16162.53,74.07,7.4,3.31,0.92,1.61,289.86,0.469604831,0.8894268927712506,6750.750116133792
8500,445,417,39.1,63.0,3.31,7.4,11000,753,108.0,74100,27700,200,690,76.92,7590.0,15098.16,78.7,7.4,3.31,0.92,1.61,289.86,0.5027103193,0.8702917062480449,6605.51405042266
9000,445,417,39.1,63.0,3.31,7.4,11000,753,108.0,74100,27700,200,690,76.92,7590.0,14168.81,83.33,7.4,3.31,0.92,1.61,289.86,0.5356835579,0.8683312524422148,6590.63420603641
9500,445,417,39.1,63.0,3.31,7.4,11000,753,108.0,74100,27700,200,690,76.92,7590.0,13350.05,87.96,7.4,3.31,0.92,1.61,289.86,0.5685372585,0.8598287273296706,6526.1000404322
100000,445,417,39.1,63.0,3.31,7.4,11000,753,108.0,74100,27700,200,690,76.92,7590.0,1206.37,925.93,7.4,3.31,0.92,1.61,289.86,6.29160541,0.3008708627329614,2283.609848143177
7000,434,411,35.8,57.2,3.59,8.1,9880,670,107.0,56600,23900,200,690,76.92,6817.2,15692.61,65.42,8.1,3.59,0.92,1.6,289.86,0.4344210281,0.919608851618573,6269.157463254135
7500,434,411,35.8,57.2,3.59,8.1,9880,670,107.0,56600,23900,200,690,76.92,6817.2,14474.5,70.09,8.1,3.59,0.92,1.6,289.86,0.4709800292,0.905949610102687,6176.039681992038
8000,434,411,35.8,57.2,3.59,8.1,9880,670,107.0,56600,23900,200,690,76.92,6817.2,13436.48,74.77,8.1,3.59,0.92,1.6,289.86,0.5073649964,0.8702352060148855,5932.567446444677
8500,434,411,35.8,57.2,3.59,8.1,9880,670,107.0,56600,23900,200,690,76.92,6817.2,12541.12,79.44,8.1,3.59,0.92,1.6,289.86,0.5435877327,0.8577944598049198,5847.756391382099
9000,434,411,35.8,57.2,3.59,8.1,9880,670,107.0,56600,23900,200,690,76.92,6817.2,11760.66,84.11,8.1,3.59,0.92,1.6,289.86,0.579661136,0.8568452474414877,5841.28542085811
100000,434,411,35.8,57.2,3.59,8.1,9880,670,107.0,56600,23900,200,690,76.92,6817.2,994.6,934.58,8.1,3.59,0.92,1.6,289.86,6.854246929,0.27663261362779656,1885.8598536234147
7000,424,409,32.8,52.6,3.89,8.8,8880,599,106.0,43300,20900,200,690,76.92,6127.2,13145.03,66.04,8.8,3.89,0.91,1.6,289.86,0.4661228123,0.9183277990257434,5626.778090190534
7500,424,409,32.8,52.6,3.89,8.8,8880,599,106.0,43300,20900,200,690,76.92,6127.2,12108.12,70.75,8.8,3.89,0.91,1.6,289.86,0.5060407789,0.9044979141247435,5542.039619425128
8000,424,409,32.8,52.6,3.89,8.8,8880,599,106.0,43300,20900,200,690,76.92,6127.2,11226.64,75.47,8.8,3.89,0.91,1.6,289.86,0.5457730462,0.8706019338231498,5334.352168921203
8500,424,409,32.8,52.6,3.89,8.8,8880,599,106.0,43300,20900,200,690,76.92,6127.2,10467.98,80.19,8.8,3.89,0.91,1.6,289.86,0.5853279998,0.8578676748548746,5256.3268173707875
9000,424,409,32.8,52.6,3.89,8.8,8880,599,106.0,43300,20900,200,690,76.92,6127.2,9807.96,84.91,8.8,3.89,0.91,1.6,289.86,0.6247167664,0.855085471550106,5239.279701281809
30000,424,409,32.8,52.6,3.89,8.8,8880,599,106.0,43300,20900,200,690,76.92,6127.2,2759.11,283.02,8.8,3.89,0.91,1.6,289.86,2.220712709,0.32042757283567797,1963.3238242787659
6400,417,406,30.0,48.0,4.23,9.7,7980,537,105.0,32900,18200,200,690,76.92,5506.2,12302.26,60.95,9.7,4.23,0.91,1.6,289.86,0.4475761435,0.9321922747600407,5132.837103283736
6900,417,406,30.0,48.0,4.23,9.7,7980,537,105.0,32900,18200,200,690,76.92,5506.2,11203.82,65.71,9.7,4.23,0.91,1.6,289.86,0.4914575521,0.9217274847263315,5075.215876400126
7400,417,406,30.0,48.0,4.23,9.7,7980,537,105.0,32900,18200,200,690,76.92,5506.2,10288.96,70.48,9.7,4.23,0.91,1.6,289.86,0.5351559721,0.9042954033481257,4979.23134991545
7900,417,406,30.0,48.0,4.23,9.7,7980,537,105.0,32900,18200,200,690,76.92,5506.2,9515.39,75.24,9.7,4.23,0.91,1.6,289.86,0.5786628462,0.8678261485770709,4778.4243392950675
8400,417,406,30.0,48.0,4.23,9.7,7980,537,105.0,32900,18200,200,690,76.92,5506.2,8852.7,80.0,9.7,4.23,0.91,1.6,289.86,0.6219794247,0.8588128734192627,4728.795443621144
30000,417,406,30.0,48.0,4.23,9.7,7980,537,105.0,32900,18200,200,690,76.92,5506.2,2279.44,285.71,9.7,4.23,0.91,1.6,289.86,2.415596297,0.3119929379193119,1717.895514771315
6000,406,404,27.2,43.7,4.62,10.7,7140,479,104.0,24800,15800,200,690,76.92,4926.6,11181.73,57.69,10.7,4.62,0.9,1.61,289.86,0.4405935861,0.9279417351461997,4571.597752371268
6500,406,404,27.2,43.7,4.62,10.7,7140,479,104.0,24800,15800,200,690,76.92,4926.6,10080.36,62.5,10.7,4.62,0.9,1.61,289.86,0.4887325881,0.928916826319314,4576.401636544733
7000,406,404,27.2,43.7,4.62,10.7,7140,479,104.0,24800,15800,200,690,76.92,4926.6,9178.7,67.31,10.7,4.62,0.9,1.61,289.86,0.5367426927,0.9118713427388578,4492.425357137257
7500,406,404,27.2,43.7,4.62,10.7,7140,479,104.0,24800,15800,200,690,76.92,4926.6,8427.54,72.12,10.7,4.62,0.9,1.61,289.86,0.5845835737,0.8994107382421992,4431.036943024019
8000,406,404,27.2,43.7,4.62,10.7,7140,479,104.0,24800,15800,200,690,76.92,4926.6,7792.35,76.92,10.7,4.62,0.9,1.61,289.86,0.6322357079,0.8546080431782443,4210.311985521939
30000,406,404,27.2,43.7,4.62,10.7,7140,479,104.0,24800,15800,200,690,76.92,4926.6,1871.32,288.46,10.7,4.62,0.9,1.61,289.86,2.632693791,0.29290084999515764,1443.0053275861437
5700,399,401,24.9,39.6,5.06,11.6,6390,429,103.0,18600,13800,200,690,76.92,4409.1,10074.56,55.34,11.6,5.06,0.9,1.59,289.86,0.4376467512,0.9306001563490441,4103.109149358571
6200,399,401,24.9,39.6,5.06,11.6,6390,429,103.0,18600,13800,200,690,76.92,4409.1,8993.35,60.19,11.6,5.06,0.9,1.59,289.86,0.4902623889,0.9398974420575209,4144.101811775816
6700,399,401,24.9,39.6,5.06,11.6,6390,429,103.0,18600,13800,200,690,76.92,4409.1,8121.75,65.05,11.6,5.06,0.9,1.59,289.86,0.5428756994,0.9247655438820419,4077.383759530311
7200,399,401,24.9,39.6,5.06,11.6,6390,429,103.0,18600,13800,200,690,76.92,4409.1,7405.32,69.9,11.6,5.06,0.9,1.59,289.86,0.5953959994,0.9083661080775354,4005.0770071246616
7700,399,401,24.9,39.6,5.06,11.6,6390,429,103.0,18600,13800,200,690,76.92,4409.1,6806.6,74.76,11.6,5.06,0.9,1.59,289.86,0.6477685116,0.8707705694637623,3839.3145178226746
30000,399,401,24.9,39.6,5.06,11.6,6390,429,103.0,18600,13800,200,690,76.92,4409.1,1535.94,291.26,11.6,5.06,0.9,1.59,289.86,2.870614628,0.2854409673642804,1258.5377692058487
5600,394,399,22.6,36.6,5.45,12.8,5820,388,103.0,14500,12300,200,690,76.92,4015.8,8899.18,54.37,12.8,5.45,0.9,1.62,289.86,0.4512553002,0.9298301195096034,3734.011793926665
6100,394,399,22.6,36.6,5.45,12.8,5820,388,103.0,14500,12300,200,690,76.92,4015.8,7902.23,59.22,12.8,5.45,0.9,1.62,289.86,0.50818579,0.9432250803117517,3787.8032775159327
6600,394,399,22.6,36.6,5.45,12.8,5820,388,103.0,14500,12300,200,690,76.92,4015.8,7104.38,64.08,12.8,5.45,0.9,1.62,289.86,0.5652569938,0.9147223180031333,3673.3418846369827
7100,394,399,22.6,36.6,5.45,12.8,5820,388,103.0,14500,12300,200,690,76.92,4015.8,6452.83,68.93,12.8,5.45,0.9,1.62,289.86,0.6223317103,0.906974253742729,3642.227208180051
7600,394,399,22.6,36.6,5.45,12.8,5820,388,103.0,14500,12300,200,690,76.92,4015.8,5911.5,73.79,12.8,5.45,0.9,1.62,289.86,0.6793205015,0.874622893502849,3512.3106157287416
30000,394,399,22.6,36.6,5.45,12.8,5820,388,103.0,14500,12300,200,690,76.92,4015.8,1291.62,291.26,12.8,5.45,0.9,1.62,289.86,3.109127099,0.277170042186517,1113.0594554126149
5300,386,399,21.1,33.4,5.97,13.7,5240,349,102.0,11000,10900,200,690,76.92,3615.6,8237.06,51.96,13.7,5.97,0.88,1.58,289.86,0.4389432687,0.9495384759288852,3433.1513135684772
5800,386,399,21.1,33.4,5.97,13.7,5240,349,102.0,11000,10900,200,690,76.92,3615.6,7225.93,56.86,13.7,5.97,0.88,1.58,289.86,0.5003643655,0.9393196141474403,3396.203996911485
6300,386,399,21.1,33.4,5.97,13.7,5240,349,102.0,11000,10900,200,690,76.92,3615.6,6430.48,61.76,13.7,5.97,0.88,1.58,289.86,0.5622597897,0.9467604457151902,3423.107067527842
6800,386,399,21.1,33.4,5.97,13.7,5240,349,102.0,11000,10900,200,690,76.92,3615.6,5790.54,66.67,13.7,5.97,0.88,1.58,289.86,0.6243981078,0.9225777577343688,3335.672140864384
7300,386,399,21.1,33.4,5.97,13.7,5240,349,102.0,11000,10900,200,690,76.92,3615.6,5265.81,71.57,13.7,5.97,0.88,1.58,289.86,0.6866177685,0.911183909553507,3294.47654338166
30000,386,399,21.1,33.4,5.97,13.7,5240,349,102.0,11000,10900,200,690,76.92,3615.6,1069.06,294.12,13.7,5.97,0.88,1.58,289.86,3.382026861,0.2693073212279079,973.7075506316238
5200,381,396,18.9,30.3,6.54,15.3,4700,311,102.0,8200,9560,200,690,76.92,3243.0,7194.82,50.98,15.3,6.54,0.89,1.6,289.86,0.4507411014,0.9547562924938536,3096.274656557567
5700,381,396,18.9,30.3,6.54,15.3,4700,311,102.0,8200,9560,200,690,76.92,3243.0,6267.87,55.88,15.3,6.54,0.89,1.6,289.86,0.5174008187,0.9305095210418731,3017.6423767387946
6200,381,396,18.9,30.3,6.54,15.3,4700,311,102.0,8200,9560,200,690,76.92,3243.0,5544.48,60.78,15.3,6.54,0.89,1.6,289.86,0.5849058411,0.9331439546339779,3026.1858448779903
6700,381,396,18.9,30.3,6.54,15.3,4700,311,102.0,8200,9560,200,690,76.92,3243.0,4966.77,65.69,15.3,6.54,0.89,1.6,289.86,0.6529389612,0.9109713313987149,2954.2800277260326
7200,381,396,18.9,30.3,6.54,15.3,4700,311,102.0,8200,9560,200,690,76.92,3243.0,4496.25,70.59,15.3,6.54,0.89,1.6,289.86,0.721267953,0.8898206754499949,2885.6884504843333
30000,381,396,18.9,30.3,6.54,15.3,4700,311,102.0,8200,9560,200,690,76.92,3243.0,873.44,294.12,15.3,6.54,0.89,1.6,289.86,3.712912547,0.2590629382289717,840.1411086765552
5000,376,394,17.3,27.7,7.11,16.8,4260,282,101.0,6330,8510,200,690,76.92,2939.4,6654.34,49.5,16.8,7.11,0.88,1.6,289.86,0.4417266018,0.9094939146016991,2673.3664125802347
5500,376,394,17.3,27.7,7.11,16.8,4260,282,101.0,6330,8510,200,690,76.92,2939.4,5736.96,54.46,16.8,7.11,0.88,1.6,289.86,0.5123622157,0.9040486259624037,2657.3605311538895
6000,376,394,17.3,27.7,7.11,16.8,4260,282,101.0,6330,8510,200,690,76.92,2939.4,5030.13,59.41,16.8,7.11,0.88,1.6,289.86,0.5843582113,0.9049403394432404,2659.9816337594607
6500,376,394,17.3,27.7,7.11,16.8,4260,282,101.0,6330,8510,200,690,76.92,2939.4,4471.98,64.36,16.8,7.11,0.88,1.6,289.86,0.657292034,0.8939491578891922,2627.6741546994917
7000,376,394,17.3,27.7,7.11,16.8,4260,282,101.0,6330,8510,200,690,76.92,2939.4,4021.94,69.31,16.8,7.11,0.88,1.6,289.86,0.7308417701,0.8722446737258703,2563.875993949823
30000,376,394,17.3,27.7,7.11,16.8,4260,282,101.0,6330,8510,200,690,76.92,2939.4,732.55,297.03,16.8,7.11,0.88,1.6,289.86,4.012545463,0.2586941249882462,760.4055109904508
4700,373,373,16.4,26.1,7.15,17.7,3830,228,95.5,5120,6850,200,690,76.92,2642.7,5930.56,49.21,17.7,7.15,0.93,1.59,289.86,0.4456074649,0.9056015114990451,2393.233114438526
5200,373,373,16.4,26.1,7.15,17.7,3830,228,95.5,5120,6850,200,690,76.92,2642.7,5052.95,54.45,17.7,7.15,0.93,1.59,289.86,0.5230009124,0.9014952138398333,2382.3814016145275
5700,373,373,16.4,26.1,7.15,17.7,3830,228,95.5,5120,6850,200,690,76.92,2642.7,4388.11,59.69,17.7,7.15,0.93,1.59,289.86,0.6022416633,0.9023816647291218,2384.7240253796504
6200,373,373,16.4,26.1,7.15,17.7,3830,228,95.5,5120,6850,200,690,76.92,2642.7,3870.49,64.92,17.7,7.15,0.93,1.59,289.86,0.6827818584,0.886765592276655,2343.455430709516
6700,373,373,16.4,26.1,7.15,17.7,3830,228,95.5,5120,6850,200,690,76.92,2642.7,3458.12,70.16,17.7,7.15,0.93,1.59,289.86,0.7642006265,0.8662774864877985,2289.311513541305
30000,373,373,16.4,26.1,7.15,17.7,3830,228,95.5,5120,6850,200,690,76.92,2642.7,592.35,314.14,17.7,7.15,0.93,1.59,289.86,4.461407724,0.2565694720000717,678.0361436545894
4500,368,373,15.0,23.9,7.8,19.3,3470,206,95.0,3900,6100,200,690,76.92,2394.3,5552.35,47.37,19.3,7.8,0.92,1.59,289.86,0.4312230437,0.9528485063638702,2281.4051787870144
5000,368,373,15.0,23.9,7.8,19.3,3470,206,95.0,3900,6100,200,690,76.92,2394.3,4670.94,52.63,19.3,7.8,0.92,1.59,289.86,0.5125953738,0.9249528699892874,2214.614656615351
5500,368,373,15.0,23.9,7.8,19.3,3470,206,95.0,3900,6100,200,690,76.92,2394.3,4012.83,57.89,19.3,7.8,0.92,1.59,289.86,0.5966609243,0.8941941172295984,2140.9689748828278
6000,368,373,15.0,23.9,7.8,19.3,3470,206,95.0,3900,6100,200,690,76.92,2394.3,3506.92,63.16,19.3,7.8,0.92,1.59,289.86,0.6827362582,0.872502210492206,2089.032042581489
6500,368,373,15.0,23.9,7.8,19.3,3470,206,95.0,3900,6100,200,690,76.92,2394.3,3108.37,68.42,19.3,7.8,0.92,1.59,289.86,0.7702746846,0.8613083470323468,2062.230575299548
30000,368,373,15.0,23.9,7.8,19.3,3470,206,95.0,3900,6100,200,690,76.92,2394.3,492.93,315.79,19.3,7.8,0.92,1.59,289.86,4.857291644,0.2536732173315044,607.369784256821
4450,363,371,13.3,21.8,8.49,21.7,3150,186,94.7,2960,5420,200,690,76.92,2173.5,4943.15,46.99,21.7,8.49,0.92,1.64,289.86,0.4396995128,0.9684521570025383,2104.930763245017
4950,363,371,13.3,21.8,8.49,21.7,3150,186,94.7,2960,5420,200,690,76.92,2173.5,4133.14,52.27,21.7,8.49,0.92,1.64,289.86,0.5258712668,0.9253653377199157,2011.2815615342367
5450,363,371,13.3,21.8,8.49,21.7,3150,186,94.7,2960,5420,200,690,76.92,2173.5,3531.38,57.55,21.7,8.49,0.92,1.64,289.86,0.6154819716,0.8877938396456995,1929.6199104699278
5950,363,371,13.3,21.8,8.49,21.7,3150,186,94.7,2960,5420,200,690,76.92,2173.5,3070.94,62.83,21.7,8.49,0.92,1.64,289.86,0.7077638689,0.8573787713239419,1863.5127594725877
6450,363,371,13.3,21.8,8.49,21.7,3150,186,94.7,2960,5420,200,690,76.92,2173.5,2709.82,68.11,21.7,8.49,0.92,1.64,289.86,0.8020820438,0.8291181617495452,1802.0883245626364
30000,363,371,13.3,21.8,8.49,21.7,3150,186,94.7,2960,5420,200,690,76.92,2173.5,409.54,316.79,21.7,8.49,0.92,1.64,289.86,5.307160093,0.26421019081560815,574.2608497377244
4300,361,371,12.3,19.9,9.34,23.5,2830,167,94.2,2240,4830,200,690,76.92,1952.7,4587.78,45.65,23.5,9.34,0.92,1.61,289.86,0.4256303443,0.995507655971892,1943.9277998163134
4800,361,371,12.3,19.9,9.34,23.5,2830,167,94.2,2240,4830,200,690,76.92,1952.7,3793.54,50.96,23.5,9.34,0.92,1.61,289.86,0.5147431053,0.925686316748904,1807.5876707155849
5300,361,371,12.3,19.9,9.34,23.5,2830,167,94.2,2240,4830,200,690,76.92,1952.7,3210.23,56.26,23.5,9.34,0.92,1.61,289.86,0.608274938,0.879278173343168,1716.9664890872043
5800,361,371,12.3,19.9,9.34,23.5,2830,167,94.2,2240,4830,200,690,76.92,1952.7,2768.33,61.57,23.5,9.34,0.92,1.61,289.86,0.7053712415,0.8765888978370294,1711.7151408063673
6300,361,371,12.3,19.9,9.34,23.5,2830,167,94.2,2240,4830,200,690,76.92,1952.7,2424.81,66.88,23.5,9.34,0.92,1.61,289.86,0.8052994673,0.8333299968941126,1627.2434849351337
30000,361,371,12.3,19.9,9.34,23.5,2830,167,94.2,2240,4830,200,690,76.92,1952.7,339.06,318.47,23.5,9.34,0.92,1.61,289.86,5.759080969,0.2543895348728271,496.7464447461695
4400,356,368,11.2,18.0,10.2,25.9,2570,151,94.0,1690,4300,200,690,76.92,1773.3,3875.34,46.81,25.9,10.2,0.92,1.61,289.86,0.4575860942,0.9677261341424174,1716.0687536747487
4900,356,368,11.2,18.0,10.2,25.9,2570,151,94.0,1690,4300,200,690,76.92,1773.3,3209.48,52.13,25.9,10.2,0.92,1.61,289.86,0.552519464,0.9195157142235543,1630.5772160326287
5400,356,368,11.2,18.0,10.2,25.9,2570,151,94.0,1690,4300,200,690,76.92,1773.3,2717.78,57.45,25.9,10.2,0.92,1.61,289.86,0.6524810353,0.8753521975193597,1552.2620518610804
5900,356,368,11.2,18.0,10.2,25.9,2570,151,94.0,1690,4300,200,690,76.92,1773.3,2343.76,62.77,25.9,10.2,0.92,1.61,289.86,0.7566038351,0.8593513056130792,1523.8876702436733
6400,356,368,11.2,18.0,10.2,25.9,2570,151,94.0,1690,4300,200,690,76.92,1773.3,2052.13,68.09,25.9,10.2,0.92,1.61,289.86,0.8641263037,0.8339011984055176,1478.7569951325042
30000,356,368,11.2,18.0,10.2,25.9,2570,151,94.0,1690,4300,200,690,76.92,1773.3,281.5,319.15,25.9,10.2,0.92,1.61,289.86,6.299384873,0.2515386217253307,446.05343790552894
3100,363,257,13.0,21.7,5.92,22.4,2280,62,63.0,2110,1800,200,690,76.92,1573.2,3398.88,49.21,22.4,5.92,1.33,1.67,289.86,0.4628584685,0.9315649597796193,1465.537994725297
3600,363,257,13.0,21.7,5.92,22.4,2280,62,63.0,2110,1800,200,690,76.92,1573.2,2650.94,57.14,22.4,5.92,1.33,1.67,289.86,0.5934503112,0.9093487140311554,1430.5873969138136
4100,363,257,13.0,21.7,5.92,22.4,2280,62,63.0,2110,1800,200,690,76.92,1573.2,2153.73,65.08,22.4,5.92,1.33,1.67,289.86,0.7304552066,0.8677257324587972,1365.10612230418
4600,363,257,13.0,21.7,5.92,22.4,2280,62,63.0,2110,1800,200,690,76.92,1573.2,1804.57,73.02,22.4,5.92,1.33,1.67,289.86,0.871788224,0.8255848065933942,1298.8100177327278
5100,363,257,13.0,21.7,5.92,22.4,2280,62,63.0,2110,1800,200,690,76.92,1573.2,1548.56,80.95,22.4,5.92,1.33,1.67,289.86,1.015909469,0.8014948370188016,1260.9116775979787
30000,363,257,13.0,21.7,5.92,22.4,2280,62,63.0,2110,1800,200,690,76.92,1573.2,196.33,476.19,22.4,5.92,1.33,1.67,289.86,8.012897278,0.2705068865526078,425.5614339245626
3000,361,257,11.4,20.0,6.41,25.4,2060,56,63.0,1610,1610,200,690,76.92,1421.4,3165.0,47.62,25.4,6.41,1.33,1.76,289.86,0.4490990748,0.9677354094887531,1375.5391110473138
3500,361,257,11.4,20.0,6.41,25.4,2060,56,63.0,1610,1610,200,690,76.92,1421.4,2431.88,55.56,25.4,6.41,1.33,1.76,289.86,0.5844854612,0.905559332011178,1287.1620345206884
4000,361,257,11.4,20.0,6.41,25.4,2060,56,63.0,1610,1610,200,690,76.92,1421.4,1951.83,63.49,25.4,6.41,1.33,1.76,289.86,0.7282415077,0.8618442858448541,1225.0254678998756
4500,361,257,11.4,20.0,6.41,25.4,2060,56,63.0,1610,1610,200,690,76.92,1421.4,1618.93,71.43,25.4,6.41,1.33,1.76,289.86,0.8779847788,0.8290336870303817,1178.3884827449847
5000,361,257,11.4,20.0,6.41,25.4,2060,56,63.0,1610,1610,200,690,76.92,1421.4,1377.5,79.37,25.4,6.41,1.33,1.76,289.86,1.031866482,0.7904724065796737,1123.5774787123482
30000,361,257,11.4,20.0,6.41,25.4,2060,56,63.0,1610,1610,200,690,76.92,1421.4,163.56,476.19,25.4,6.41,1.33,1.76,289.86,8.6903501,0.2688805811319231,382.1868580209155
3000,356,254,10.5,18.2,6.97,27.5,1880,50,62.5,1250,1440,200,690,76.92,1297.2,2795.57,48.0,27.5,6.97,1.33,1.74,289.86,0.464019545,0.942783927707413,1222.9793110220562
3500,356,254,10.5,18.2,6.97,27.5,1880,50,62.5,1250,1440,200,690,76.92,1297.2,2138.69,56.0,27.5,6.97,1.33,1.74,289.86,0.6065393374,0.8819850552534166,1144.111013674732
4000,356,254,10.5,18.2,6.97,27.5,1880,50,62.5,1250,1440,200,690,76.92,1297.2,1709.29,64.0,27.5,6.97,1.33,1.74,289.86,0.758912606,0.8520228385239023,1105.244026133206
4500,356,254,10.5,18.2,6.97,27.5,1880,50,62.5,1250,1440,200,690,76.92,1297.2,1412.13,72.0,27.5,6.97,1.33,1.74,289.86,0.9186097274,0.8159399894362063,1058.4373542966468
5000,356,254,10.5,18.2,6.97,27.5,1880,50,62.5,1250,1440,200,690,76.92,1297.2,1197.12,80.0,27.5,6.97,1.33,1.74,289.86,1.08359679,0.7843164725110072,1017.4153281412786
30000,356,254,10.5,18.2,6.97,27.5,1880,50,62.5,1250,1440,200,690,76.92,1297.2,137.26,480.0,27.5,6.97,1.33,1.74,289.86,9.450930882,0.2689657396757193,348.9023575073431
2800,353,254,9.5,16.4,7.75,30.4,1670,45,62.2,912,1260,200,690,76.92,1152.3,2729.2,45.02,30.4,7.75,1.33,1.72,289.86,0.4222121606,1.012140606007113,1166.2896203019961
3300,353,254,9.5,16.4,7.75,30.4,1670,45,62.2,912,1260,200,690,76.92,1152.3,2032.85,53.05,30.4,7.75,1.33,1.72,289.86,0.5668384023,0.9041624852928929,1041.8664318030005
3800,353,254,9.5,16.4,7.75,30.4,1670,45,62.2,912,1260,200,690,76.92,1152.3,1590.72,61.09,30.4,7.75,1.33,1.72,289.86,0.7243872254,0.8640544781519841,995.6499751745313
4300,353,254,9.5,16.4,7.75,30.4,1670,45,62.2,912,1260,200,690,76.92,1152.3,1291.73,69.13,30.4,7.75,1.33,1.72,289.86,0.8920572034,0.7977891760515253,919.2924675641726
4800,353,254,9.5,16.4,7.75,30.4,1670,45,62.2,912,1260,200,690,76.92,1152.3,1079.47,77.17,30.4,7.75,1.33,1.72,289.86,1.067465414,0.7594844872126598,875.1539746151478
30000,353,254,9.5,16.4,7.75,30.4,1670,45,62.2,912,1260,200,690,76.92,1152.3,110.51,482.32,30.4,7.75,1.33,1.72,289.86,10.42687569,0.2295363331674702,264.4947167088759
2300,353,205,9.4,16.8,6.11,30.9,1430,24,48.8,807,682,200,690,76.92,986.7,2205.69,47.13,30.9,6.11,1.64,1.78,289.86,0.447343893,0.9759098886344302,962.9302871155923
2800,353,205,9.4,16.8,6.11,30.9,1430,24,48.8,807,682,200,690,76.92,986.7,1557.03,57.38,30.9,6.11,1.64,1.78,289.86,0.633707137,0.8938128163515545,881.9251058940789
3300,353,205,9.4,16.8,6.11,30.9,1430,24,48.8,807,682,200,690,76.92,986.7,1177.42,67.62,30.9,6.11,1.64,1.78,289.86,0.8380193927,0.8200070728972001,809.1009788276674
3800,353,205,9.4,16.8,6.11,30.9,1430,24,48.8,807,682,200,690,76.92,986.7,935.09,77.87,30.9,6.11,1.64,1.78,289.86,1.055194538,0.7612018177354389,751.0778335595576
4300,353,205,9.4,16.8,6.11,30.9,1430,24,48.8,807,682,200,690,76.92,986.7,770.12,88.11,30.9,6.11,1.64,1.78,289.86,1.281235728,0.692954859931372,683.7385602942848
25000,353,205,9.4,16.8,6.11,30.9,1430,24,48.8,807,682,200,690,76.92,986.7,91.41,512.3,30.9,6.11,1.64,1.78,289.86,10.79469592,0.22490825933848071,221.91697948927893
2300,351,204,8.6,15.1,6.75,33.6,1280,21,48.5,604,602,200,690,76.92,883.2,1927.42,47.42,33.6,6.75,1.65,1.75,289.86,0.4582292881,0.9585031591050805,846.5499901216072
2800,351,204,8.6,15.1,6.75,33.6,1280,21,48.5,604,602,200,690,76.92,883.2,1353.17,57.73,33.6,6.75,1.65,1.75,289.86,0.6526889262,0.8829860717651294,779.8532985829623
3300,351,204,8.6,15.1,6.75,33.6,1280,21,48.5,604,602,200,690,76.92,883.2,1017.67,68.04,33.6,6.75,1.65,1.75,289.86,0.8678632422,0.8103133311701662,715.6687340894908
3800,351,204,8.6,15.1,6.75,33.6,1280,21,48.5,604,602,200,690,76.92,883.2,803.97,78.35,33.6,6.75,1.65,1.75,289.86,1.098545118,0.7496083121717361,662.0540613100774
4300,351,204,8.6,15.1,6.75,33.6,1280,21,48.5,604,602,200,690,76.92,883.2,658.88,88.66,33.6,6.75,1.65,1.75,289.86,1.340456419,0.6782224758531223,599.0060906734777
15000,351,204,8.6,15.1,6.75,33.6,1280,21,48.5,604,602,200,690,76.92,883.2,129.12,309.28,33.6,6.75,1.65,1.75,289.86,6.840390198,0.22026631716192166,194.5392113174092
2200,348,203,7.8,13.5,7.54,37.4,1140,19,48.0,437,524,200,690,76.92,786.6,1803.95,45.83,37.4,7.54,1.65,1.74,289.86,0.4360429385,0.9847434483300146,774.5991964563894
2700,348,203,7.8,13.5,7.54,37.4,1140,19,48.0,437,524,200,690,76.92,786.6,1238.2,56.25,37.4,7.54,1.65,1.74,289.86,0.6352767322,0.8594071315881414,676.009649707232
3200,348,203,7.8,13.5,7.54,37.4,1140,19,48.0,437,524,200,690,76.92,786.6,915.02,66.67,37.4,7.54,1.65,1.74,289.86,0.8596562231,0.7951089312365414,625.4326853106635
3700,348,203,7.8,13.5,7.54,37.4,1140,19,48.0,437,524,200,690,76.92,786.6,712.63,77.08,37.4,7.54,1.65,1.74,289.86,1.103794905,0.7031424652214435,553.0918631431875
4200,348,203,7.8,13.5,7.54,37.4,1140,19,48.0,437,524,200,690,76.92,786.6,577.1,87.5,37.4,7.54,1.65,1.74,289.86,1.363014997,0.6136687266492954,482.71182038233576
15000,348,203,7.8,13.5,7.54,37.4,1140,19,48.0,437,524,200,690,76.92,786.6,104.0,312.5,37.4,7.54,1.65,1.74,289.86,7.563567054,0.20562864505082237,161.74749219697688
1800,358,172,7.9,13.1,6.57,39.6,1010,11,39.4,332,330,200,690,76.92,696.9,1621.6,45.69,39.6,6.57,2.01,1.66,289.86,0.4297609002,0.9989138877365941,696.1430883636324
2300,358,172,7.9,13.1,6.57,39.6,1010,11,39.4,332,330,200,690,76.92,696.9,1028.0,58.38,39.6,6.57,2.01,1.66,289.86,0.677921445,0.8890304234091082,619.5653020738075
2800,358,172,7.9,13.1,6.57,39.6,1010,11,39.4,332,330,200,690,76.92,696.9,721.78,71.07,39.6,6.57,2.01,1.66,289.86,0.9655289916,0.7824131129661412,545.2636984261038
3300,358,172,7.9,13.1,6.57,39.6,1010,11,39.4,332,330,200,690,76.92,696.9,542.87,83.76,39.6,6.57,2.01,1.66,289.86,1.283726354,0.6823232726223079,475.5110886904863
3800,358,172,7.9,13.1,6.57,39.6,1010,11,39.4,332,330,200,690,76.92,696.9,428.91,96.45,39.6,6.57,2.01,1.66,289.86,1.624808635,0.5177899763658873,360.84783452938683
10000,358,172,7.9,13.1,6.57,39.6,1010,11,39.4,332,330,200,690,76.92,696.9,109.78,253.81,39.6,6.57,2.01,1.66,289.86,6.348064153,0.19788747716349808,137.90778283524182
1750,356,171,7.2,11.5,7.41,43.1,895,10,38.9,237,287,200,690,76.92,617.55,1476.6,44.99,43.1,7.41,2.01,1.59,289.86,0.4182230277,1.0252261181587572,633.1283892689405
2250,356,171,7.2,11.5,7.41,43.1,895,10,38.9,237,287,200,690,76.92,617.55,919.05,57.84,43.1,7.41,2.01,1.59,289.86,0.6719448393,0.8653172350267173,534.3766584907493
2750,356,171,7.2,11.5,7.41,43.1,895,10,38.9,237,287,200,690,76.92,617.55,636.16,70.69,43.1,7.41,2.01,1.59,289.86,0.9707523466,0.7768792205577358,479.7617626554297
3250,356,171,7.2,11.5,7.41,43.1,895,10,38.9,237,287,200,690,76.92,617.55,472.82,83.55,43.1,7.41,2.01,1.59,289.86,1.306086373,0.6894192542815025,425.75086048154185
3750,356,171,7.2,11.5,7.41,43.1,895,10,38.9,237,287,200,690,76.92,617.55,369.77,96.4,43.1,7.41,2.01,1.59,289.86,1.670095141,0.5024819209105137,310.3077102582877
10000,356,171,7.2,11.5,7.41,43.1,895,10,38.9,237,287,200,690,76.92,617.55,88.61,257.07,43.1,7.41,2.01,1.59,289.86,6.969264366,0.18290947808957844,112.95574819421915
1700,351,171,6.9,9.8,8.74,45.4,775,8,37.8,158,238,200,690,76.92,534.75,1292.69,44.97,45.4,8.74,2.0,1.43,289.86,0.4136710187,1.0251641537055327,548.2065311940336
2200,351,171,6.9,9.8,8.74,45.4,775,8,37.8,158,238,200,690,76.92,534.75,789.78,58.2,45.4,8.74,2.0,1.43,289.86,0.6770833058,0.8582478557127592,458.948040842398
2700,351,171,6.9,9.8,8.74,45.4,775,8,37.8,158,238,200,690,76.92,534.75,538.92,71.43,45.4,8.74,2.0,1.43,289.86,0.992257886,0.7696877602460507,411.5905297915756
3200,351,171,6.9,9.8,8.74,45.4,775,8,37.8,158,238,200,690,76.92,534.75,395.79,84.66,45.4,8.74,2.0,1.43,289.86,1.351087945,0.6492805993937424,347.20280052580375
3700,351,171,6.9,9.8,8.74,45.4,775,8,37.8,158,238,200,690,76.92,534.75,306.32,97.88,45.4,8.74,2.0,1.43,289.86,1.745747607,0.49629521536573057,265.39386641682444
10000,351,171,6.9,9.8,8.74,45.4,775,8,37.8,158,238,200,690,76.92,534.75,68.25,264.55,45.4,8.74,2.0,1.43,289.86,7.835115201,0.17587694285188207,94.05019519004394
1300,353,128,6.5,10.7,5.98,48.1,659,4,27.4,149,109,200,690,76.92,454.71,1015.86,47.45,48.1,5.98,2.67,1.65,289.86,0.4476095764,0.989499086039696,449.9351294131102
1800,353,128,6.5,10.7,5.98,48.1,659,4,27.4,149,109,200,690,76.92,454.71,549.58,65.69,48.1,5.98,2.67,1.65,289.86,0.827374475,0.8407432433668549,382.2943601913426
2300,353,128,6.5,10.7,5.98,48.1,659,4,27.4,149,109,200,690,76.92,454.71,351.93,83.94,48.1,5.98,2.67,1.65,289.86,1.292042638,0.6868706730874167,312.3269637595792
2800,353,128,6.5,10.7,5.98,48.1,659,4,27.4,149,109,200,690,76.92,454.71,249.73,102.19,48.1,5.98,2.67,1.65,289.86,1.82080954,0.5270239084851593,239.6430414272868
3300,353,128,6.5,10.7,5.98,48.1,659,4,27.4,149,109,200,690,76.92,454.71,189.81,120.44,48.1,5.98,2.67,1.65,289.86,2.395604133,0.37017238434045396,168.3210848834478
8000,353,128,6.5,10.7,5.98,48.1,659,4,27.4,149,109,200,690,76.92,454.71,53.95,291.97,48.1,5.98,2.67,1.65,289.86,8.42804052,0.19496644435597713,88.65319191310635
1250,348,127,5.8,8.5,7.46,53.3,544,3,26.4,87,84,200,690,76.92,375.36,844.93,47.35,53.3,7.46,2.67,1.46,289.86,0.4442523628,0.9656380468204278,362.46189725451575
1750,348,127,5.8,8.5,7.46,53.3,544,3,26.4,87,84,200,690,76.92,375.36,443.1,66.29,53.3,7.46,2.67,1.46,289.86,0.8471263182,0.8118968643799104,304.75360701364315
2250,348,127,5.8,8.5,7.46,53.3,544,3,26.4,87,84,200,690,76.92,375.36,277.44,85.23,53.3,7.46,2.67,1.46,289.86,1.352935886,0.6490044314147482,243.6103033758399
2750,348,127,5.8,8.5,7.46,53.3,544,3,26.4,87,84,200,690,76.92,375.36,193.3,104.17,53.3,7.46,2.67,1.46,289.86,1.941868883,0.47858330076934796,179.64102777678247
3250,348,127,5.8,8.5,7.46,53.3,544,3,26.4,87,84,200,690,76.92,375.36,144.64,123.11,53.3,7.46,2.67,1.46,289.86,2.595209728,0.34199110846671743,128.36978247406705
6000,348,127,5.8,8.5,7.46,53.3,544,3,26.4,87,84,200,690,76.92,375.36,55.59,227.27,53.3,7.46,2.67,1.46,289.86,6.752854577,0.18242681581662593,68.47572958492871
7700,427,340,45.2,75.2,2.26,5.5,9880,495,88.1,101000,15300,200,690,76.92,6817.2,15301.28,87.4,5.5,2.26,1.03,1.66,289.86,0.4455313322,0.8539724223071734,5821.700797352462
8200,427,340,45.2,75.2,2.26,5.5,9880,495,88.1,101000,15300,200,690,76.92,6817.2,14315.92,93.08,5.5,2.26,1.03,1.66,289.86,0.4761972304,0.8030218546003768,5474.360587181688
8700,427,340,45.2,75.2,2.26,5.5,9880,495,88.1,101000,15300,200,690,76.92,6817.2,13451.94,98.75,5.5,2.26,1.03,1.66,289.86,0.5067820442,0.7873091756705632,5367.244112381363
9200,427,340,45.2,75.2,2.26,5.5,9880,495,88.1,101000,15300,200,690,76.92,6817.2,12687.96,104.43,5.5,2.26,1.03,1.66,289.86,0.537296921,0.7885188856705144,5375.490947393031
9700,427,340,45.2,75.2,2.26,5.5,9880,495,88.1,101000,15300,200,690,76.92,6817.2,12007.37,110.1,5.5,2.26,1.03,1.66,289.86,0.5677511667,0.7786574204576832,5308.263366744118
120000,427,340,45.2,75.2,2.26,5.5,9880,495,88.1,101000,15300,200,690,76.92,6817.2,951.28,1362.09,5.5,2.26,1.03,1.66,289.86,7.16638075,0.31671098423708943,2159.082121741086
7000,414,335,41.4,68.4,2.45,6.0,8800,437,86.9,77000,13100,200,690,76.92,6072.0,13960.04,80.55,6.0,2.45,1.03,1.65,289.86,0.4349557507,0.8698038063882034,5281.448712389171
7500,414,335,41.4,68.4,2.45,6.0,8800,437,86.9,77000,13100,200,690,76.92,6072.0,12960.5,86.31,6.0,2.45,1.03,1.65,289.86,0.4685005182,0.8615649896280232,5231.422617021357
8000,414,335,41.4,68.4,2.45,6.0,8800,437,86.9,77000,13100,200,690,76.92,6072.0,12097.37,92.06,6.0,2.45,1.03,1.65,289.86,0.5019274645,0.7982422481018396,4846.92693047437
8500,414,335,41.4,68.4,2.45,6.0,8800,437,86.9,77000,13100,200,690,76.92,6072.0,11344.17,97.81,6.0,2.45,1.03,1.65,289.86,0.5352529743,0.785405850220058,4768.984322536193
9000,414,335,41.4,68.4,2.45,6.0,8800,437,86.9,77000,13100,200,690,76.92,6072.0,10680.91,103.57,6.0,2.45,1.03,1.65,289.86,0.5684908067,0.7869439816124478,4778.323856350783
120000,414,335,41.4,68.4,2.45,6.0,8800,437,86.9,77000,13100,200,690,76.92,6072.0,780.43,1380.9,6.0,2.45,1.03,1.65,289.86,7.780286661,0.31687739891920386,1924.0795662374057
7000,404,333,38.9,62.6,2.66,6.4,7880,390,85.9,59500,11300,200,690,76.92,5437.2,11647.9,81.49,6.4,2.66,1.03,1.61,289.86,0.4667966152,0.8678431423246962,4718.636733447838
7500,404,333,38.9,62.6,2.66,6.4,7880,390,85.9,59500,11300,200,690,76.92,5437.2,10807.81,87.31,6.4,2.66,1.03,1.61,289.86,0.503080646,0.8568079880044586,4658.636392377842
8000,404,333,38.9,62.6,2.66,6.4,7880,390,85.9,59500,11300,200,690,76.92,5437.2,10083.29,93.13,6.4,2.66,1.03,1.61,289.86,0.5392287856,0.8017185596653847,4359.10415261263
8500,404,333,38.9,62.6,2.66,6.4,7880,390,85.9,59500,11300,200,690,76.92,5437.2,9451.74,98.95,6.4,2.66,1.03,1.61,289.86,0.5752592894,0.7925670723674694,4309.345685876404
9000,404,333,38.9,62.6,2.66,6.4,7880,390,85.9,59500,11300,200,690,76.92,5437.2,8896.12,104.77,6.4,2.66,1.03,1.61,289.86,0.6111876598,0.7912197294582813,4302.0199130105675
100000,404,333,38.9,62.6,2.66,6.4,7880,390,85.9,59500,11300,200,690,76.92,5437.2,777.79,1164.14,6.4,2.66,1.03,1.61,289.86,6.990580101,0.31152253656686485,1693.8103358213575
6200,391,330,35.6,57.1,2.89,7.0,7010,345,84.8,45000,9610,200,690,76.92,4836.9,10965.53,73.11,7.0,2.89,1.01,1.6,289.86,0.4411006244,0.8958821034886271,4333.29214636414
6700,391,330,35.6,57.1,2.89,7.0,7010,345,84.8,45000,9610,200,690,76.92,4836.9,10055.83,79.01,7.0,2.89,1.01,1.6,289.86,0.4810044926,0.8683960754337451,4200.344977265481
7200,391,330,35.6,57.1,2.89,7.0,7010,345,84.8,45000,9610,200,690,76.92,4836.9,9289.02,84.91,7.0,2.89,1.01,1.6,289.86,0.5207118254,0.8684946872678602,4200.821952845912
7700,391,330,35.6,57.1,2.89,7.0,7010,345,84.8,45000,9610,200,690,76.92,4836.9,8633.5,90.8,7.0,2.89,1.01,1.6,289.86,0.5602476846,0.8475605929739082,4099.5658321554965
8200,391,330,35.6,57.1,2.89,7.0,7010,345,84.8,45000,9610,200,690,76.92,4836.9,8066.42,96.7,7.0,2.89,1.01,1.6,289.86,0.5996341567,0.7880579610268653,3811.7575516908446
100000,391,330,35.6,57.1,2.89,7.0,7010,345,84.8,45000,9610,200,690,76.92,4836.9,636.21,1179.25,7.0,2.89,1.01,1.6,289.86,7.602682133,0.31100350778714203,1504.2928668156271
6000,384,328,32.8,52.7,3.11,7.6,6330,309,84.1,34900,8380,200,690,76.92,4367.7,9561.22,71.34,7.6,3.11,1.01,1.61,289.86,0.4568138737,0.9039663293821439,3948.25373684239
6500,384,328,32.8,52.7,3.11,7.6,6330,309,84.1,34900,8380,200,690,76.92,4367.7,8729.82,77.29,7.6,3.11,1.01,1.61,289.86,0.5003193774,0.8680476076077543,3791.3715357483884
7000,384,328,32.8,52.7,3.11,7.6,6330,309,84.1,34900,8380,200,690,76.92,4367.7,8034.89,83.23,7.6,3.11,1.01,1.61,289.86,0.5435919074,0.8665137407321908,3784.6720653959896
7500,384,328,32.8,52.7,3.11,7.6,6330,309,84.1,34900,8380,200,690,76.92,4367.7,7445.05,89.18,7.6,3.11,1.01,1.61,289.86,0.5866582737,0.8539925415734505,3729.9832238303597
8000,384,328,32.8,52.7,3.11,7.6,6330,309,84.1,34900,8380,200,690,76.92,4367.7,6937.89,95.12,7.6,3.11,1.01,1.61,289.86,0.6295432392,0.8017359144135898,3501.7419533842362
100000,384,328,32.8,52.7,3.11,7.6,6330,309,84.1,34900,8380,200,690,76.92,4367.7,530.26,1189.06,7.6,3.11,1.01,1.61,289.86,8.236858126,0.31152253656686485,1360.6369829630955
5500,373,325,30.0,48.2,3.37,8.2,5700,276,83.3,26900,7300,200,690,76.92,3933.0,8869.98,66.03,8.2,3.37,1.0,1.61,289.86,0.4434056104,0.9175808869092721,3608.845628214167
6000,373,325,30.0,48.2,3.37,8.2,5700,276,83.3,26900,7300,200,690,76.92,3933.0,8008.39,72.03,8.2,3.37,1.0,1.61,289.86,0.491110212,0.9061297485360437,3563.80830099226
6500,373,325,30.0,48.2,3.37,8.2,5700,276,83.3,26900,7300,200,690,76.92,3933.0,7303.19,78.03,8.2,3.37,1.0,1.61,289.86,0.5385314419,0.8657017976196718,3404.8051700381693
7000,373,325,30.0,48.2,3.37,8.2,5700,276,83.3,26900,7300,200,690,76.92,3933.0,6715.12,84.03,8.2,3.37,1.0,1.61,289.86,0.5856933301,0.8660810844707061,3406.296905223287
7500,373,325,30.0,48.2,3.37,8.2,5700,276,83.3,26900,7300,200,690,76.92,3933.0,6216.98,90.04,8.2,3.37,1.0,1.61,289.86,0.632622115,0.8406782339271085,3306.3874940353176
100000,373,325,30.0,48.2,3.37,8.2,5700,276,83.3,26900,7300,200,690,76.92,3933.0,439.99,1200.48,8.2,3.37,1.0,1.61,289.86,8.938745978,0.291412029159468,1146.1235106841877
5300,366,323,26.9,44.2,3.65,9.2,5100,245,82.6,20300,6340,200,690,76.92,3519.0,7700.6,64.16,9.2,3.65,1.0,1.64,289.86,0.4569773444,0.9086993104744606,3197.712873559627
5800,366,323,26.9,44.2,3.65,9.2,5100,245,82.6,20300,6340,200,690,76.92,3519.0,6906.7,70.22,9.2,3.65,1.0,1.64,289.86,0.5095050612,0.8972804656058817,3157.529958467098
6300,366,323,26.9,44.2,3.65,9.2,5100,245,82.6,20300,6340,200,690,76.92,3519.0,6264.62,76.27,9.2,3.65,1.0,1.64,289.86,0.5617263599,0.859951948613058,3026.1709071693513
6800,366,323,26.9,44.2,3.65,9.2,5100,245,82.6,20300,6340,200,690,76.92,3519.0,5734.51,82.32,9.2,3.65,1.0,1.64,289.86,0.6136535348,0.8525612995578924,3000.1632131442234
7300,366,323,26.9,44.2,3.65,9.2,5100,245,82.6,20300,6340,200,690,76.92,3519.0,5289.28,88.38,9.2,3.65,1.0,1.64,289.86,0.66530804,0.8317334815485538,2926.870121569361
30000,366,323,26.9,44.2,3.65,9.2,5100,245,82.6,20300,6340,200,690,76.92,3519.0,1205.31,363.2,9.2,3.65,1.0,1.64,289.86,2.919569737,0.3090160625996907,1087.4275242883116
5000,356,320,24.4,39.7,4.03,10.1,4510,215,81.8,14800,5400,200,690,76.92,3111.9,6751.81,61.12,10.1,4.03,0.99,1.63,289.86,0.4608988049,0.937677151650785,2917.957528222078
5500,356,320,24.4,39.7,4.03,10.1,4510,215,81.8,14800,5400,200,690,76.92,3111.9,5991.12,67.24,10.1,4.03,0.99,1.63,289.86,0.5194185788,0.9121547965474383,2838.534511375973
6000,356,320,24.4,39.7,4.03,10.1,4510,215,81.8,14800,5400,200,690,76.92,3111.9,5387.2,73.35,10.1,4.03,0.99,1.63,289.86,0.5776469261,0.8879455872692255,2763.1978730231026
6500,356,320,24.4,39.7,4.03,10.1,4510,215,81.8,14800,5400,200,690,76.92,3111.9,4896.3,79.46,10.1,4.03,0.99,1.63,289.86,0.6355619861,0.8586753304507643,2672.1117608297336
7000,356,320,24.4,39.7,4.03,10.1,4510,215,81.8,14800,5400,200,690,76.92,3111.9,4489.39,85.57,10.1,4.03,0.99,1.63,289.86,0.6931671066,0.8582320642013854,2670.732360588291
30000,356,320,24.4,39.7,4.03,10.1,4510,215,81.8,14800,5400,200,690,76.92,3111.9,964.81,366.75,10.1,4.03,0.99,1.63,289.86,3.225402731,0.30243230973491175,941.139104664072
4500,348,318,22.1,35.7,4.46,11.2,3980,189,81.0,10700,4620,200,690,76.92,2746.2,6345.16,55.56,11.2,4.46,0.98,1.61,289.86,0.4328025738,0.924157205865662,2537.9205187482808
5000,348,318,22.1,35.7,4.46,11.2,3980,189,81.0,10700,4620,200,690,76.92,2746.2,5515.45,61.73,11.2,4.46,0.98,1.61,289.86,0.4979108603,0.9335409904992804,2563.6902681091237
5500,348,318,22.1,35.7,4.46,11.2,3980,189,81.0,10700,4620,200,690,76.92,2746.2,4878.59,67.9,11.2,4.46,0.98,1.61,289.86,0.5629079802,0.9074054878310869,2491.9169506817307
6000,348,318,22.1,35.7,4.46,11.2,3980,189,81.0,10700,4620,200,690,76.92,2746.2,4375.25,74.07,11.2,4.46,0.98,1.61,289.86,0.6276664242,0.875556789255986,2404.4540546547887
6500,348,318,22.1,35.7,4.46,11.2,3980,189,81.0,10700,4620,200,690,76.92,2746.2,3967.77,80.25,11.2,4.46,0.98,1.61,289.86,0.6921264662,0.854784139870363,2347.4082049119907
30000,348,318,22.1,35.7,4.46,11.2,3980,189,81.0,10700,4620,200,690,76.92,2746.2,769.88,370.37,11.2,4.46,0.98,1.61,289.86,3.567041469,0.29352195940746295,806.0700049247747
4300,340,315,20.1,31.8,4.96,12.3,3510,166,80.3,7700,3950,200,690,76.92,2421.9,5553.17,53.55,12.3,4.96,0.98,1.58,289.86,0.436129269,0.9354514381967733,2265.5698381687653
4800,340,315,20.1,31.8,4.96,12.3,3510,166,80.3,7700,3950,200,690,76.92,2421.9,4766.06,59.78,12.3,4.96,0.98,1.58,289.86,0.5081555243,0.9384175677706461,2272.753507383728
5300,340,315,20.1,31.8,4.96,12.3,3510,166,80.3,7700,3950,200,690,76.92,2421.9,4172.97,66.0,12.3,4.96,0.98,1.58,289.86,0.5803781045,0.9153967082904194,2216.999287808567
5800,340,315,20.1,31.8,4.96,12.3,3510,166,80.3,7700,3950,200,690,76.92,2421.9,3711.5,72.23,12.3,4.96,0.98,1.58,289.86,0.6525393317,0.900566444076144,2181.081870908013
6300,340,315,20.1,31.8,4.96,12.3,3510,166,80.3,7700,3950,200,690,76.92,2421.9,3342.89,78.46,12.3,4.96,0.98,1.58,289.86,0.7244931074,0.8547355097857947,2070.0839311502164
30000,340,315,20.1,31.8,4.96,12.3,3510,166,80.3,7700,3950,200,690,76.92,2421.9,612.77,373.6,12.3,4.96,0.98,1.58,289.86,3.952386976,0.2786460397276954,674.8528436165055
4000,333,312,18.0,28.0,5.57,13.7,3050,144,79.5,5370,3330,200,690,76.92,2104.5,5011.83,50.31,13.7,5.57,0.98,1.56,289.86,0.4199068361,0.935927784795202,1969.6600231015027
4500,333,312,18.0,28.0,5.57,13.7,3050,144,79.5,5370,3330,200,690,76.92,2104.5,4215.41,56.6,13.7,5.57,0.98,1.56,289.86,0.4992400011,0.93297630432817,1963.4486324586337
5000,333,312,18.0,28.0,5.57,13.7,3050,144,79.5,5370,3330,200,690,76.92,2104.5,3631.81,62.89,13.7,5.57,0.98,1.56,289.86,0.5794630404,0.9210811029525725,1938.4151811636889
5500,333,312,18.0,28.0,5.57,13.7,3050,144,79.5,5370,3330,200,690,76.92,2104.5,3188.26,69.18,13.7,5.57,0.98,1.56,289.86,0.6600770104,0.9051636935462486,1904.9169930680803
6000,333,312,18.0,28.0,5.57,13.7,3050,144,79.5,5370,3330,200,690,76.92,2104.5,2840.98,75.47,13.7,5.57,0.98,1.56,289.86,0.7407651532,0.8751286165557626,1841.7081735416023
30000,333,312,18.0,28.0,5.57,13.7,3050,144,79.5,5370,3330,200,690,76.92,2104.5,477.33,377.36,13.7,5.57,0.98,1.56,289.86,4.408902493,0.2662913996277599,560.4102505166206
4000,328,310,15.5,25.1,6.17,15.9,2690,125,79.0,3800,2870,200,690,76.92,1856.1,4135.96,50.63,15.9,6.17,0.98,1.62,289.86,0.4487709604,0.9407780321916327,1746.1781055508893
4500,328,310,15.5,25.1,6.17,15.9,2690,125,79.0,3800,2870,200,690,76.92,1856.1,3458.63,56.96,15.9,6.17,0.98,1.62,289.86,0.5366575536,0.9322240850793329,1730.3011243157496
5000,328,310,15.5,25.1,6.17,15.9,2690,125,79.0,3800,2870,200,690,76.92,1856.1,2964.63,63.29,15.9,6.17,0.98,1.62,289.86,0.6260818721,0.9072096789408725,1683.8718850821533
5500,328,310,15.5,25.1,6.17,15.9,2690,125,79.0,3800,2870,200,690,76.92,1856.1,2590.97,69.62,15.9,6.17,0.98,1.62,289.86,0.7163717724,0.8868783445851833,1646.1348953845586
6000,328,310,15.5,25.1,6.17,15.9,2690,125,79.0,3800,2870,200,690,76.92,1856.1,2299.8,75.95,15.9,6.17,0.98,1.62,289.86,0.8070708224,0.8299686123571852,1540.5047413961713
30000,328,310,15.5,25.1,6.17,15.9,2690,125,79.0,3800,2870,200,690,76.92,1856.1,374.82,379.75,15.9,6.17,0.98,1.62,289.86,4.952036495,0.26295089136541955,488.0631494633552
4000,323,310,14.0,22.9,6.76,17.7,2410,112,78.5,2850,2530,200,690,76.92,1662.9,3549.6,50.96,17.7,6.76,0.97,1.64,289.86,0.4684746856,0.9473113989593737,1575.2841253295426
4500,323,310,14.0,22.9,6.76,17.7,2410,112,78.5,2850,2530,200,690,76.92,1662.9,2954.32,57.32,17.7,6.76,0.97,1.64,289.86,0.5628715752,0.9175190725337627,1525.7424657163942
5000,323,310,14.0,22.9,6.76,17.7,2410,112,78.5,2850,2530,200,690,76.92,1662.9,2521.62,63.69,17.7,6.76,0.97,1.64,289.86,0.6594575151,0.8846021647578965,1471.0049397759062
5500,323,310,14.0,22.9,6.76,17.7,2410,112,78.5,2850,2530,200,690,76.92,1662.9,2195.49,70.06,17.7,6.76,0.97,1.64,289.86,0.7574158376,0.8645550069578886,1437.668521070273
6000,323,310,14.0,22.9,6.76,17.7,2410,112,78.5,2850,2530,200,690,76.92,1662.9,1942.27,76.43,17.7,6.76,0.97,1.64,289.86,0.85616499,0.8217403429764462,1366.4720163355323
30000,323,310,14.0,22.9,6.76,17.7,2410,112,78.5,2850,2530,200,690,76.92,1662.9,307.82,382.17,17.7,6.76,0.97,1.64,289.86,5.402100325,0.26859483091536,446.6463443291522
3700,318,307,13.1,20.5,7.48,18.9,2160,100,78.0,2120,2220,200,690,76.92,1490.4,3457.7,47.44,18.9,7.48,0.97,1.57,289.86,0.4310381814,0.9613919377066937,1432.8585439580563
4200,318,307,13.1,20.5,7.48,18.9,2160,100,78.0,2120,2220,200,690,76.92,1490.4,2811.07,53.85,18.9,7.48,0.97,1.57,289.86,0.5301902936,0.9177336590176587,1367.7902453999186
4700,318,307,13.1,20.5,7.48,18.9,2160,100,78.0,2120,2220,200,690,76.92,1490.4,2354.32,60.26,18.9,7.48,0.97,1.57,289.86,0.6330495063,0.9084483744081653,1353.9514572179296
5200,318,307,13.1,20.5,7.48,18.9,2160,100,78.0,2120,2220,200,690,76.92,1490.4,2018.22,66.67,18.9,7.48,0.97,1.57,289.86,0.7384741601,0.8725323528301698,1300.4222186580853
5700,318,307,13.1,20.5,7.48,18.9,2160,100,78.0,2120,2220,200,690,76.92,1490.4,1762.53,73.08,18.9,7.48,0.97,1.57,289.86,0.8456031841,0.8503509625300325,1267.3630745547605
30000,318,307,13.1,20.5,7.48,18.9,2160,100,78.0,2120,2220,200,690,76.92,1490.4,251.42,384.62,18.9,7.48,0.97,1.57,289.86,5.927917438,0.2545550584378923,379.3888590958347
3700,315,307,11.9,18.7,8.22,20.7,1950,90,77.5,1600,1970,200,690,76.92,1345.5,3009.4,47.74,20.7,8.22,0.97,1.57,289.86,0.4470988697,0.9520944827822712,1281.043126583546
4200,315,307,11.9,18.7,8.22,20.7,1950,90,77.5,1600,1970,200,690,76.92,1345.5,2435.26,54.19,20.7,8.22,0.97,1.57,289.86,0.5525085509,0.8982069313179312,1208.5374260882763
4700,315,307,11.9,18.7,8.22,20.7,1950,90,77.5,1600,1970,200,690,76.92,1345.5,2030.66,60.65,20.7,8.22,0.97,1.57,289.86,0.6625927983,0.8886085402758621,1195.6227909411725
5200,315,307,11.9,18.7,8.22,20.7,1950,90,77.5,1600,1970,200,690,76.92,1345.5,1733.72,67.1,20.7,8.22,0.97,1.57,289.86,0.7760787129,0.8489602129557967,1142.2759665320245
5700,315,307,11.9,18.7,8.22,20.7,1950,90,77.5,1600,1970,200,690,76.92,1345.5,1508.46,73.55,20.7,8.22,0.97,1.57,289.86,0.891967714,0.8241866307989676,1108.9431117400109
30000,315,307,11.9,18.7,8.22,20.7,1950,90,77.5,1600,1970,200,690,76.92,1345.5,207.62,387.1,20.7,8.22,0.97,1.57,289.86,6.480481024,0.2541151296151892,341.91190689723703
3700,312,305,10.9,17.0,8.99,22.6,1770,81,77.2,1220,1760,200,690,76.92,1221.3,2642.8,47.93,22.6,8.99,0.97,1.56,289.86,0.4621241341,0.9487038548799457,1158.6520179648776
4200,312,305,10.9,17.0,8.99,22.6,1770,81,77.2,1220,1760,200,690,76.92,1221.3,2129.4,54.4,22.6,8.99,0.97,1.56,289.86,0.5735424288,0.8962806069002182,1094.6275052072365
4700,312,305,10.9,17.0,8.99,22.6,1770,81,77.2,1220,1760,200,690,76.92,1221.3,1768.3,60.88,22.6,8.99,0.97,1.56,289.86,0.6906639764,0.8870628644656834,1083.369876371939
5200,312,305,10.9,17.0,8.99,22.6,1770,81,77.2,1220,1760,200,690,76.92,1221.3,1503.86,67.36,22.6,8.99,0.97,1.56,289.86,0.8121094873,0.8454581287803321,1032.5580126794196
5700,312,305,10.9,17.0,8.99,22.6,1770,81,77.2,1220,1760,200,690,76.92,1221.3,1303.75,73.83,22.6,8.99,0.97,1.56,289.86,0.9367576308,0.8142055181403458,994.3891993048043
30000,312,305,10.9,17.0,8.99,22.6,1770,81,77.2,1220,1760,200,690,76.92,1221.3,172.8,388.6,22.6,8.99,0.97,1.56,289.86,7.067521977,0.2530332421729313,309.02949866580104
3500,307,305,9.9,15.4,9.92,24.9,1590,72,76.7,907,1550,200,690,76.92,1097.1,2529.27,45.63,24.9,9.92,0.96,1.55,289.86,0.4337612387,1.0072458093892454,1105.049377480941
4000,307,305,9.9,15.4,9.92,24.9,1590,72,76.7,907,1550,200,690,76.92,1097.1,2000.15,52.15,24.9,9.92,0.96,1.55,289.86,0.5485102161,0.9296553267207787,1019.9248589453662
4500,307,305,9.9,15.4,9.92,24.9,1590,72,76.7,907,1550,200,690,76.92,1097.1,1635.51,58.67,24.9,9.92,0.96,1.55,289.86,0.6708007746,0.8868993801166776,973.0173099260069
5000,307,305,9.9,15.4,9.92,24.9,1590,72,76.7,907,1550,200,690,76.92,1097.1,1372.97,65.19,24.9,9.92,0.96,1.55,289.86,0.7990726854,0.8631439982883838,946.9552805221858
5500,307,305,9.9,15.4,9.92,24.9,1590,72,76.7,907,1550,200,690,76.92,1097.1,1177.15,71.71,24.9,9.92,0.96,1.55,289.86,0.9319984703,0.8275125234339454,907.8639894593815
30000,307,305,9.9,15.4,9.92,24.9,1590,72,76.7,907,1550,200,690,76.92,1097.1,141.2,391.13,24.9,9.92,0.96,1.55,289.86,7.769590089,0.2502910284804295,274.5942873458792
3000,310,254,9.1,16.2,7.82,27.0,1420,45,63.8,874,959,200,690,76.92,979.8,2156.14,47.02,27.0,7.82,1.16,1.78,289.86,0.4544226212,0.9648037496989453,945.3147139550266
3500,310,254,9.1,16.2,7.82,27.0,1420,45,63.8,874,959,200,690,76.92,979.8,1651.93,54.86,27.0,7.82,1.16,1.78,289.86,0.5931238869,0.8806902617082653,862.9003184217582
4000,310,254,9.1,16.2,7.82,27.0,1420,45,63.8,874,959,200,690,76.92,979.8,1322.15,62.7,27.0,7.82,1.16,1.78,289.86,0.741067405,0.8544717336161003,837.211404597055
4500,310,254,9.1,16.2,7.82,27.0,1420,45,63.8,874,959,200,690,76.92,979.8,1093.78,70.53,27.0,7.82,1.16,1.78,289.86,0.8957943899,0.8142522151882888,797.8043204414854
5000,310,254,9.1,16.2,7.82,27.0,1420,45,63.8,874,959,200,690,76.92,979.8,928.41,78.37,27.0,7.82,1.16,1.78,289.86,1.05535134,0.7758585792853319,760.1862359837681
30000,310,254,9.1,16.2,7.82,27.0,1420,45,63.8,874,959,200,690,76.92,979.8,107.76,470.22,27.0,7.82,1.16,1.78,289.86,9.092180668,0.27246806633556364,266.96421139558527
2900,307,254,8.8,14.6,8.69,28.1,1280,40,63.0,658,849,200,690,76.92,883.2,2004.0,46.03,28.1,8.69,1.15,1.67,289.86,0.4407196196,0.9827594473713392,867.9731439183669
3400,307,254,8.8,14.6,8.69,28.1,1280,40,63.0,658,849,200,690,76.92,883.2,1512.22,53.97,28.1,8.69,1.15,1.67,289.86,0.5840430435,0.8831428553949642,779.9917698848324
3900,307,254,8.8,14.6,8.69,28.1,1280,40,63.0,658,849,200,690,76.92,883.2,1195.36,61.9,28.1,8.69,1.15,1.67,289.86,0.738857499,0.8701417384357246,768.509183386432
4400,307,254,8.8,14.6,8.69,28.1,1280,40,63.0,658,849,200,690,76.92,883.2,978.62,69.84,28.1,8.69,1.15,1.67,289.86,0.9024947703,0.8021337838277831,708.4445578766981
4900,307,254,8.8,14.6,8.69,28.1,1280,40,63.0,658,849,200,690,76.92,883.2,823.32,77.78,28.1,8.69,1.15,1.67,289.86,1.07273605,0.7655522863764372,676.1357793276694
30000,307,254,8.8,14.6,8.69,28.1,1280,40,63.0,658,849,200,690,76.92,883.2,88.77,476.19,28.1,8.69,1.15,1.67,289.86,9.948790549,0.2318018278051902,204.727374317544
2400,310,205,9.4,16.2,6.31,26.8,1180,23,49.8,712,505,200,690,76.92,814.2,1770.68,48.19,26.8,6.31,1.43,1.73,289.86,0.4598233282,0.9647624422989814,785.5095805198307
2900,310,205,9.4,16.2,6.31,26.8,1180,23,49.8,712,505,200,690,76.92,814.2,1278.04,58.23,26.8,6.31,1.43,1.73,289.86,0.6370683864,0.9076550205648999,739.0127177439415
3400,310,205,9.4,16.2,6.31,26.8,1180,23,49.8,712,505,200,690,76.92,814.2,983.28,68.27,26.8,6.31,1.43,1.73,289.86,0.8280459052,0.841037384572786,684.7726385191623
3900,310,205,9.4,16.2,6.31,26.8,1180,23,49.8,712,505,200,690,76.92,814.2,791.82,78.31,26.8,6.31,1.43,1.73,289.86,1.028263747,0.7948804988590505,647.191702171039
4400,310,205,9.4,16.2,6.31,26.8,1180,23,49.8,712,505,200,690,76.92,814.2,659.59,88.35,26.8,6.31,1.43,1.73,289.86,1.234401852,0.7408734260171262,603.2191434631442
21000,310,205,9.4,16.2,6.31,26.8,1180,23,49.8,712,505,200,690,76.92,814.2,101.25,421.69,26.8,6.31,1.43,1.73,289.86,8.041832387,0.2687795360955615,218.84029828900617
2200,307,204,8.5,14.6,7.0,29.6,1050,21,49.5,524,443,200,690,76.92,724.5,1793.59,44.44,29.6,7.0,1.43,1.71,289.86,0.4039395074,1.0091086022840303,731.0991823547799
2700,307,204,8.5,14.6,7.0,29.6,1050,21,49.5,524,443,200,690,76.92,724.5,1244.56,54.55,29.6,7.0,1.43,1.71,289.86,0.5821313309,0.871486608097074,631.3920475663301
3200,307,204,8.5,14.6,7.0,29.6,1050,21,49.5,524,443,200,690,76.92,724.5,930.02,64.65,29.6,7.0,1.43,1.71,289.86,0.7790156393,0.8373915329903715,606.6901656515241
3700,307,204,8.5,14.6,7.0,29.6,1050,21,49.5,524,443,200,690,76.92,724.5,732.26,74.75,29.6,7.0,1.43,1.71,289.86,0.9894027836,0.7817566699856181,566.3827074045803
4200,307,204,8.5,14.6,7.0,29.6,1050,21,49.5,524,443,200,690,76.92,724.5,599.17,84.85,29.6,7.0,1.43,1.71,289.86,1.209171524,0.7463184146918157,540.7076914442205
21000,307,204,8.5,14.6,7.0,29.6,1050,21,49.5,524,443,200,690,76.92,724.5,82.2,424.24,29.6,7.0,1.43,1.71,289.86,8.813878165,0.22980038160939215,166.4903764760046
2300,302,203,7.5,13.1,7.77,33.6,934,18,49.3,377,387,200,690,76.92,644.46,1429.39,46.65,33.6,7.77,1.42,1.74,289.86,0.4508633036,0.9638025157983916,621.1321693314314
2800,302,203,7.5,13.1,7.77,33.6,934,18,49.3,377,387,200,690,76.92,644.46,1002.6,56.8,33.6,7.77,1.42,1.74,289.86,0.642790939,0.8611908316257294,555.0030433495176
3300,302,203,7.5,13.1,7.77,33.6,934,18,49.3,377,387,200,690,76.92,644.46,753.31,66.94,33.6,7.77,1.42,1.74,289.86,0.8555038902,0.8077568427669737,520.5669748896039
3800,302,203,7.5,13.1,7.77,33.6,934,18,49.3,377,387,200,690,76.92,644.46,594.58,77.08,33.6,7.77,1.42,1.74,289.86,1.083889731,0.750744422149823,483.8247502986749
4300,302,203,7.5,13.1,7.77,33.6,934,18,49.3,377,387,200,690,76.92,644.46,486.86,87.22,33.6,7.77,1.42,1.74,289.86,1.323716268,0.6896341176917368,444.4416034876167
18000,302,203,7.5,13.1,7.77,33.6,934,18,49.3,377,387,200,690,76.92,644.46,77.67,365.11,33.6,7.77,1.42,1.74,289.86,8.297551051,0.22394443638662198,144.32323147372242
1800,318,167,7.6,13.2,6.31,36.2,839,10,39.1,308,236,200,690,76.92,578.91,1336.4,46.04,36.2,6.31,1.82,1.74,289.86,0.433186251,0.9995668584504496,578.6592500255497
2300,318,167,7.6,13.2,6.31,36.2,839,10,39.1,308,236,200,690,76.92,578.91,854.36,58.82,36.2,6.31,1.82,1.74,289.86,0.6775941653,0.8943004159356769,517.7194537893226
2800,318,167,7.6,13.2,6.31,36.2,839,10,39.1,308,236,200,690,76.92,578.91,605.22,71.61,36.2,6.31,1.82,1.74,289.86,0.9565350951,0.7918574349440933,458.41418766348505
3300,318,167,7.6,13.2,6.31,36.2,839,10,39.1,308,236,200,690,76.92,578.91,459.24,84.4,36.2,6.31,1.82,1.74,289.86,1.260594341,0.6744554424135273,390.44900016761505
3800,318,167,7.6,13.2,6.31,36.2,839,10,39.1,308,236,200,690,76.92,578.91,365.9,97.19,36.2,6.31,1.82,1.74,289.86,1.582139803,0.5250591746253714,303.96200678237375
14000,318,167,7.6,13.2,6.31,36.2,839,10,39.1,308,236,200,690,76.92,578.91,67.79,358.06,36.2,6.31,1.82,1.74,289.86,8.539628176,0.20723461287647066,119.97018974031762
1800,312,166,6.6,11.2,7.41,41.8,706,8,38.6,190,193,200,690,76.92,487.14,1080.7,46.63,41.8,7.41,1.81,1.7,289.86,0.450762619,0.9671155254429391,471.12065706427336
2300,312,166,6.6,11.2,7.41,41.8,706,8,38.6,190,193,200,690,76.92,487.14,684.66,59.59,41.8,7.41,1.81,1.7,289.86,0.7115028258,0.8633717392923864,420.5829090788931
2800,312,166,6.6,11.2,7.41,41.8,706,8,38.6,190,193,200,690,76.92,487.14,480.39,72.54,41.8,7.41,1.81,1.7,289.86,1.014049623,0.7621908352550038,371.2936434861225
3300,312,166,6.6,11.2,7.41,41.8,706,8,38.6,190,193,200,690,76.92,487.14,361.07,85.49,41.8,7.41,1.81,1.7,289.86,1.3491709,0.6474663120588813,315.40673925636344
3800,312,166,6.6,11.2,7.41,41.8,706,8,38.6,190,193,200,690,76.92,487.14,285.08,98.45,41.8,7.41,1.81,1.7,289.86,1.708792055,0.4915784555315542,239.4675288276413
11000,312,166,6.6,11.2,7.41,41.8,706,8,38.6,190,193,200,690,76.92,487.14,64.82,284.97,41.8,7.41,1.81,1.7,289.86,7.514705542,0.19796556380655683,96.43694475272609
1800,310,165,5.8,9.7,8.54,47.2,610,7,38.4,125,163,200,690,76.92,420.9,905.5,46.88,47.2,8.54,1.82,1.65,289.86,0.4648276308,1.001682177284844,421.6080284191909
2300,310,165,5.8,9.7,8.54,47.2,610,7,38.4,125,163,200,690,76.92,420.9,569.87,59.9,47.2,8.54,1.82,1.65,289.86,0.7385848962,0.8667422832908046,364.81182703709965
2800,310,165,5.8,9.7,8.54,47.2,610,7,38.4,125,163,200,690,76.92,420.9,396.97,72.92,47.2,8.54,1.82,1.65,289.86,1.060284358,0.7281474312686148,306.47725382095996
3300,310,165,5.8,9.7,8.54,47.2,610,7,38.4,125,163,200,690,76.92,420.9,296.15,85.94,47.2,8.54,1.82,1.65,289.86,1.421225958,0.6219009097962478,261.7580929332407
3800,310,165,5.8,9.7,8.54,47.2,610,7,38.4,125,163,200,690,76.92,420.9,232.11,98.96,47.2,8.54,1.82,1.65,289.86,1.813352556,0.5084259368259768,213.99647681005362
10000,310,165,5.8,9.7,8.54,47.2,610,7,38.4,125,163,200,690,76.92,420.9,55.95,260.42,47.2,8.54,1.82,1.65,289.86,7.523384329,0.19303525199393123,81.24853756424565
1000,312,102,6.6,10.8,4.74,41.8,480,2,21.5,122,44,200,690,76.92,331.2,795.26,46.51,41.8,4.74,2.95,1.63,289.86,0.416466453,0.9623668006026989,318.73588435961386
1500,312,102,6.6,10.8,4.74,41.8,480,2,21.5,122,44,200,690,76.92,331.2,374.37,69.77,41.8,4.74,2.95,1.63,289.86,0.8846808951,0.7886725298640677,261.2083418909792
2000,312,102,6.6,10.8,4.74,41.8,480,2,21.5,122,44,200,690,76.92,331.2,226.03,93.02,41.8,4.74,2.95,1.63,289.86,1.46526818,0.5618606760126218,186.08825589538034
2500,312,102,6.6,10.8,4.74,41.8,480,2,21.5,122,44,200,690,76.92,331.2,156.46,116.28,41.8,4.74,2.95,1.63,289.86,2.116852983,0.4026066572092814,133.343324867714
3000,312,102,6.6,10.8,4.74,41.8,480,2,21.5,122,44,200,690,76.92,331.2,117.89,139.53,41.8,4.74,2.95,1.63,289.86,2.809297778,0.2943614545973821,97.49251376265295
7800,312,102,6.6,10.8,4.74,41.8,480,2,21.5,122,44,200,690,76.92,331.2,34.17,362.79,41.8,4.74,2.95,1.63,289.86,9.691484055,0.18688409402105438,61.89601193977321
950,310,102,6.0,8.9,5.72,46.2,405,2,20.9,75,35,200,690,76.92,279.45,698.31,45.45,46.2,5.72,2.95,1.49,289.86,0.4001805468,1.023833928269237,286.11039125483825
1450,310,102,6.0,8.9,5.72,46.2,405,2,20.9,75,35,200,690,76.92,279.45,313.32,69.38,46.2,5.72,2.95,1.49,289.86,0.8919052977,0.8060271897633581,225.24429817937042
1950,310,102,6.0,8.9,5.72,46.2,405,2,20.9,75,35,200,690,76.92,279.45,183.34,93.3,46.2,5.72,2.95,1.49,289.86,1.524177648,0.5784018955136456,161.63440970128826
2450,310,102,6.0,8.9,5.72,46.2,405,2,20.9,75,35,200,690,76.92,279.45,123.94,117.22,46.2,5.72,2.95,1.49,289.86,2.254731836,0.39810899561582735,111.25155882484295
2950,310,102,6.0,8.9,5.72,46.2,405,2,20.9,75,35,200,690,76.92,279.45,91.65,141.15,46.2,5.72,2.95,1.49,289.86,3.048985614,0.2889762419865305,80.75441082313594
6000,310,102,6.0,8.9,5.72,46.2,405,2,20.9,75,35,200,690,76.92,279.45,33.71,287.08,46.2,5.72,2.95,1.49,289.86,8.290102749,0.18070840215581355,50.498962982442094
900,305,101,5.6,6.7,7.53,49.4,329,1,19.6,43,26,200,690,76.92,227.01,571.11,45.92,49.4,7.53,2.95,1.2,289.86,0.3974865032,1.0149894665006334,230.41275879030877
1400,305,101,5.6,6.7,7.53,49.4,329,1,19.6,43,26,200,690,76.92,227.01,244.17,71.43,49.4,7.53,2.95,1.2,289.86,0.9297023161,0.7820436476992345,177.5317284642032
1900,305,101,5.6,6.7,7.53,49.4,329,1,19.6,43,26,200,690,76.92,227.01,138.68,96.94,49.4,7.53,2.95,1.2,289.86,1.636977418,0.5018124994677355,113.91645550417064
2400,305,101,5.6,6.7,7.53,49.4,329,1,19.6,43,26,200,690,76.92,227.01,91.66,122.45,49.4,7.53,2.95,1.2,289.86,2.476660548,0.3407384643632926,77.35103879511105
2900,305,101,5.6,6.7,7.53,49.4,329,1,19.6,43,26,200,690,76.92,227.01,66.57,147.96,49.4,7.53,2.95,1.2,289.86,3.410285742,0.25658446792251854,58.247240063090935
5000,305,101,5.6,6.7,7.53,49.4,329,1,19.6,43,26,200,690,76.92,227.01,29.13,255.1,49.4,7.53,2.95,1.2,289.86,7.792751543,0.178862733494448,40.60362913057464
900,302,101,5.1,5.7,8.82,54.3,285,1,19.1,29,22,200,690,76.92,196.65,474.79,47.12,54.3,8.82,2.93,1.13,289.86,0.414179955,0.9715024353285614,191.0459539073616
1400,302,101,5.1,5.7,8.82,54.3,285,1,19.1,29,22,200,690,76.92,196.65,201.85,73.3,54.3,8.82,2.93,1.13,289.86,0.9742195561,0.7419161104971871,145.89780312927184
1900,302,101,5.1,5.7,8.82,54.3,285,1,19.1,29,22,200,690,76.92,196.65,113.84,99.48,54.3,8.82,2.93,1.13,289.86,1.727390943,0.4972749016782137,97.78910941502073
2400,302,101,5.1,5.7,8.82,54.3,285,1,19.1,29,22,200,690,76.92,196.65,74.68,125.65,54.3,8.82,2.93,1.13,289.86,2.633369175,0.33855175085850603,66.57620180632522
2900,302,101,5.1,5.7,8.82,54.3,285,1,19.1,29,22,200,690,76.92,196.65,53.82,151.83,54.3,8.82,2.93,1.13,289.86,3.653724491,0.25657627305481207,50.45572409622879
5000,302,101,5.1,5.7,8.82,54.3,285,1,19.1,29,22,200,690,76.92,196.65,22.95,261.78,54.3,8.82,2.93,1.13,289.86,8.567628572,0.17737960318523863,34.88169896637718
4000,290,264,19.2,31.7,4.17,10.4,2410,98,68.1,6290,1620,200,690,76.92,1662.9,3770.23,58.74,10.4,4.17,0.98,1.65,289.86,0.4410606569,0.9370058298632018,1558.1469944795183
4500,290,264,19.2,31.7,4.17,10.4,2410,98,68.1,6290,1620,200,690,76.92,1662.9,3246.89,66.08,10.4,4.17,0.98,1.65,289.86,0.5121523959,0.9166141891174612,1524.2377350834263
5000,290,264,19.2,31.7,4.17,10.4,2410,98,68.1,6290,1620,200,690,76.92,1662.9,2853.07,73.42,10.4,4.17,0.98,1.65,289.86,0.5828459732,0.8865550614318791,1474.252411655072
5500,290,264,19.2,31.7,4.17,10.4,2410,98,68.1,6290,1620,200,690,76.92,1662.9,2546.2,80.76,10.4,4.17,0.98,1.65,289.86,0.6530896939,0.8612922525465699,1432.2428867596911
6000,290,264,19.2,31.7,4.17,10.4,2410,98,68.1,6290,1620,200,690,76.92,1662.9,2300.36,88.11,10.4,4.17,0.98,1.65,289.86,0.722888142,0.839632219670651,1396.2244180903258
30000,290,264,19.2,31.7,4.17,10.4,2410,98,68.1,6290,1620,200,690,76.92,1662.9,424.44,440.53,10.4,4.17,0.98,1.65,289.86,3.917888245,0.3006644513030056,499.97491607176806
4000,282,262,17.3,28.4,4.62,11.6,2130,86,67.3,4540,1380,200,690,76.92,1469.7,3079.05,59.44,11.6,4.62,0.97,1.64,289.86,0.477323172,0.9386551036314376,1379.5414058071237
4500,282,262,17.3,28.4,4.62,11.6,2130,86,67.3,4540,1380,200,690,76.92,1469.7,2641.13,66.86,11.6,4.62,0.97,1.64,289.86,0.5564673681,0.910226385708942,1337.759719076432
5000,282,262,17.3,28.4,4.62,11.6,2130,86,67.3,4540,1380,200,690,76.92,1469.7,2313.37,74.29,11.6,4.62,0.97,1.64,289.86,0.6353079201,0.8669048008590157,1274.0899858224955
5500,282,262,17.3,28.4,4.62,11.6,2130,86,67.3,4540,1380,200,690,76.92,1469.7,2059.2,81.72,11.6,4.62,0.97,1.64,289.86,0.7137223434,0.8522430972990532,1252.5416801004185
6000,282,262,17.3,28.4,4.62,11.6,2130,86,67.3,4540,1380,200,690,76.92,1469.7,1856.44,89.15,11.6,4.62,0.97,1.64,289.86,0.791674653,0.823547163443496,1210.367266112906
30000,282,262,17.3,28.4,4.62,11.6,2130,86,67.3,4540,1380,200,690,76.92,1469.7,338.06,445.77,11.6,4.62,0.97,1.64,289.86,4.347394317,0.2831601297795343,416.16044273698157
3700,274,262,15.4,25.3,5.18,13.0,1850,75,66.8,3130,1160,200,690,76.92,1276.5,2742.57,55.39,13.0,5.18,0.95,1.64,289.86,0.4654390005,0.9323617596891737,1190.1597862432302
4200,274,262,15.4,25.3,5.18,13.0,1850,75,66.8,3130,1160,200,690,76.92,1276.5,2302.52,62.87,13.0,5.18,0.95,1.64,289.86,0.554392346,0.9180028977186172,1171.8306989378148
4700,274,262,15.4,25.3,5.18,13.0,1850,75,66.8,3130,1160,200,690,76.92,1276.5,1983.65,70.36,13.0,5.18,0.95,1.64,289.86,0.6435109483,0.8964432744318629,1144.309839812273
5200,274,262,15.4,25.3,5.18,13.0,1850,75,66.8,3130,1160,200,690,76.92,1276.5,1742.83,77.84,13.0,5.18,0.95,1.64,289.86,0.7324313593,0.8489806530816761,1083.7238036587596
5700,274,262,15.4,25.3,5.18,13.0,1850,75,66.8,3130,1160,200,690,76.92,1276.5,1554.86,85.33,13.0,5.18,0.95,1.64,289.86,0.8209735012,0.8367876542066983,1068.1594405948504
40000,274,262,15.4,25.3,5.18,13.0,1850,75,66.8,3130,1160,200,690,76.92,1276.5,195.45,598.8,13.0,5.18,0.95,1.64,289.86,6.530976589,0.2704393084299676,345.2157772108537
3700,269,259,13.5,22.1,5.86,14.8,1600,64,66.0,2130,975,200,690,76.92,1104.0,2197.39,56.06,14.8,5.86,0.95,1.64,289.86,0.5024136729,0.9328669962727753,1029.8851638851438
4200,269,259,13.5,22.1,5.86,14.8,1600,64,66.0,2130,975,200,690,76.92,1104.0,1832.98,63.64,14.8,5.86,0.95,1.64,289.86,0.6022975109,0.9101046786788404,1004.7555652614398
4700,269,259,13.5,22.1,5.86,14.8,1600,64,66.0,2130,975,200,690,76.92,1104.0,1570.65,71.21,14.8,5.86,0.95,1.64,289.86,0.7028929688,0.8917402507107437,984.4812367846611
5200,269,259,13.5,22.1,5.86,14.8,1600,64,66.0,2130,975,200,690,76.92,1104.0,1373.78,78.79,14.8,5.86,0.95,1.64,289.86,0.80362309,0.8313019533248703,917.7573564706569
5700,269,259,13.5,22.1,5.86,14.8,1600,64,66.0,2130,975,200,690,76.92,1104.0,1221.02,86.36,14.8,5.86,0.95,1.64,289.86,0.9041597954,0.8214022720531585,906.828108346687
30000,269,259,13.5,22.1,5.86,14.8,1600,64,66.0,2130,975,200,690,76.92,1104.0,200.11,454.55,14.8,5.86,0.95,1.64,289.86,5.516838392,0.26360465191076327,291.0195357094826
3500,264,257,11.9,19.5,6.58,16.7,1400,56,65.8,1480,832,200,690,76.92,966.0,1955.85,53.19,16.7,6.58,0.95,1.64,289.86,0.4939032496,0.9503642331596646,918.051849232236
4000,264,257,11.9,19.5,6.58,16.7,1400,56,65.8,1480,832,200,690,76.92,966.0,1599.24,60.79,16.7,6.58,0.95,1.64,289.86,0.6040367957,0.9344710191813642,902.6990045291979
4500,264,257,11.9,19.5,6.58,16.7,1400,56,65.8,1480,832,200,690,76.92,966.0,1348.97,68.39,16.7,6.58,0.95,1.64,289.86,0.7161040109,0.8923530452283804,862.0130416906155
5000,264,257,11.9,19.5,6.58,16.7,1400,56,65.8,1480,832,200,690,76.92,966.0,1165.1,75.99,16.7,6.58,0.95,1.64,289.86,0.8291135166,0.8342464022105566,805.8820245353976
5500,264,257,11.9,19.5,6.58,16.7,1400,56,65.8,1480,832,200,690,76.92,966.0,1025.0,83.59,16.7,6.58,0.95,1.64,289.86,0.9424392948,0.8229064418222244,794.9276228002688
30000,264,257,11.9,19.5,6.58,16.7,1400,56,65.8,1480,832,200,690,76.92,966.0,155.86,455.93,16.7,6.58,0.95,1.64,289.86,6.197720154,0.2631916221500168,254.24310699691623
3200,259,257,10.7,17.3,7.41,18.7,1220,48,65.3,1030,709,200,690,76.92,841.8,1857.33,49.0,18.7,7.41,0.94,1.62,289.86,0.4532309099,0.9387606592974509,790.2487229965941
3700,259,257,10.7,17.3,7.41,18.7,1220,48,65.3,1030,709,200,690,76.92,841.8,1472.65,56.66,18.7,7.41,0.94,1.62,289.86,0.5716228691,0.8955007140382597,753.832501077407
4200,259,257,10.7,17.3,7.41,18.7,1220,48,65.3,1030,709,200,690,76.92,841.8,1212.75,64.32,18.7,7.41,0.94,1.62,289.86,0.6941272476,0.8698369186503424,732.2287181198582
4700,259,257,10.7,17.3,7.41,18.7,1220,48,65.3,1030,709,200,690,76.92,841.8,1027.66,71.98,18.7,7.41,0.94,1.62,289.86,0.8191390508,0.8405785646089124,707.5990356877825
5200,259,257,10.7,17.3,7.41,18.7,1220,48,65.3,1030,709,200,690,76.92,841.8,890.27,79.63,18.7,7.41,0.94,1.62,289.86,0.9455526266,0.8123514656831196,683.83746381205
35000,259,257,10.7,17.3,7.41,18.7,1220,48,65.3,1030,709,200,690,76.92,841.8,103.61,535.99,18.7,7.41,0.94,1.62,289.86,8.124759293,0.2652213006255173,223.26329086656045
3100,257,254,9.4,15.6,8.15,21.2,1090,43,65.0,758,623,200,690,76.92,752.1,1678.34,47.69,21.2,8.15,0.95,1.66,289.86,0.4481207584,0.9474767218324945,712.5972424902192
3600,257,254,9.4,15.6,8.15,21.2,1090,43,65.0,758,623,200,690,76.92,752.1,1310.65,55.38,21.2,8.15,0.95,1.66,289.86,0.5738361358,0.8859294530136674,666.3075416115793
4100,257,254,9.4,15.6,8.15,21.2,1090,43,65.0,758,623,200,690,76.92,752.1,1066.07,63.08,21.2,8.15,0.95,1.66,289.86,0.7054887704,0.8537494131031895,642.1049335949089
4600,257,254,9.4,15.6,8.15,21.2,1090,43,65.0,758,623,200,690,76.92,752.1,894.19,70.77,21.2,8.15,0.95,1.66,289.86,0.8410945165,0.8235334762127202,619.3795274595869
5100,257,254,9.4,15.6,8.15,21.2,1090,43,65.0,758,623,200,690,76.92,752.1,768.07,78.46,21.2,8.15,0.95,1.66,289.86,0.9792032367,0.8040940221908367,604.7591140897283
30000,257,254,9.4,15.6,8.15,21.2,1090,43,65.0,758,623,200,690,76.92,752.1,98.16,461.54,21.2,8.15,0.95,1.66,289.86,7.661928783,0.26924897201656506,202.50215185365857
3000,254,254,8.6,14.2,8.93,23.1,990,39,64.5,579,556,200,690,76.92,683.1,1561.26,46.51,23.1,8.93,0.94,1.65,289.86,0.437530153,0.9796409223217963,669.1927140380191
3500,254,254,8.6,14.2,8.93,23.1,990,39,64.5,579,556,200,690,76.92,683.1,1201.18,54.26,23.1,8.93,0.94,1.65,289.86,0.5686908262,0.8893566997458054,607.5195615963597
4000,254,254,8.6,14.2,8.93,23.1,990,39,64.5,579,556,200,690,76.92,683.1,965.26,62.02,23.1,8.93,0.94,1.65,289.86,0.7076826347,0.8802980536003338,601.331600414388
4500,254,254,8.6,14.2,8.93,23.1,990,39,64.5,579,556,200,690,76.92,683.1,801.56,69.77,23.1,8.93,0.94,1.65,289.86,0.8522097732,0.8237543759965373,562.7066142432346
5000,254,254,8.6,14.2,8.93,23.1,990,39,64.5,579,556,200,690,76.92,683.1,682.75,77.52,23.1,8.93,0.94,1.65,289.86,1.000509491,0.8005078252533839,546.8268954305865
30000,254,254,8.6,14.2,8.93,23.1,990,39,64.5,579,556,200,690,76.92,683.1,81.85,465.12,23.1,8.93,0.94,1.65,289.86,8.345655619,0.2682435689068943,183.23718192029952
2500,257,204,8.9,15.8,6.47,22.5,900,22,51.1,629,322,200,690,76.92,621.0,1343.81,48.92,22.5,6.47,1.18,1.77,289.86,0.4621195765,0.9577211488369456,594.7448334277432
3000,257,204,8.9,15.8,6.47,22.5,900,22,51.1,629,322,200,690,76.92,621.0,997.19,58.71,22.5,6.47,1.18,1.77,289.86,0.6227476743,0.9113882577537143,565.9721080650567
3500,257,204,8.9,15.8,6.47,22.5,900,22,51.1,629,322,200,690,76.92,621.0,784.57,68.49,22.5,6.47,1.18,1.77,289.86,0.791514331,0.8483057334796965,526.7978604908915
4000,257,204,8.9,15.8,6.47,22.5,900,22,51.1,629,322,200,690,76.92,621.0,643.53,78.28,22.5,6.47,1.18,1.77,289.86,0.9649958002,0.7962797250397191,494.48970924966557
4500,257,204,8.9,15.8,6.47,22.5,900,22,51.1,629,322,200,690,76.92,621.0,544.29,88.06,22.5,6.47,1.18,1.77,289.86,1.140942431,0.7590717005391674,471.383526034823
30000,257,204,8.9,15.8,6.47,22.5,900,22,51.1,629,322,200,690,76.92,621.0,64.05,587.08,22.5,6.47,1.18,1.77,289.86,9.696141345,0.27490364153668045,170.71516139427857
2200,252,203,8.0,13.5,7.53,25.0,767,19,50.3,406,266,200,690,76.92,529.23,1352.25,43.74,25.0,7.53,1.17,1.68,289.86,0.3913695893,1.022029917715637,540.8888933526465
2700,252,203,8.0,13.5,7.53,25.0,767,19,50.3,406,266,200,690,76.92,529.23,947.22,53.68,25.0,7.53,1.17,1.68,289.86,0.5587173516,0.9063289967009491,479.65649492404333
3200,252,203,8.0,13.5,7.53,25.0,767,19,50.3,406,266,200,690,76.92,529.23,714.42,63.62,25.0,7.53,1.17,1.68,289.86,0.7407844726,0.8600888037114315,455.1847975882009
3700,252,203,8.0,13.5,7.53,25.0,767,19,50.3,406,266,200,690,76.92,529.23,567.43,73.56,25.0,7.53,1.17,1.68,289.86,0.9326770532,0.804290975068512,425.6549127355086
4200,252,203,8.0,13.5,7.53,25.0,767,19,50.3,406,266,200,690,76.92,529.23,468.02,83.5,25.0,7.53,1.17,1.68,289.86,1.13079459,0.7838972003455815,414.8619153388921
25000,252,203,8.0,13.5,7.53,25.0,767,19,50.3,406,266,200,690,76.92,529.23,57.01,497.02,25.0,7.53,1.17,1.68,289.86,9.282630882,0.270996183235374,143.419310053657
2200,247,202,7.4,11.0,9.15,27.1,636,15,49.3,243,212,200,690,76.92,438.84,1057.67,44.62,27.1,9.15,1.17,1.5,289.86,0.4149135452,1.0256868976675928,450.1124381724464
2700,247,202,7.4,11.0,9.15,27.1,636,15,49.3,243,212,200,690,76.92,438.84,733.12,54.77,27.1,9.15,1.17,1.5,289.86,0.5985907151,0.884960435308856,388.3560374309384
3200,247,202,7.4,11.0,9.15,27.1,636,15,49.3,243,212,200,690,76.92,438.84,547.25,64.91,27.1,9.15,1.17,1.5,289.86,0.801907235,0.8558243217193454,375.5699453433175
3700,247,202,7.4,11.0,9.15,27.1,636,15,49.3,243,212,200,690,76.92,438.84,430.43,75.05,27.1,9.15,1.17,1.5,289.86,1.019532972,0.8033661652254821,352.54920794755054
4200,247,202,7.4,11.0,9.15,27.1,636,15,49.3,243,212,200,690,76.92,438.84,351.86,85.19,27.1,9.15,1.17,1.5,289.86,1.247197885,0.7582015724056507,332.7291780344957
22000,247,202,7.4,11.0,9.15,27.1,636,15,49.3,243,212,200,690,76.92,438.84,45.61,446.25,27.1,9.15,1.17,1.5,289.86,9.620987777,0.2546892483661019,111.76782975298015
1500,267,148,7.6,13.0,5.7,29.5,600,7,34.8,259,111,200,690,76.92,414.0,1107.88,43.1,29.5,5.7,1.72,1.7,289.86,0.3736855392,1.0223961872620202,423.27202152647635
2000,267,148,7.6,13.0,5.7,29.5,600,7,34.8,259,111,200,690,76.92,414.0,663.07,57.47,29.5,5.7,1.72,1.7,289.86,0.6243692492,0.8989829365087305,372.17893571461445
2500,267,148,7.6,13.0,5.7,29.5,600,7,34.8,259,111,200,690,76.92,414.0,455.08,71.84,29.5,5.7,1.72,1.7,289.86,0.9097207463,0.8063158032476071,333.81474254450933
3000,267,148,7.6,13.0,5.7,29.5,600,7,34.8,259,111,200,690,76.92,414.0,340.29,86.21,29.5,5.7,1.72,1.7,289.86,1.216594942,0.7075831231234994,292.93941297312875
3500,267,148,7.6,13.0,5.7,29.5,600,7,34.8,259,111,200,690,76.92,414.0,269.56,100.57,29.5,5.7,1.72,1.7,289.86,1.535817028,0.5522063040049178,228.61340985803596
15000,267,148,7.6,13.0,5.7,29.5,600,7,34.8,259,111,200,690,76.92,414.0,46.76,431.03,29.5,5.7,1.72,1.7,289.86,8.853627917,0.2249855803589105,93.14403026858895
1500,262,147,6.6,11.2,6.56,34.0,513,6,34.5,167,93,200,690,76.92,353.97,911.85,43.48,34.0,6.56,1.71,1.7,289.86,0.3881886216,1.0285187964309672,364.0647983726695
2000,262,147,6.6,11.2,6.56,34.0,513,6,34.5,167,93,200,690,76.92,353.97,539.46,57.97,34.0,6.56,1.71,1.7,289.86,0.6561514345,0.8981316868741598,317.9116732028464
2500,262,147,6.6,11.2,6.56,34.0,513,6,34.5,167,93,200,690,76.92,353.97,365.94,72.46,34.0,6.56,1.71,1.7,289.86,0.9672772086,0.8045509504827818,284.7868999423903
3000,262,147,6.6,11.2,6.56,34.0,513,6,34.5,167,93,200,690,76.92,353.97,270.65,86.96,34.0,6.56,1.71,1.7,289.86,1.30783323,0.6988262613682169,247.36353173650775
3500,262,147,6.6,11.2,6.56,34.0,513,6,34.5,167,93,200,690,76.92,353.97,212.3,101.45,34.0,6.56,1.71,1.7,289.86,1.66728651,0.5368854067857428,190.04132743994938
12000,262,147,6.6,11.2,6.56,34.0,513,6,34.5,167,93,200,690,76.92,353.97,44.15,347.83,34.0,6.56,1.71,1.7,289.86,8.017580471,0.22000781266145378,77.8761654477748
1500,259,146,6.1,9.1,7.99,36.9,426,5,33.8,100,74,200,690,76.92,293.94,719.55,44.38,36.9,7.99,1.71,1.5,289.86,0.4085078598,1.0240614957509682,301.0126360610396
2000,259,146,6.1,9.1,7.99,36.9,426,5,33.8,100,74,200,690,76.92,293.94,421.06,59.17,36.9,7.99,1.71,1.5,289.86,0.6981023471,0.860701372058538,252.99456130288667
2500,259,146,6.1,9.1,7.99,36.9,426,5,33.8,100,74,200,690,76.92,293.94,282.33,73.96,36.9,7.99,1.71,1.5,289.86,1.041118391,0.7285270765863274,214.14324889178508
3000,259,146,6.1,9.1,7.99,36.9,426,5,33.8,100,74,200,690,76.92,293.94,206.45,88.76,36.9,7.99,1.71,1.5,289.86,1.423777636,0.6203373731227991,182.34196745571558
3500,259,146,6.1,9.1,7.99,36.9,426,5,33.8,100,74,200,690,76.92,293.94,160.23,103.55,36.9,7.99,1.71,1.5,289.86,1.834494348,0.49317697165580543,144.96443904850744
10000,259,146,6.1,9.1,7.99,36.9,426,5,33.8,100,74,200,690,76.92,293.94,38.29,295.86,36.9,7.99,1.71,1.5,289.86,7.67716822,0.18781689882486174,55.20689924057986
1100,259,102,6.4,10.0,5.09,35.4,354,2,22.2,97,28,200,690,76.92,244.26,515.24,49.55,35.4,5.09,2.44,1.58,289.86,0.4740686595,0.9211181645361861,224.9923228696088
1600,259,102,6.4,10.0,5.09,35.4,354,2,22.2,97,28,200,690,76.92,244.26,261.97,72.07,35.4,5.09,2.44,1.58,289.86,0.9323999011,0.785450169589581,191.85405842395105
2100,259,102,6.4,10.0,5.09,35.4,354,2,22.2,97,28,200,690,76.92,244.26,165.62,94.59,35.4,5.09,2.44,1.58,289.86,1.47482373,0.5588711587798224,136.50986924355942
2600,259,102,6.4,10.0,5.09,35.4,354,2,22.2,97,28,200,690,76.92,244.26,118.32,117.12,35.4,5.09,2.44,1.58,289.86,2.064348832,0.4046038799540433,98.8285437175746
3100,259,102,6.4,10.0,5.09,35.4,354,2,22.2,97,28,200,690,76.92,244.26,91.24,139.64,35.4,5.09,2.44,1.58,289.86,2.677256832,0.30064547271656406,73.43566316574794
8000,259,102,6.4,10.0,5.09,35.4,354,2,22.2,97,28,200,690,76.92,244.26,28.08,360.36,35.4,5.09,2.44,1.58,289.86,8.698883571,0.20007941517061179,48.871397949573634
960,257,102,6.1,8.4,6.08,36.9,306,1,21.5,65,23,200,690,76.92,211.14,542.2,44.65,36.9,6.08,2.44,1.38,289.86,0.3894154899,1.0133566584383211,213.9601248626671
1460,257,102,6.1,8.4,6.08,36.9,306,1,21.5,65,23,200,690,76.92,211.14,248.23,67.91,36.9,6.08,2.44,1.38,289.86,0.8505847397,0.8076189806171471,170.52067156750442
1960,257,102,6.1,8.4,6.08,36.9,306,1,21.5,65,23,200,690,76.92,211.14,147.89,91.16,36.9,6.08,2.44,1.38,289.86,1.427691085,0.6028404603665204,127.2837348017871
2460,257,102,6.1,8.4,6.08,36.9,306,1,21.5,65,23,200,690,76.92,211.14,101.61,114.42,36.9,6.08,2.44,1.38,289.86,2.077999369,0.43281525850308383,91.38461368034112
2960,257,102,6.1,8.4,6.08,36.9,306,1,21.5,65,23,200,690,76.92,211.14,76.22,137.67,36.9,6.08,2.44,1.38,289.86,2.770311097,0.29481484210254577,62.24720576153151
7000,257,102,6.1,8.4,6.08,36.9,306,1,21.5,65,23,200,690,76.92,211.14,24.6,325.58,36.9,6.08,2.44,1.38,289.86,8.582816531,0.19104516997146373,40.33727718777485
900,254,102,5.8,6.9,7.41,38.5,262,1,20.6,43,18,200,690,76.92,180.78,490.43,43.69,38.5,7.41,2.42,1.18,289.86,0.3686167866,1.0195308968437518,184.31079553141345
1400,254,102,5.8,6.9,7.41,38.5,262,1,20.6,43,18,200,690,76.92,180.78,212.44,67.96,38.5,7.41,2.42,1.18,289.86,0.8509673062,0.7940859967520416,143.5548664928341
1900,254,102,5.8,6.9,7.41,38.5,262,1,20.6,43,18,200,690,76.92,180.78,122.55,92.23,38.5,7.41,2.42,1.18,289.86,1.475180532,0.5446907353772916,98.46919114150678
2400,254,102,5.8,6.9,7.41,38.5,262,1,20.6,43,18,200,690,76.92,180.78,82.32,116.5,38.5,7.41,2.42,1.18,289.86,2.196091786,0.38925172727047425,70.36892725595634
2900,254,102,5.8,6.9,7.41,38.5,262,1,20.6,43,18,200,690,76.92,180.78,60.71,140.78,38.5,7.41,2.42,1.18,289.86,2.977639193,0.2914620962311468,52.69051775666672
5500,254,102,5.8,6.9,7.41,38.5,262,1,20.6,43,18,200,690,76.92,180.78,24.66,266.99,38.5,7.41,2.42,1.18,289.86,7.331283868,0.18404552947353317,33.27175081822533
800,251,101,4.8,5.4,9.43,46.6,206,1,19.9,23,14,200,690,76.92,142.14,459.64,40.2,46.6,9.43,2.43,1.11,289.86,0.3092418322,1.0566701391434883,150.1950935778554
1300,251,101,4.8,5.4,9.43,46.6,206,1,19.9,23,14,200,690,76.92,142.14,179.67,65.33,46.6,9.43,2.43,1.11,289.86,0.7911376279,0.8254183226209497,117.32496037734178
1800,251,101,4.8,5.4,9.43,46.6,206,1,19.9,23,14,200,690,76.92,142.14,97.87,90.45,46.6,9.43,2.43,1.11,289.86,1.452374619,0.5910374274263712,84.0100599343844
2300,251,101,4.8,5.4,9.43,46.6,206,1,19.9,23,14,200,690,76.92,142.14,63.15,115.58,46.6,9.43,2.43,1.11,289.86,2.250889216,0.38386388162970525,54.5624121348463
2800,251,101,4.8,5.4,9.43,46.6,206,1,19.9,23,14,200,690,76.92,142.14,45.16,140.7,46.6,9.43,2.43,1.11,289.86,3.147739219,0.28923428796484657,41.11176169132329
5600,251,101,4.8,5.4,9.43,46.6,206,1,19.9,23,14,200,690,76.92,142.14,16.01,281.41,46.6,9.43,2.43,1.11,289.86,8.878294802,0.1790984566165747,25.457054623479927
3000,229,210,14.5,23.7,4.43,11.1,1150,37,53.8,2100,387,200,690,76.92,793.5,1849.97,55.76,11.1,4.43,0.98,1.63,289.86,0.4289257169,0.930073551433291,738.0133630623163
3500,229,210,14.5,23.7,4.43,11.1,1150,37,53.8,2100,387,200,690,76.92,793.5,1511.5,65.06,11.1,4.43,0.98,1.63,289.86,0.524975433,0.9188035838511961,729.0706437859241
4000,229,210,14.5,23.7,4.43,11.1,1150,37,53.8,2100,387,200,690,76.92,793.5,1278.67,74.35,11.1,4.43,0.98,1.63,289.86,0.620568446,0.8668237006611692,687.8246064746378
4500,229,210,14.5,23.7,4.43,11.1,1150,37,53.8,2100,387,200,690,76.92,793.5,1109.05,83.64,11.1,4.43,0.98,1.63,289.86,0.7154780869,0.8545289818352804,678.0687470862949
5000,229,210,14.5,23.7,4.43,11.1,1150,37,53.8,2100,387,200,690,76.92,793.5,980.03,92.94,11.1,4.43,0.98,1.63,289.86,0.8096711289,0.7672363674540578,608.8020575747948
30000,229,210,14.5,23.7,4.43,11.1,1150,37,53.8,2100,387,200,690,76.92,793.5,150.18,557.62,11.1,4.43,0.98,1.63,289.86,5.283745067,0.2843106209659992,225.60047773652036
4000,222,209,13.0,20.6,5.07,12.4,980,31,53.3,1390,317,200,690,76.92,676.2,983.72,75.05,12.4,5.07,0.96,1.59,289.86,0.6873887722,0.8664756604828336,585.9108416184921
4500,222,209,13.0,20.6,5.07,12.4,980,31,53.3,1390,317,200,690,76.92,676.2,849.49,84.43,12.4,5.07,0.96,1.59,289.86,0.7960063187,0.8448638451775549,571.2969321090626
5000,222,209,13.0,20.6,5.07,12.4,980,31,53.3,1390,317,200,690,76.92,676.2,748.08,93.81,12.4,5.07,0.96,1.59,289.86,0.9039137466,0.7696129441844166,520.4122728575026
5500,222,209,13.0,20.6,5.07,12.4,980,31,53.3,1390,317,200,690,76.92,676.2,668.79,103.19,12.4,5.07,0.96,1.59,289.86,1.011087177,0.7508382127730858,507.7167994771607
6000,222,209,13.0,20.6,5.07,12.4,980,31,53.3,1390,317,200,690,76.92,676.2,605.06,112.57,12.4,5.07,0.96,1.59,289.86,1.117566608,0.7286968029530181,492.7447781568309
30000,222,209,13.0,20.6,5.07,12.4,980,31,53.3,1390,317,200,690,76.92,676.2,112.6,562.85,12.4,5.07,0.96,1.59,289.86,6.005427499,0.2621014395921447,177.23299345220826
2700,216,206,10.2,17.4,5.92,15.9,803,25,52.8,816,250,200,690,76.92,554.07,1238.44,51.14,15.9,5.92,0.96,1.71,289.86,0.4473922228,0.9558154894607817,529.5886882455353
3200,216,206,10.2,17.4,5.92,15.9,803,25,52.8,816,250,200,690,76.92,554.07,963.68,60.61,15.9,5.92,0.96,1.71,289.86,0.5749528329,0.9347835637865556,517.9355291872168
3700,216,206,10.2,17.4,5.92,15.9,803,25,52.8,816,250,200,690,76.92,554.07,786.52,70.08,15.9,5.92,0.96,1.71,289.86,0.7044576999,0.8867459234540634,491.319313808193
4200,216,206,10.2,17.4,5.92,15.9,803,25,52.8,816,250,200,690,76.92,554.07,663.98,79.55,15.9,5.92,0.96,1.71,289.86,0.8344618642,0.8254507177191821,457.35747916666725
4700,216,206,10.2,17.4,5.92,15.9,803,25,52.8,816,250,200,690,76.92,554.07,574.63,89.02,15.9,5.92,0.96,1.71,289.86,0.9642233655,0.8042893106815857,445.6325783693462
35000,216,206,10.2,17.4,5.92,15.9,803,25,52.8,816,250,200,690,76.92,554.07,66.48,662.88,15.9,5.92,0.96,1.71,289.86,8.334367979,0.26462596619150197,146.6213090877255
3000,210,205,9.1,14.2,7.21,17.6,652,20,51.8,466,195,200,690,76.92,449.88,776.93,57.92,17.6,7.21,0.96,1.56,289.86,0.5790471945,0.901164573556907,405.41591835178133
3500,210,205,9.1,14.2,7.21,17.6,652,20,51.8,466,195,200,690,76.92,449.88,616.01,67.57,17.6,7.21,0.96,1.56,289.86,0.7303121657,0.874505995113558,393.42275708168745
4000,210,205,9.1,14.2,7.21,17.6,652,20,51.8,466,195,200,690,76.92,449.88,508.65,77.22,17.6,7.21,0.96,1.56,289.86,0.8844607763,0.8221104913127022,369.8510678317585
4500,210,205,9.1,14.2,7.21,17.6,652,20,51.8,466,195,200,690,76.92,449.88,432.66,86.87,17.6,7.21,0.96,1.56,289.86,1.039803608,0.7878041672299444,354.41733875340736
5000,210,205,9.1,14.2,7.21,17.6,652,20,51.8,466,195,200,690,76.92,449.88,376.36,96.53,17.6,7.21,0.96,1.56,289.86,1.195357917,0.6616387336484388,297.65803349375966
30000,210,205,9.1,14.2,7.21,17.6,652,20,51.8,466,195,200,690,76.92,449.88,52.77,579.15,17.6,7.21,0.96,1.56,289.86,8.524500037,0.25659475978065394,115.4368505301206
2400,206,204,7.9,12.6,8.1,20.5,569,18,51.6,320,166,200,690,76.92,392.61,921.08,46.51,20.5,8.1,0.95,1.6,289.86,0.4262477599,0.9799734974720924,384.7473948425182
2900,206,204,7.9,12.6,8.1,20.5,569,18,51.6,320,166,200,690,76.92,392.61,673.25,56.2,20.5,8.1,0.95,1.6,289.86,0.5831541994,0.8783329368538273,344.84229433818115
3400,206,204,7.9,12.6,8.1,20.5,569,18,51.6,320,166,200,690,76.92,392.61,524.11,65.89,20.5,8.1,0.95,1.6,289.86,0.7490993235,0.8578058405679482,336.7831510653821
3900,206,204,7.9,12.6,8.1,20.5,569,18,51.6,320,166,200,690,76.92,392.61,426.57,75.58,20.5,8.1,0.95,1.6,289.86,0.9203982972,0.8070283769410685,316.84741107083295
4400,206,204,7.9,12.6,8.1,20.5,569,18,51.6,320,166,200,690,76.92,392.61,358.68,85.27,20.5,8.1,0.95,1.6,289.86,1.094595792,0.7774041624112182,305.2166482042684
30000,206,204,7.9,12.6,8.1,20.5,569,18,51.6,320,166,200,690,76.92,392.61,40.79,581.4,20.5,8.1,0.95,1.6,289.86,9.62425741,0.2568851888251344,100.85569398463602
2400,203,203,7.2,11.0,9.19,22.3,498,15,51.3,223,142,200,690,76.92,343.62,772.07,46.78,22.3,9.19,0.95,1.53,289.86,0.4450656324,0.9769591373350184,335.70269877105903
2900,203,203,7.2,11.0,9.19,22.3,498,15,51.3,223,142,200,690,76.92,343.62,559.59,56.53,22.3,9.19,0.95,1.53,289.86,0.6140537201,0.8889479723929227,305.4603022736561
3400,203,203,7.2,11.0,9.19,22.3,498,15,51.3,223,142,200,690,76.92,343.62,432.24,66.28,22.3,9.19,0.95,1.53,289.86,0.7949758748,0.8542848766477179,293.5493693136888
3900,203,203,7.2,11.0,9.19,22.3,498,15,51.3,223,142,200,690,76.92,343.62,349.34,76.02,22.3,9.19,0.95,1.53,289.86,0.9836214052,0.8171690943021254,280.7956441840963
4400,203,203,7.2,11.0,9.19,22.3,498,15,51.3,223,142,200,690,76.92,343.62,291.95,85.77,22.3,9.19,0.95,1.53,289.86,1.176982163,0.7853686164117513,269.868363971406
25000,203,203,7.2,11.0,9.19,22.3,498,15,51.3,223,142,200,690,76.92,343.62,38.33,487.33,22.3,9.19,0.95,1.53,289.86,8.964703002,0.25305071359951287,86.95328620706461
2000,205,166,7.2,11.8,7.03,22.3,446,9,41.1,224,84,200,690,76.92,307.74,669.33,48.66,22.3,7.03,1.16,1.63,289.86,0.4597705343,0.9323310882396849,286.91556909488065
2500,205,166,7.2,11.8,7.03,22.3,446,9,41.1,224,84,200,690,76.92,307.74,462.45,60.83,22.3,7.03,1.16,1.63,289.86,0.6654508381,0.8830592201044783,271.7526443949522
3000,205,166,7.2,11.8,7.03,22.3,446,9,41.1,224,84,200,690,76.92,307.74,347.89,72.99,22.3,7.03,1.16,1.63,289.86,0.8845789997,0.8258158850005407,254.13658045006642
3500,205,166,7.2,11.8,7.03,22.3,446,9,41.1,224,84,200,690,76.92,307.74,277.03,85.16,22.3,7.03,1.16,1.63,289.86,1.11086415,0.7765945010018803,238.98919173831865
4000,205,166,7.2,11.8,7.03,22.3,446,9,41.1,224,84,200,690,76.92,307.74,229.58,97.32,22.3,7.03,1.16,1.63,289.86,1.340449879,0.6279541468256746,193.24660914413312
20000,205,166,7.2,11.8,7.03,22.3,446,9,41.1,224,84,200,690,76.92,307.74,36.73,486.62,22.3,7.03,1.16,1.63,289.86,8.377811376,0.26851439532254623,82.63262001656038
1800,201,165,6.2,10.2,8.12,25.9,379,8,40.9,144,70,200,690,76.92,261.51,652.74,44.01,25.9,8.12,1.16,1.63,289.86,0.4006369327,1.0167691399037493,265.8952977762295
2300,201,165,6.2,10.2,8.12,25.9,379,8,40.9,144,70,200,690,76.92,261.51,425.17,56.23,25.9,8.12,1.16,1.63,289.86,0.6150645607,0.8785348624330386,229.7456518748639
2800,201,165,6.2,10.2,8.12,25.9,379,8,40.9,144,70,200,690,76.92,261.51,306.86,68.46,25.9,8.12,1.16,1.63,289.86,0.8522052022,0.8236665696577181,215.39704463118986
3300,201,165,6.2,10.2,8.12,25.9,379,8,40.9,144,70,200,690,76.92,261.51,236.98,80.68,25.9,8.12,1.16,1.63,289.86,1.103520809,0.7789670999881103,203.70768631789073
3800,201,165,6.2,10.2,8.12,25.9,379,8,40.9,144,70,200,690,76.92,261.51,191.85,92.91,25.9,8.12,1.16,1.63,289.86,1.36306591,0.6409031650542009,167.60258669332407
18000,201,165,6.2,10.2,8.12,25.9,379,8,40.9,144,70,200,690,76.92,261.51,30.27,440.1,25.9,8.12,1.16,1.63,289.86,8.639313491,0.2646274871536385,69.202734165548
1500,210,134,6.4,10.2,6.59,27.5,334,4,32.0,117,41,200,690,76.92,230.46,523.91,46.88,27.5,6.59,1.49,1.6,289.86,0.4398887282,0.979909320570414,225.82990201865763
2000,210,134,6.4,10.2,6.59,27.5,334,4,32.0,117,41,200,690,76.92,230.46,316.89,62.5,27.5,6.59,1.49,1.6,289.86,0.727261269,0.8858498307722034,204.152951999762
2500,210,134,6.4,10.2,6.59,27.5,334,4,32.0,117,41,200,690,76.92,230.46,219.72,78.13,27.5,6.59,1.49,1.6,289.86,1.048865524,0.7888285025090549,181.7934166882368
3000,210,134,6.4,10.2,6.59,27.5,334,4,32.0,117,41,200,690,76.92,230.46,165.82,93.75,27.5,6.59,1.49,1.6,289.86,1.389851979,0.6583004538022501,151.71192258326656
3500,210,134,6.4,10.2,6.59,27.5,334,4,32.0,117,41,200,690,76.92,230.46,132.4,109.38,27.5,6.59,1.49,1.6,289.86,1.740698727,0.5503637347338121,126.83682630675433
13000,210,134,6.4,10.2,6.59,27.5,334,4,32.0,117,41,200,690,76.92,230.46,27.8,406.25,27.5,6.59,1.49,1.6,289.86,8.288567447,0.2564072513087448,59.09161513661333
1500,207,133,5.8,8.4,7.95,29.9,279,3,31.2,72,33,200,690,76.92,192.51,413.96,48.08,29.9,7.95,1.49,1.43,289.86,0.465047817,0.9400489376919067,180.96882099506894
2000,207,133,5.8,8.4,7.95,29.9,279,3,31.2,72,33,200,690,76.92,192.51,246.97,64.1,29.9,7.95,1.49,1.43,289.86,0.7794855284,0.8348037062744068,160.70806149488604
2500,207,133,5.8,8.4,7.95,29.9,279,3,31.2,72,33,200,690,76.92,192.51,168.97,80.13,29.9,7.95,1.49,1.43,289.86,1.139308518,0.7661051429790371,147.48290107489441
3000,207,133,5.8,8.4,7.95,29.9,279,3,31.2,72,33,200,690,76.92,192.51,125.98,96.15,29.9,7.95,1.49,1.43,289.86,1.528057181,0.5698891750139422,109.70936508193401
3500,207,133,5.8,8.4,7.95,29.9,279,3,31.2,72,33,200,690,76.92,192.51,99.54,112.18,29.9,7.95,1.49,1.43,289.86,1.933945403,0.4452667900641584,85.71830975525114
10000,207,133,5.8,8.4,7.95,29.9,279,3,31.2,72,33,200,690,76.92,192.51,26.31,320.51,29.9,7.95,1.49,1.43,289.86,7.31691574,0.21180949003986183,40.7754449275738
1000,206,102,6.2,8.0,6.37,28.1,223,1,22.3,57,14,200,690,76.92,153.87,391.24,44.84,28.1,6.37,1.94,1.29,289.86,0.3932848342,1.031314342045395,158.68833781052493
1500,206,102,6.2,8.0,6.37,28.1,223,1,22.3,57,14,200,690,76.92,153.87,188.27,67.26,28.1,6.37,1.94,1.29,289.86,0.8173031282,0.8329313126349125,128.16314107513398
2000,206,102,6.2,8.0,6.37,28.1,223,1,22.3,57,14,200,690,76.92,153.87,116.28,89.69,28.1,6.37,1.94,1.29,289.86,1.323249511,0.6964369561297078,107.16075443967814
2500,206,102,6.2,8.0,6.37,28.1,223,1,22.3,57,14,200,690,76.92,153.87,82.18,112.11,28.1,6.37,1.94,1.29,289.86,1.87239751,0.4716954158115165,72.57977363091806
3000,206,102,6.2,8.0,6.37,28.1,223,1,22.3,57,14,200,690,76.92,153.87,63.03,134.53,28.1,6.37,1.94,1.29,289.86,2.441207829,0.34068386238584336,52.42102590530972
10000,206,102,6.2,8.0,6.37,28.1,223,1,22.3,57,14,200,690,76.92,153.87,14.97,448.43,28.1,6.37,1.94,1.29,289.86,10.27842646,0.21052121664528492,32.39289960520999
1000,203,102,5.8,6.5,7.84,29.9,187,1,21.4,36,11,200,690,76.92,129.03,307.63,46.73,29.9,7.84,1.93,1.11,289.86,0.4194391464,0.97916904914979,126.3421824117974
1500,203,102,5.8,6.5,7.84,29.9,187,1,21.4,36,11,200,690,76.92,129.03,146.14,70.09,29.9,7.84,1.93,1.11,289.86,0.8829501986,0.8024197658275312,103.53622238472634
2000,203,102,5.8,6.5,7.84,29.9,187,1,21.4,36,11,200,690,76.92,129.03,89.09,93.46,29.9,7.84,1.93,1.11,289.86,1.448367989,0.5842491469278112,75.38566742809547
2500,203,102,5.8,6.5,7.84,29.9,187,1,21.4,36,11,200,690,76.92,129.03,62.22,116.82,29.9,7.84,1.93,1.11,289.86,2.073629613,0.40080160394860764,51.71543095748884
3000,203,102,5.8,6.5,7.84,29.9,187,1,21.4,36,11,200,690,76.92,129.03,47.26,140.19,29.9,7.84,1.93,1.11,289.86,2.730339242,0.3062753199082524,39.518704527761805
7000,203,102,5.8,6.5,7.84,29.9,187,1,21.4,36,11,200,690,76.92,129.03,15.97,327.1,29.9,7.84,1.93,1.11,289.86,8.080398877,0.20892651381684663,26.957788077787722
1000,200,100,4.3,5.2,9.61,40.5,145,1,21.4,18,8,200,690,76.92,100.05,228.68,46.73,40.5,9.61,1.95,1.2,289.86,0.4375023044,0.9719889539097492,97.2474948386704
1500,200,100,4.3,5.2,9.61,40.5,145,1,21.4,18,8,200,690,76.92,100.05,106.4,70.09,40.5,9.61,1.95,1.2,289.86,0.9403198114,0.7674373371366694,76.78210558052378
2000,200,100,4.3,5.2,9.61,40.5,145,1,21.4,18,8,200,690,76.92,100.05,63.41,93.46,40.5,9.61,1.95,1.2,289.86,1.577813468,0.5358943097596122,53.616225691449195
2500,200,100,4.3,5.2,9.61,40.5,145,1,21.4,18,8,200,690,76.92,100.05,43.34,116.82,40.5,9.61,1.95,1.2,289.86,2.308658148,0.3771824753588549,37.737106659653435
3000,200,100,4.3,5.2,9.61,40.5,145,1,21.4,18,8,200,690,76.92,100.05,32.28,140.19,40.5,9.61,1.95,1.2,289.86,3.099527547,0.2913104561389394,29.145611136700886
5700,200,100,4.3,5.2,9.61,40.5,145,1,21.4,18,8,200,690,76.92,100.05,13.01,266.36,40.5,9.61,1.95,1.2,289.86,7.690631704,0.17815353314624102,17.824260991281413
2000,162,154,8.1,11.5,6.68,15.5,310,7,38.6,192,40,200,690,76.92,213.9,457.13,51.81,15.5,6.68,0.98,1.42,289.86,0.4679190979,0.9458703404825735,202.32166582922247
2500,162,154,8.1,11.5,6.68,15.5,310,7,38.6,192,40,200,690,76.92,213.9,325.75,64.77,15.5,6.68,0.98,1.42,289.86,0.6566439003,0.9067664750726402,193.95734901803775
3000,162,154,8.1,11.5,6.68,15.5,310,7,38.6,192,40,200,690,76.92,213.9,251.53,77.72,15.5,6.68,0.98,1.42,289.86,0.8504030163,0.8304528575814051,177.63386623666256
3500,162,154,8.1,11.5,6.68,15.5,310,7,38.6,192,40,200,690,76.92,213.9,204.61,90.67,15.5,6.68,0.98,1.42,289.86,1.045415147,0.7903365487751665,169.05298778300812
4000,162,154,8.1,11.5,6.68,15.5,310,7,38.6,192,40,200,690,76.92,213.9,172.51,103.63,15.5,6.68,0.98,1.42,289.86,1.239961736,0.6754467190222573,144.47805319886083
20000,162,154,8.1,11.5,6.68,15.5,310,7,38.6,192,40,200,690,76.92,213.9,30.04,518.13,15.5,6.68,0.98,1.42,289.86,7.120003422,0.255262722595218,54.60069636311713
1900,157,153,6.6,9.3,8.25,19.1,246,6,38.1,100,30,200,690,76.92,169.74,355.07,49.87,19.1,8.25,0.97,1.4,289.86,0.478043515,0.9195591024497711,156.08596204982416
2400,157,153,6.6,9.3,8.25,19.1,246,6,38.1,100,30,200,690,76.92,169.74,242.63,62.99,19.1,8.25,0.97,1.4,289.86,0.6995916316,0.8749058939811795,148.50652644436542
2900,157,153,6.6,9.3,8.25,19.1,246,6,38.1,100,30,200,690,76.92,169.74,181.71,76.12,19.1,8.25,0.97,1.4,289.86,0.93414038,0.8230936088849408,139.71190917212985
3400,157,153,6.6,9.3,8.25,19.1,246,6,38.1,100,30,200,690,76.92,169.74,144.48,89.24,19.1,8.25,0.97,1.4,289.86,1.174832443,0.771342201000103,130.9276251977575
3900,157,153,6.6,9.3,8.25,19.1,246,6,38.1,100,30,200,690,76.92,169.74,119.72,102.36,19.1,8.25,0.97,1.4,289.86,1.417788908,0.6176056917305786,104.83239011434841
20000,157,153,6.6,9.3,8.25,19.1,246,6,38.1,100,30,200,690,76.92,169.74,19.17,524.93,19.1,8.25,0.97,1.4,289.86,8.853733569,0.2529395565827974,42.93396033436403
1750,152,152,5.8,6.6,11.5,21.6,177,4,36.8,42,21,200,690,76.92,122.13,265.66,47.55,21.6,11.5,0.96,1.13,289.86,0.4597306087,0.9519816964909276,116.26552459243698
2250,152,152,5.8,6.6,11.5,21.6,177,4,36.8,42,21,200,690,76.92,122.13,170.7,61.14,21.6,11.5,0.96,1.13,289.86,0.71544891,0.8837821667956781,107.93631603075616
2750,152,152,5.8,6.6,11.5,21.6,177,4,36.8,42,21,200,690,76.92,122.13,122.12,74.73,21.6,11.5,0.96,1.13,289.86,1.00004185,0.8112069686304104,99.07270707883202
3250,152,152,5.8,6.6,11.5,21.6,177,4,36.8,42,21,200,690,76.92,122.13,93.74,88.32,21.6,11.5,0.96,1.13,289.86,1.302848986,0.7552826482530957,92.24266983115056
3750,152,152,5.8,6.6,11.5,21.6,177,4,36.8,42,21,200,690,76.92,122.13,75.56,101.9,21.6,11.5,0.96,1.13,289.86,1.616365848,0.6045485849461133,73.83351867946881
15000,152,152,5.8,6.6,11.5,21.6,177,4,36.8,42,21,200,690,76.92,122.13,14.11,407.61,21.6,11.5,0.96,1.13,289.86,8.652550577,0.25237844844604457,30.82297990871542
1000,160,102,6.6,10.2,4.98,19.1,192,2,24.6,93,10,200,690,76.92,132.48,413.79,40.65,19.1,4.98,1.47,1.55,289.86,0.3201661085,1.0335296082196637,136.92200249694102
1500,160,102,6.6,10.2,4.98,19.1,192,2,24.6,93,10,200,690,76.92,132.48,211.68,60.98,19.1,4.98,1.47,1.55,289.86,0.6258607331,0.9165039107129119,121.41843809124656
2000,160,102,6.6,10.2,4.98,19.1,192,2,24.6,93,10,200,690,76.92,132.48,138.0,81.3,19.1,4.98,1.47,1.55,289.86,0.9600082347,0.8077480507078286,107.01046175777313
2500,160,102,6.6,10.2,4.98,19.1,192,2,24.6,93,10,200,690,76.92,132.48,101.8,101.63,19.1,4.98,1.47,1.55,289.86,1.301383057,0.6517178543917123,86.33958134981404
3000,160,102,6.6,10.2,4.98,19.1,192,2,24.6,93,10,200,690,76.92,132.48,80.67,121.95,19.1,4.98,1.47,1.55,289.86,1.642173236,0.4979109972226611,65.96324891205813
10000,160,102,6.6,10.2,4.98,19.1,192,2,24.6,93,10,200,690,76.92,132.48,21.39,406.5,19.1,4.98,1.47,1.55,289.86,6.193036665,0.25737701417998443,34.097306838564336
1200,153,102,5.8,7.1,7.14,21.6,136,1,23.3,38,7,200,690,76.92,93.84,186.94,51.5,21.6,7.14,1.43,1.22,289.86,0.5019745958,0.9203589123191263,86.36648033202681
1700,153,102,5.8,7.1,7.14,21.6,136,1,23.3,38,7,200,690,76.92,93.84,103.85,72.96,21.6,7.14,1.43,1.22,289.86,0.9035775193,0.8263722453230624,77.54677150111618
2200,153,102,5.8,7.1,7.14,21.6,136,1,23.3,38,7,200,690,76.92,93.84,69.69,94.42,21.6,7.14,1.43,1.22,289.86,1.346522124,0.6570100763967143,61.65382556906767
2700,153,102,5.8,7.1,7.14,21.6,136,1,23.3,38,7,200,690,76.92,93.84,51.97,115.88,21.6,7.14,1.43,1.22,289.86,1.805642622,0.49566012740224874,46.512746355427026
3200,153,102,5.8,7.1,7.14,21.6,136,1,23.3,38,7,200,690,76.92,93.84,41.36,137.34,21.6,7.14,1.43,1.22,289.86,2.268839023,0.3766756254525493,35.347240692467224
10000,153,102,5.8,7.1,7.14,21.6,136,1,23.3,38,7,200,690,76.92,93.84,11.27,429.18,21.6,7.14,1.43,1.22,289.86,8.327373136,0.256737134475874,24.092212699216017
1100,150,100,4.3,5.5,9.16,29.2,102,1,23.0,17,5,200,690,76.92,70.38,152.33,47.83,29.2,9.16,1.45,1.26,289.86,0.4620182745,0.9422936409829499,66.31862645238
1600,150,100,4.3,5.5,9.16,29.2,102,1,23.0,17,5,200,690,76.92,70.38,77.56,69.57,29.2,9.16,1.45,1.26,289.86,0.907467739,0.7991014373333303,56.24075915951978
2100,150,100,4.3,5.5,9.16,29.2,102,1,23.0,17,5,200,690,76.92,70.38,49.1,91.3,29.2,9.16,1.45,1.26,289.86,1.433450359,0.638352458190032,44.927246007414446
2600,150,100,4.3,5.5,9.16,29.2,102,1,23.0,17,5,200,690,76.92,70.38,35.12,113.04,29.2,9.16,1.45,1.26,289.86,2.00402569,0.4451740013910787,31.331346217904116
3100,150,100,4.3,5.5,9.16,29.2,102,1,23.0,17,5,200,690,76.92,70.38,27.11,134.78,29.2,9.16,1.45,1.26,289.86,2.596400002,0.3375479216213381,23.756622723709775
8000,150,100,4.3,5.5,9.16,29.2,102,1,23.0,17,5,200,690,76.92,70.38,8.37,347.83,29.2,9.16,1.45,1.26,289.86,8.404167852,0.21210323437204068,14.927825635104222
1000,148,100,4.3,5.0,10.1,29.1,94,1,22.6,14,4,200,690,76.92,64.791,162.71,44.25,29.1,10.1,1.43,1.15,289.86,0.3982046887,1.0225925141595147,66.25479158490911
1500,148,100,4.3,5.0,10.1,29.1,94,1,22.6,14,4,200,690,76.92,64.791,77.27,66.37,29.1,10.1,1.43,1.15,289.86,0.8385549325,0.8178165053392688,52.98714919743656
2000,148,100,4.3,5.0,10.1,29.1,94,1,22.6,14,4,200,690,76.92,64.791,47.08,88.5,29.1,10.1,1.43,1.15,289.86,1.376065462,0.6799939038876287,44.05748502678335
2500,148,100,4.3,5.0,10.1,29.1,94,1,22.6,14,4,200,690,76.92,64.791,32.88,110.62,29.1,10.1,1.43,1.15,289.86,1.970802004,0.44225906245997926,28.654406915844515
3000,148,100,4.3,5.0,10.1,29.1,94,1,22.6,14,4,200,690,76.92,64.791,24.96,132.74,29.1,10.1,1.43,1.15,289.86,2.595724502,0.35127488910189947,22.759451339801167
8000,148,100,4.3,5.0,10.1,29.1,94,1,22.6,14,4,200,690,76.92,64.791,7.25,353.98,29.1,10.1,1.43,1.15,289.86,8.93431043,0.21210323437204068,13.742380658198886
1800,131,128,6.9,10.9,5.85,13.7,190,4,32.5,132,14,200,690,76.92,131.1,271.11,55.38,13.7,5.85,0.94,1.59,289.86,0.483565856,0.9320026754215647,122.18555074776712
2300,131,128,6.9,10.9,5.85,13.7,190,4,32.5,132,14,200,690,76.92,131.1,192.74,70.77,13.7,5.85,0.94,1.59,289.86,0.6802054889,0.9059695128997163,118.7726031411528
2800,131,128,6.9,10.9,5.85,13.7,190,4,32.5,132,14,200,690,76.92,131.1,149.45,86.15,13.7,5.85,0.94,1.59,289.86,0.8772257832,0.8402705202348257,110.15946520278565
3300,131,128,6.9,10.9,5.85,13.7,190,4,32.5,132,14,200,690,76.92,131.1,122.22,101.54,13.7,5.85,0.94,1.59,289.86,1.072663769,0.7593998701670903,99.55732297890553
3800,131,128,6.9,10.9,5.85,13.7,190,4,32.5,132,14,200,690,76.92,131.1,103.54,116.92,13.7,5.85,0.94,1.59,289.86,1.266151076,0.6809153496844675,89.2680023436337
25000,131,128,6.9,10.9,5.85,13.7,190,4,32.5,132,14,200,690,76.92,131.1,14.49,769.23,13.7,5.85,0.94,1.59,289.86,9.046385028,0.2610627363960841,34.22532474152663
1500,127,127,6.1,9.1,6.94,15.4,158,3,32.0,80,11,200,690,76.92,109.02,272.08,46.88,15.4,6.94,0.93,1.5,289.86,0.4006981076,0.9724983491740157,106.02177002695119
2000,127,127,6.1,9.1,6.94,15.4,158,3,32.0,80,11,200,690,76.92,109.02,174.78,62.5,15.4,6.94,0.93,1.5,289.86,0.6237408951,0.9094293250322959,99.1459850150209
2500,127,127,6.1,9.1,6.94,15.4,158,3,32.0,80,11,200,690,76.92,109.02,127.54,78.13,15.4,6.94,0.93,1.5,289.86,0.8547856898,0.8294631059597931,90.42806781173664
3000,127,127,6.1,9.1,6.94,15.4,158,3,32.0,80,11,200,690,76.92,109.02,100.28,93.75,15.4,6.94,0.93,1.5,289.86,1.087102423,0.7362255628210765,80.26331085875375
3500,127,127,6.1,9.1,6.94,15.4,158,3,32.0,80,11,200,690,76.92,109.02,82.7,109.38,15.4,6.94,0.93,1.5,289.86,1.318199912,0.6576898777473508,71.70135047201617
20000,127,127,6.1,9.1,6.94,15.4,158,3,32.0,80,11,200,690,76.92,109.02,12.82,625.0,15.4,6.94,0.93,1.5,289.86,8.504190086,0.24695640032276078,26.92318676318738
1200,106,103,7.1,8.8,5.88,10.6,103,2,25.4,63,4,200,690,76.92,71.07,194.54,47.24,10.6,5.88,0.94,1.23,289.86,0.3653237618,0.9465086772120411,67.26837168945976
1700,106,103,7.1,8.8,5.88,10.6,103,2,25.4,63,4,200,690,76.92,71.07,118.23,66.93,10.6,5.88,0.94,1.23,289.86,0.6011392605,0.9172709998241455,65.19044995750201
2200,106,103,7.1,8.8,5.88,10.6,103,2,25.4,63,4,200,690,76.92,71.07,84.74,86.61,10.6,5.88,0.94,1.23,289.86,0.8387324575,0.8405204148999499,59.73578588693943
2700,106,103,7.1,8.8,5.88,10.6,103,2,25.4,63,4,200,690,76.92,71.07,66.19,106.3,10.6,5.88,0.94,1.23,289.86,1.073688894,0.7559047925298036,53.72215360509313
3200,106,103,7.1,8.8,5.88,10.6,103,2,25.4,63,4,200,690,76.92,71.07,54.43,125.98,10.6,5.88,0.94,1.23,289.86,1.305633664,0.6794215949428739,48.28649275259004
20000,106,103,7.1,8.8,5.88,10.6,103,2,25.4,63,4,200,690,76.92,71.07,8.14,787.4,10.6,5.88,0.94,1.23,289.86,8.733360806,0.2697381787241255,19.170292361923597
